id_estudiante,carrera,semestre,turno,edad,genero,promedio_anterior,porcentaje_asistencia,materias_reprobadas_previas,creditos_inscritos,participa_tutorias,beca,trabaja,horas_trabajo_semana,distancia_km,acceso_internet,uso_plataforma_semana,entregas_tareas_pct,reinscripcion_tardia,indice_socioeconomico,riesgo_academico,deserto,reprobo
EST00001,Ingeniería Industrial,1,Vespertino,20,F,80.0,88.0,1,35,No,Sí,Medio tiempo,27,12.3,Sí,7,60.4,Sí,1,Bajo,0,0
EST00002,Licenciatura en Administración,5,Matutino,22,F,77.8,81.7,0,30,Sí,Sí,No trabaja,0,18.9,Sí,4,91.3,No,5,Bajo,0,0
EST00003,Ingeniería en Sistemas Computacionales,4,Vespertino,25,F,71.7,89.0,4,20,No,No,No trabaja,0,7.9,Sí,2,59.1,No,2,Medio,0,0
EST00004,Ingeniería Civil,6,Matutino,22,M,79.0,77.9,0,32,Sí,Sí,No trabaja,0,10.5,No,2,71.8,No,5,Bajo,0,0
EST00005,Ingeniería Civil,3,Vespertino,21,F,86.1,87.8,6,34,Sí,Sí,No trabaja,0,10.0,Sí,10,79.1,No,5,Bajo,0,0
EST00006,Licenciatura en Administración,2,Vespertino,18,M,78.8,66.4,0,34,No,No,Tiempo completo,35,11.6,Sí,9,71.2,No,3,Medio,0,1
EST00007,Ingeniería en Sistemas Computacionales,4,Matutino,23,F,76.5,72.8,5,35,No,No,Tiempo completo,47,12.5,Sí,11,75.7,No,4,Alto,1,1
EST00008,Ingeniería Industrial,4,Matutino,21,F,77.8,85.0,1,26,No,Sí,Medio tiempo,10,9.5,Sí,3,43.4,No,2,Medio,0,0
EST00009,Contador Público,4,Matutino,23,M,87.3,90.0,0,24,Sí,No,No trabaja,0,12.6,Sí,10,72.0,No,1,Bajo,0,0
EST00010,Ingeniería Industrial,1,Matutino,25,F,82.4,80.5,0,30,Sí,No,No trabaja,0,6.3,Sí,12,84.5,No,4,Bajo,0,0
EST00011,Ingeniería en Gestión Empresarial,3,Matutino,19,F,90.6,100,0,20,No,Sí,Medio tiempo,11,24.1,Sí,8,100,No,5,Bajo,0,0
EST00012,Contador Público,10,Vespertino,24,M,58.0,90.1,4,32,No,No,No trabaja,0,7.4,Sí,9,87.5,No,3,Medio,1,0
EST00013,Ingeniería Industrial,4,Vespertino,20,M,81.8,74.7,0,21,No,Sí,Medio tiempo,26,15.3,Sí,2,64.2,No,3,Medio,0,1
EST00014,Ingeniería en Gestión Empresarial,5,Matutino,23,M,83.1,93.2,2,35,Sí,Sí,No trabaja,0,12.5,Sí,4,56.5,No,3,Bajo,0,1
EST00015,Ingeniería Electromecánica,6,Matutino,23,F,87.1,81.3,0,23,No,No,Medio tiempo,21,6.6,No,12,88.4,No,4,Bajo,0,0
EST00016,Contador Público,4,Vespertino,23,M,59.9,86.2,1,20,No,Sí,Tiempo completo,45,16.8,Sí,4,64.3,No,4,Alto,1,1
EST00017,Ingeniería Electromecánica,3,Vespertino,23,M,62.3,92.7,1,29,No,No,Medio tiempo,20,10.9,No,10,99.2,No,1,Bajo,0,0
EST00018,Ingeniería Electromecánica,7,Vespertino,20,F,69.1,78.4,1,24,No,No,No trabaja,0,11.9,Sí,9,72.3,No,2,Bajo,0,0
EST00019,Ingeniería Mecatrónica,2,Vespertino,17,M,79.0,90.6,0,25,No,No,No trabaja,0,8.2,Sí,9,85.2,No,3,Bajo,0,0
EST00020,Contador Público,8,Vespertino,22,F,58.2,77.3,2,32,No,No,Tiempo completo,33,17.8,Sí,11,84.2,No,5,Medio,1,0
EST00021,Ingeniería en Gestión Empresarial,5,Matutino,22,M,73.8,92.7,0,25,No,No,Medio tiempo,18,4.9,Sí,2,68.5,No,2,Bajo,0,0
EST00022,Contador Público,7,Matutino,24,M,91.5,64.3,0,35,No,No,No trabaja,0,1.0,Sí,14,83.8,No,4,Bajo,1,0
EST00023,Contador Público,3,Vespertino,26,F,80.3,84.7,0,28,Sí,No,Tiempo completo,48,0.8,Sí,14,56.2,No,4,Medio,1,1
EST00024,Ingeniería en Sistemas Computacionales,6,Matutino,19,F,77.3,95.3,4,32,No,Sí,Medio tiempo,17,0.5,Sí,12,69.0,No,2,Medio,0,0
EST00025,Ingeniería Mecatrónica,5,Matutino,17,M,86.0,94.3,1,21,No,No,No trabaja,0,2.5,Sí,11,73.5,No,2,Bajo,0,0
EST00026,Contador Público,8,Matutino,20,M,62.9,69.1,4,31,No,Sí,Medio tiempo,23,11.3,Sí,9,78.8,No,3,Alto,1,0
EST00027,Ingeniería Civil,8,Vespertino,21,M,75.8,97.2,3,35,Sí,Sí,No trabaja,0,15.0,Sí,3,88.3,No,3,Bajo,0,0
EST00028,Ingeniería en Gestión Empresarial,8,Matutino,24,F,61.1,100,2,32,Sí,No,No trabaja,0,11.3,Sí,4,84.7,No,5,Medio,0,0
EST00029,Ingeniería Mecatrónica,4,Matutino,21,M,83.7,73.3,1,22,No,Sí,Tiempo completo,36,4.2,Sí,12,46.6,No,3,Medio,0,1
EST00030,Ingeniería en Sistemas Computacionales,5,Vespertino,22,M,84.9,61.4,0,35,No,No,No trabaja,0,10.4,Sí,9,66.0,No,2,Bajo,0,0
EST00031,Ingeniería Electromecánica,10,Vespertino,22,F,75.7,75.0,0,25,Sí,No,Tiempo completo,36,16.9,Sí,4,69.7,No,1,Bajo,0,0
EST00032,Ingeniería Civil,7,Matutino,19,M,77.9,71.0,0,21,No,Sí,Medio tiempo,12,6.6,Sí,4,71.6,No,5,Bajo,0,1
EST00033,Ingeniería en Sistemas Computacionales,7,Vespertino,22,F,59.6,67.5,1,23,No,No,Tiempo completo,48,8.2,Sí,6,67.6,No,3,Medio,1,0
EST00034,Ingeniería Mecatrónica,6,Vespertino,21,M,67.4,100,0,35,No,Sí,Medio tiempo,27,4.4,Sí,0,71.5,No,3,Bajo,0,1
EST00035,Ingeniería Mecatrónica,5,Vespertino,23,F,60.6,74.3,1,33,No,No,Tiempo completo,37,4.3,Sí,4,62.0,No,1,Alto,1,1
EST00036,Contador Público,4,Matutino,22,M,73.1,92.2,6,33,No,No,No trabaja,0,5.4,Sí,7,69.5,No,1,Medio,0,1
EST00037,Licenciatura en Administración,4,Matutino,19,M,68.0,93.7,3,33,No,No,No trabaja,0,7.1,Sí,2,46.6,No,4,Medio,0,0
EST00038,Ingeniería en Gestión Empresarial,1,Matutino,17,F,73.4,70.4,3,35,No,No,No trabaja,0,13.7,Sí,5,61.5,No,5,Medio,0,0
EST00039,Ingeniería Civil,5,Matutino,21,F,91.2,89.1,0,22,Sí,No,Medio tiempo,13,2.6,Sí,12,78.3,No,1,Bajo,0,0
EST00040,Ingeniería Civil,8,Matutino,23,M,75.7,73.5,0,36,Sí,Sí,No trabaja,0,17.5,Sí,6,76.3,No,3,Bajo,0,0
EST00041,Ingeniería Industrial,4,Vespertino,18,M,61.5,77.9,2,27,No,No,No trabaja,0,5.6,Sí,3,57.4,No,1,Medio,0,0
EST00042,Ingeniería Mecatrónica,2,Matutino,19,M,80.2,88.8,1,29,No,No,Medio tiempo,12,15.0,Sí,18,87.2,No,4,Bajo,0,0
EST00043,Licenciatura en Administración,2,Vespertino,21,F,80.3,83.5,0,26,No,No,Tiempo completo,42,8.2,Sí,13,65.6,No,3,Bajo,0,0
EST00044,Licenciatura en Administración,10,Matutino,21,M,77.4,70.0,0,32,No,No,Tiempo completo,39,2.2,Sí,11,69.1,No,1,Bajo,0,0
EST00045,Ingeniería en Gestión Empresarial,10,Vespertino,25,M,89.1,92.9,1,29,Sí,No,No trabaja,0,7.2,Sí,7,100,No,3,Bajo,0,0
EST00046,Ingeniería en Sistemas Computacionales,1,Vespertino,20,F,76.4,77.3,2,18,Sí,No,No trabaja,0,12.1,Sí,2,83.4,Sí,2,Bajo,0,1
EST00047,Licenciatura en Administración,4,Vespertino,23,F,79.9,72.2,0,34,Sí,Sí,Medio tiempo,26,9.5,Sí,9,100,No,4,Bajo,0,0
EST00048,Ingeniería en Sistemas Computacionales,1,Vespertino,21,F,74.3,89.1,1,36,No,No,No trabaja,0,3.8,Sí,5,68.2,No,1,Bajo,0,0
EST00049,Ingeniería Industrial,9,Matutino,18,M,73.0,92.0,4,33,Sí,No,No trabaja,0,14.3,Sí,13,94.8,No,1,Bajo,0,1
EST00050,Ingeniería en Sistemas Computacionales,10,Vespertino,22,M,81.7,82.8,3,29,No,No,Tiempo completo,31,3.6,Sí,5,85.9,No,3,Medio,0,0
EST00051,Ingeniería en Sistemas Computacionales,10,Vespertino,25,M,68.4,69.0,1,30,No,Sí,Tiempo completo,41,9.9,Sí,5,83.4,No,5,Medio,0,0
EST00052,Ingeniería Mecatrónica,3,Matutino,20,M,85.2,91.0,0,36,No,No,No trabaja,0,4.8,Sí,14,95.5,No,5,Bajo,1,0
EST00053,Ingeniería Civil,3,Vespertino,20,M,56.7,84.0,0,31,Sí,Sí,Medio tiempo,15,11.9,Sí,14,92.7,No,2,Bajo,0,0
EST00054,Ingeniería Electromecánica,2,Vespertino,22,M,68.3,88.0,4,25,Sí,Sí,Medio tiempo,21,9.7,Sí,2,86.3,No,2,Medio,0,1
EST00055,Ingeniería Mecatrónica,4,Matutino,22,F,66.7,86.9,2,28,Sí,Sí,Medio tiempo,12,12.2,Sí,1,46.6,No,4,Medio,0,1
EST00056,Ingeniería en Gestión Empresarial,8,Matutino,26,F,58.4,72.0,2,32,No,No,Medio tiempo,12,13.0,Sí,9,74.9,No,4,Medio,1,1
EST00057,Ingeniería Industrial,6,Matutino,20,F,72.9,89.8,0,28,No,No,Medio tiempo,24,8.9,Sí,0,78.3,Sí,3,Bajo,0,0
EST00058,Ingeniería Mecatrónica,6,Matutino,21,M,58.2,70.7,1,22,No,No,No trabaja,0,7.4,Sí,13,100,No,2,Bajo,1,0
EST00059,Licenciatura en Administración,1,Vespertino,18,M,79.4,78.6,0,22,No,Sí,Tiempo completo,45,22.7,No,2,71.5,No,2,Medio,0,1
EST00060,Ingeniería Civil,8,Vespertino,22,F,58.3,100,2,30,No,No,Medio tiempo,19,0.5,Sí,6,100,No,2,Bajo,0,0
EST00061,Ingeniería en Gestión Empresarial,6,Matutino,21,F,83.8,92.6,4,25,No,No,No trabaja,0,2.0,Sí,18,95.1,No,5,Bajo,0,0
EST00062,Ingeniería Industrial,6,Matutino,27,M,71.5,78.8,0,18,No,Sí,Medio tiempo,14,11.4,No,0,67.5,No,4,Medio,0,1
EST00063,Ingeniería Electromecánica,4,Vespertino,22,M,88.8,85.2,0,22,Sí,No,No trabaja,0,12.1,Sí,6,71.0,No,5,Bajo,0,0
EST00064,Licenciatura en Administración,2,Matutino,18,M,58.6,87.3,0,29,No,No,Tiempo completo,38,13.3,Sí,13,57.8,No,1,Medio,0,1
EST00065,Ingeniería Mecatrónica,2,Vespertino,22,F,68.3,77.5,3,28,Sí,No,Tiempo completo,40,9.9,Sí,12,54.0,No,5,Alto,1,0
EST00066,Ingeniería en Gestión Empresarial,8,Vespertino,25,F,64.4,81.5,2,23,No,No,Medio tiempo,12,5.7,No,5,60.7,No,2,Alto,0,1
EST00067,Ingeniería en Sistemas Computacionales,2,Vespertino,18,F,73.4,72.3,1,22,No,No,Tiempo completo,34,17.2,Sí,5,58.5,No,4,Alto,1,1
EST00068,Ingeniería Civil,2,Matutino,20,M,73.3,85.4,0,22,No,Sí,Tiempo completo,33,2.0,Sí,7,82.4,No,4,Bajo,0,0
EST00069,Licenciatura en Administración,2,Vespertino,24,F,72.1,95.6,1,35,Sí,Sí,Medio tiempo,26,1.6,No,14,92.3,No,2,Bajo,0,0
EST00070,Contador Público,10,Matutino,24,F,74.4,79.1,5,31,No,No,No trabaja,0,12.7,Sí,13,88.8,Sí,5,Medio,1,1
EST00071,Ingeniería Civil,6,Vespertino,23,M,70.4,73.6,1,23,No,Sí,No trabaja,0,5.2,Sí,11,92.4,No,5,Bajo,1,0
EST00072,Ingeniería Industrial,1,Vespertino,18,M,73.2,77.4,0,30,Sí,No,Medio tiempo,10,0.7,Sí,1,66.8,No,3,Bajo,0,1
EST00073,Licenciatura en Administración,6,Vespertino,23,F,75.1,86.5,3,31,Sí,No,No trabaja,0,13.2,Sí,13,100,No,2,Bajo,0,0
EST00074,Ingeniería Mecatrónica,8,Vespertino,20,F,78.6,93.1,1,33,Sí,No,No trabaja,0,9.0,Sí,0,73.7,No,2,Bajo,0,0
EST00075,Contador Público,1,Matutino,19,M,76.1,79.4,5,30,No,No,No trabaja,0,12.8,Sí,5,69.5,Sí,5,Alto,0,1
EST00076,Ingeniería en Sistemas Computacionales,1,Matutino,21,M,64.6,96.2,3,36,Sí,Sí,No trabaja,0,13.1,No,13,65.8,No,2,Medio,0,1
EST00077,Licenciatura en Administración,2,Vespertino,17,F,65.3,76.5,2,34,No,No,Medio tiempo,18,3.6,Sí,9,84.1,No,5,Medio,0,0
EST00078,Ingeniería Industrial,4,Matutino,19,M,88.2,72.3,0,22,No,No,Medio tiempo,23,11.3,Sí,8,72.6,No,4,Bajo,0,1
EST00079,Licenciatura en Administración,9,Vespertino,21,M,81.8,100,0,27,No,No,Medio tiempo,16,0.5,Sí,16,76.7,No,3,Bajo,0,0
EST00080,Ingeniería Industrial,10,Vespertino,25,M,64.3,86.5,2,22,Sí,Sí,Tiempo completo,34,5.3,Sí,11,65.4,No,1,Medio,0,1
EST00081,Contador Público,6,Vespertino,25,F,60.0,67.9,1,35,No,No,Tiempo completo,35,15.1,No,13,100,No,4,Medio,1,0
EST00082,Contador Público,8,Matutino,27,M,72.2,100,1,33,No,Sí,Tiempo completo,30,3.0,Sí,2,81.4,Sí,3,Bajo,0,0
EST00083,Ingeniería Electromecánica,3,Matutino,20,F,69.5,83.6,1,33,Sí,No,No trabaja,0,0.5,No,3,83.3,No,4,Bajo,0,0
EST00084,Ingeniería en Sistemas Computacionales,5,Vespertino,21,F,73.3,70.7,4,29,No,Sí,No trabaja,0,7.0,Sí,3,84.8,No,3,Medio,0,0
EST00085,Ingeniería en Gestión Empresarial,9,Matutino,23,F,90.9,96.2,3,24,No,No,Medio tiempo,26,0.5,Sí,5,74.0,Sí,5,Medio,0,0
EST00086,Ingeniería Industrial,9,Vespertino,24,M,76.5,74.1,2,24,No,Sí,No trabaja,0,2.8,Sí,0,49.3,Sí,3,Alto,0,0
EST00087,Ingeniería en Gestión Empresarial,1,Vespertino,17,M,68.3,94.7,2,29,Sí,No,No trabaja,0,14.6,Sí,8,76.3,No,4,Bajo,0,0
EST00088,Ingeniería Electromecánica,8,Vespertino,18,F,87.5,87.0,4,18,Sí,Sí,No trabaja,0,6.8,Sí,3,54.6,No,1,Bajo,0,1
EST00089,Ingeniería en Gestión Empresarial,4,Matutino,21,F,72.9,96.3,1,28,Sí,Sí,No trabaja,0,0.5,Sí,14,94.8,No,5,Bajo,0,1
EST00090,Ingeniería Mecatrónica,7,Vespertino,24,M,67.2,95.7,2,27,No,No,Medio tiempo,20,10.6,Sí,2,79.0,No,3,Bajo,0,1
EST00091,Ingeniería Civil,5,Matutino,21,M,73.0,98.9,3,24,No,No,Medio tiempo,12,11.1,Sí,9,79.1,No,1,Bajo,0,0
EST00092,Ingeniería en Sistemas Computacionales,4,Matutino,22,M,72.7,66.8,0,34,No,No,Tiempo completo,36,8.3,Sí,7,100,No,3,Medio,0,1
EST00093,Contador Público,1,Matutino,20,M,83.3,73.8,1,28,Sí,Sí,No trabaja,0,7.9,Sí,13,59.6,No,5,Bajo,0,0
EST00094,Licenciatura en Administración,3,Matutino,20,F,61.3,94.1,2,24,No,No,Medio tiempo,12,2.2,Sí,5,100,No,1,Bajo,0,0
EST00095,Ingeniería en Sistemas Computacionales,1,Vespertino,23,M,84.8,63.4,0,21,No,Sí,Medio tiempo,19,9.5,Sí,3,72.0,No,4,Medio,0,0
EST00096,Contador Público,8,Matutino,24,F,65.3,86.1,2,33,No,Sí,Medio tiempo,11,8.7,Sí,10,85.9,No,5,Bajo,1,0
EST00097,Ingeniería en Sistemas Computacionales,4,Matutino,24,M,87.3,76.4,0,28,Sí,No,No trabaja,0,3.6,Sí,3,46.9,No,3,Bajo,0,0
EST00098,Ingeniería Civil,10,Vespertino,22,M,52.4,83.9,0,28,No,No,Medio tiempo,14,2.3,Sí,9,95.5,No,1,Bajo,1,0
EST00099,Ingeniería en Gestión Empresarial,8,Matutino,19,M,76.1,87.9,0,30,No,No,No trabaja,0,20.2,Sí,10,89.9,No,5,Bajo,0,0
EST00100,Ingeniería en Gestión Empresarial,6,Vespertino,22,M,84.3,90.8,2,30,Sí,No,No trabaja,0,10.5,Sí,11,86.1,No,1,Bajo,0,0
EST00101,Ingeniería Mecatrónica,7,Matutino,23,M,74.4,84.4,0,25,No,Sí,No trabaja,0,12.9,Sí,7,74.3,Sí,3,Bajo,0,0
EST00102,Licenciatura en Administración,10,Vespertino,24,M,83.2,90.6,4,24,No,No,No trabaja,0,3.9,Sí,7,93.4,No,5,Bajo,0,0
EST00103,Ingeniería Civil,6,Vespertino,21,M,84.6,96.3,2,24,No,No,No trabaja,0,19.3,Sí,6,92.5,No,5,Bajo,0,0
EST00104,Ingeniería Civil,5,Matutino,20,F,57.8,83.1,2,29,No,No,No trabaja,0,0.5,Sí,12,62.6,Sí,5,Medio,0,0
EST00105,Licenciatura en Administración,3,Matutino,18,M,72.2,78.3,0,29,No,No,Tiempo completo,40,5.7,Sí,12,68.8,No,1,Bajo,0,0
EST00106,Ingeniería Industrial,2,Matutino,19,F,74.8,91.7,2,21,Sí,No,Medio tiempo,21,13.5,Sí,5,69.4,No,4,Bajo,0,0
EST00107,Ingeniería Mecatrónica,9,Matutino,22,M,66.3,94.0,5,36,No,No,No trabaja,0,14.5,Sí,0,63.8,No,4,Medio,1,1
EST00108,Ingeniería Mecatrónica,6,Vespertino,22,M,84.3,90.1,1,23,No,No,Medio tiempo,20,11.8,Sí,15,98.3,No,5,Bajo,0,0
EST00109,Ingeniería Industrial,3,Vespertino,20,M,73.5,70.5,6,35,Sí,No,Medio tiempo,28,2.3,Sí,4,89.7,No,5,Alto,1,1
EST00110,Ingeniería en Sistemas Computacionales,8,Matutino,23,M,74.3,84.3,0,25,Sí,No,No trabaja,0,14.6,Sí,4,83.8,No,4,Bajo,0,0
EST00111,Ingeniería en Gestión Empresarial,9,Matutino,21,M,77.9,83.7,2,27,No,No,Medio tiempo,11,6.9,Sí,0,53.5,No,2,Medio,0,0
EST00112,Ingeniería Civil,4,Vespertino,23,M,78.9,71.8,1,23,Sí,Sí,No trabaja,0,2.7,Sí,11,77.2,No,2,Bajo,0,0
EST00113,Ingeniería Industrial,3,Vespertino,27,F,76.0,69.0,1,26,No,Sí,Medio tiempo,14,0.5,Sí,6,63.1,No,2,Medio,1,0
EST00114,Ingeniería Electromecánica,6,Vespertino,23,F,81.4,57.8,2,33,Sí,No,Tiempo completo,32,7.4,Sí,13,74.4,No,3,Alto,0,0
EST00115,Ingeniería en Sistemas Computacionales,1,Matutino,17,F,82.5,83.5,3,27,Sí,No,No trabaja,0,0.9,Sí,14,86.4,No,1,Bajo,1,0
EST00116,Ingeniería Mecatrónica,1,Vespertino,17,F,71.3,84.8,1,18,Sí,Sí,No trabaja,0,2.1,Sí,5,99.1,No,2,Bajo,0,0
EST00117,Contador Público,2,Matutino,22,M,68.2,72.3,2,32,Sí,No,No trabaja,0,12.5,Sí,3,64.3,No,2,Medio,0,1
EST00118,Ingeniería Industrial,3,Matutino,19,M,74.3,97.6,0,18,No,Sí,No trabaja,0,5.8,Sí,10,88.7,No,1,Bajo,0,0
EST00119,Ingeniería en Sistemas Computacionales,4,Vespertino,20,F,58.1,96.5,2,20,Sí,No,Medio tiempo,10,11.9,No,1,74.5,No,2,Medio,0,1
EST00120,Contador Público,7,Vespertino,24,F,80.9,83.1,1,20,Sí,Sí,No trabaja,0,12.7,Sí,6,78.6,Sí,2,Bajo,0,0
EST00121,Ingeniería en Gestión Empresarial,10,Matutino,22,F,66.6,77.1,1,22,No,No,No trabaja,0,18.2,Sí,13,78.6,No,2,Alto,1,0
EST00122,Ingeniería Electromecánica,9,Matutino,22,F,80.6,82.2,3,21,Sí,No,No trabaja,0,25.2,Sí,8,100,Sí,5,Bajo,1,0
EST00123,Ingeniería Mecatrónica,3,Matutino,17,M,74.0,88.0,1,19,Sí,Sí,No trabaja,0,4.7,No,12,77.7,No,3,Bajo,0,0
EST00124,Ingeniería Electromecánica,6,Matutino,21,F,63.3,87.0,3,35,No,No,No trabaja,0,8.8,Sí,3,92.8,No,2,Medio,0,0
EST00125,Ingeniería en Sistemas Computacionales,6,Matutino,22,M,100,77.5,0,26,Sí,No,No trabaja,0,3.2,Sí,14,85.1,No,4,Bajo,0,0
EST00126,Ingeniería Industrial,10,Matutino,20,M,76.3,91.8,2,28,Sí,No,No trabaja,0,8.7,Sí,4,85.5,Sí,2,Medio,0,1
EST00127,Ingeniería Industrial,3,Vespertino,18,M,82.4,84.5,0,28,Sí,No,Tiempo completo,36,10.3,Sí,11,75.6,No,1,Bajo,0,0
EST00128,Ingeniería en Sistemas Computacionales,7,Vespertino,19,F,90.6,90.6,0,30,No,No,No trabaja,0,6.4,Sí,12,72.6,No,1,Bajo,1,1
EST00129,Ingeniería en Gestión Empresarial,3,Matutino,24,M,64.8,90.5,3,31,Sí,No,No trabaja,0,2.7,Sí,3,79.0,Sí,5,Medio,0,0
EST00130,Ingeniería Electromecánica,8,Vespertino,24,F,78.2,100,1,18,No,Sí,No trabaja,0,4.4,Sí,12,78.3,No,5,Bajo,0,0
EST00131,Licenciatura en Administración,7,Vespertino,23,F,62.9,80.9,7,21,Sí,No,No trabaja,0,13.8,Sí,3,62.2,Sí,4,Alto,0,1
EST00132,Contador Público,6,Matutino,23,M,67.3,75.1,7,35,Sí,No,Tiempo completo,30,16.2,Sí,7,86.6,No,5,Alto,1,1
EST00133,Licenciatura en Administración,10,Matutino,24,F,67.5,57.3,6,36,Sí,Sí,Tiempo completo,40,3.9,Sí,4,57.0,No,2,Alto,1,1
EST00134,Licenciatura en Administración,3,Vespertino,21,F,70.3,54.9,6,36,Sí,No,No trabaja,0,16.9,Sí,9,71.4,No,2,Alto,1,1
EST00135,Ingeniería en Gestión Empresarial,3,Vespertino,21,M,71.3,86.6,0,20,Sí,No,No trabaja,0,4.6,Sí,12,82.6,No,3,Bajo,0,0
EST00136,Contador Público,8,Vespertino,21,M,61.5,89.4,1,21,Sí,No,Medio tiempo,28,13.7,Sí,2,79.6,No,2,Bajo,0,0
EST00137,Ingeniería en Gestión Empresarial,1,Vespertino,21,M,63.7,90.9,2,27,Sí,Sí,No trabaja,0,7.7,Sí,0,55.3,Sí,2,Medio,1,1
EST00138,Ingeniería en Gestión Empresarial,4,Matutino,22,M,53.9,78.4,1,30,No,No,Tiempo completo,45,9.6,Sí,7,91.6,No,4,Medio,0,1
EST00139,Ingeniería Industrial,2,Vespertino,21,F,69.9,62.3,2,33,Sí,No,Medio tiempo,22,3.2,Sí,6,100,No,5,Bajo,0,0
EST00140,Ingeniería Mecatrónica,2,Vespertino,23,F,83.0,98.0,1,28,No,Sí,Medio tiempo,14,24.3,Sí,16,97.2,No,4,Bajo,0,0
EST00141,Ingeniería en Sistemas Computacionales,10,Vespertino,24,F,86.1,60.4,1,33,Sí,No,Tiempo completo,48,11.2,Sí,4,58.3,No,5,Medio,0,0
EST00142,Ingeniería Civil,1,Vespertino,24,F,86.6,72.2,5,25,Sí,No,No trabaja,0,2.9,Sí,11,57.5,No,4,Alto,0,0
EST00143,Ingeniería Civil,8,Matutino,24,M,88.4,90.3,2,34,No,No,Medio tiempo,21,5.8,Sí,3,75.0,No,2,Medio,0,0
EST00144,Ingeniería Civil,5,Vespertino,22,F,84.7,81.2,0,26,No,Sí,Medio tiempo,17,2.6,Sí,11,84.8,Sí,2,Bajo,0,0
EST00145,Ingeniería Civil,4,Matutino,20,M,66.4,84.9,1,26,No,No,No trabaja,0,4.7,No,6,91.2,No,1,Bajo,0,0
EST00146,Contador Público,10,Matutino,31,M,72.0,90.9,0,27,Sí,Sí,Medio tiempo,19,10.1,Sí,8,84.9,No,1,Bajo,0,0
EST00147,Licenciatura en Administración,3,Matutino,17,M,73.8,65.8,1,33,No,No,Tiempo completo,42,0.5,Sí,10,70.4,No,5,Medio,0,1
EST00148,Ingeniería en Gestión Empresarial,3,Vespertino,20,F,67.5,68.6,0,33,Sí,No,Tiempo completo,40,1.4,Sí,10,49.4,No,2,Medio,0,0
EST00149,Contador Público,9,Vespertino,19,F,98.7,62.0,3,23,No,Sí,No trabaja,0,15.3,Sí,7,61.6,No,5,Alto,1,1
EST00150,Ingeniería Civil,3,Matutino,17,F,86.6,81.9,0,24,No,No,No trabaja,0,9.7,Sí,0,87.0,Sí,4,Bajo,1,0
EST00151,Ingeniería Civil,6,Vespertino,23,M,67.5,87.3,3,22,Sí,No,No trabaja,0,13.3,Sí,14,58.7,No,3,Medio,0,0
EST00152,Ingeniería en Sistemas Computacionales,4,Matutino,21,F,64.8,94.1,1,21,No,Sí,Medio tiempo,15,5.9,Sí,0,76.2,Sí,1,Bajo,0,0
EST00153,Ingeniería Civil,1,Vespertino,19,M,74.7,79.1,0,24,No,No,Medio tiempo,14,10.3,No,12,80.6,No,5,Medio,0,1
EST00154,Ingeniería en Sistemas Computacionales,9,Vespertino,25,M,83.2,71.2,0,34,Sí,Sí,No trabaja,0,4.1,Sí,11,90.7,No,1,Bajo,0,0
EST00155,Ingeniería en Gestión Empresarial,1,Matutino,22,M,89.4,93.5,3,23,Sí,No,No trabaja,0,0.5,Sí,19,92.6,No,1,Bajo,0,0
EST00156,Ingeniería Industrial,7,Vespertino,24,M,87.3,94.1,4,23,Sí,No,Medio tiempo,25,7.9,Sí,20,63.9,No,2,Bajo,0,0
EST00157,Ingeniería en Sistemas Computacionales,3,Vespertino,21,M,70.1,69.6,1,36,Sí,Sí,No trabaja,0,7.6,Sí,10,93.8,No,1,Bajo,0,0
EST00158,Ingeniería Civil,8,Vespertino,21,F,70.3,79.4,3,23,Sí,No,Medio tiempo,27,1.6,Sí,7,76.6,No,1,Medio,0,0
EST00159,Contador Público,7,Matutino,24,M,77.9,82.1,0,19,No,No,No trabaja,0,12.1,Sí,0,75.8,No,4,Bajo,0,0
EST00160,Ingeniería en Gestión Empresarial,6,Vespertino,23,M,77.1,79.2,2,25,Sí,No,No trabaja,0,0.5,Sí,5,99.4,No,3,Bajo,0,0
EST00161,Ingeniería en Sistemas Computacionales,3,Vespertino,23,M,81.6,98.3,0,31,Sí,No,No trabaja,0,16.4,Sí,16,100,No,4,Bajo,0,0
EST00162,Ingeniería en Gestión Empresarial,1,Matutino,18,M,79.2,81.7,0,25,Sí,No,Tiempo completo,35,6.9,Sí,5,93.2,No,2,Bajo,0,0
EST00163,Ingeniería Electromecánica,9,Vespertino,21,F,82.2,81.5,2,23,No,No,No trabaja,0,0.5,Sí,11,67.6,No,3,Bajo,0,0
EST00164,Contador Público,9,Vespertino,24,F,81.0,99.8,0,26,Sí,No,Medio tiempo,10,4.6,Sí,4,87.0,No,1,Bajo,0,0
EST00165,Ingeniería Civil,9,Vespertino,23,M,80.9,76.6,0,32,No,No,Medio tiempo,11,19.5,Sí,14,67.3,No,3,Bajo,0,0
EST00166,Ingeniería Civil,4,Vespertino,17,F,85.0,86.0,0,23,No,Sí,No trabaja,0,14.4,Sí,6,71.3,Sí,4,Bajo,0,0
EST00167,Ingeniería en Sistemas Computacionales,10,Vespertino,20,M,60.7,81.7,3,20,Sí,No,No trabaja,0,9.5,Sí,14,84.9,No,2,Medio,1,0
EST00168,Ingeniería en Gestión Empresarial,9,Matutino,24,F,61.6,89.3,2,34,No,No,Tiempo completo,37,12.6,Sí,5,59.0,No,3,Medio,0,1
EST00169,Ingeniería Industrial,2,Matutino,24,F,81.1,78.2,2,31,No,No,Medio tiempo,16,7.2,Sí,1,69.2,No,4,Bajo,1,1
EST00170,Ingeniería Electromecánica,9,Matutino,21,M,91.4,85.6,1,20,No,No,No trabaja,0,7.0,Sí,11,80.3,No,3,Bajo,0,0
EST00171,Ingeniería Electromecánica,10,Matutino,22,M,80.8,93.3,3,27,No,No,No trabaja,0,22.4,Sí,6,68.3,No,5,Bajo,0,0
EST00172,Ingeniería en Sistemas Computacionales,9,Matutino,23,M,82.7,100,3,22,Sí,Sí,Medio tiempo,12,9.4,Sí,9,86.7,No,3,Bajo,0,0
EST00173,Ingeniería en Gestión Empresarial,9,Matutino,22,F,84.7,94.5,1,24,Sí,No,No trabaja,0,11.2,No,11,73.1,No,3,Bajo,0,0
EST00174,Licenciatura en Administración,7,Matutino,24,F,85.2,76.3,0,27,No,Sí,Medio tiempo,23,9.1,Sí,1,74.2,No,3,Bajo,0,0
EST00175,Ingeniería Electromecánica,2,Matutino,24,F,62.3,80.0,2,29,No,No,Medio tiempo,28,1.7,Sí,14,85.2,No,1,Bajo,0,0
EST00176,Contador Público,6,Matutino,19,F,65.3,61.9,4,29,Sí,No,Medio tiempo,14,0.5,Sí,12,77.0,No,5,Alto,1,1
EST00177,Licenciatura en Administración,7,Vespertino,26,F,72.2,67.7,0,20,No,Sí,Tiempo completo,40,2.9,No,6,86.0,No,3,Medio,0,0
EST00178,Ingeniería en Sistemas Computacionales,9,Matutino,21,M,70.7,75.2,0,33,No,Sí,No trabaja,0,10.6,Sí,9,96.0,Sí,1,Bajo,1,0
EST00179,Ingeniería Mecatrónica,3,Matutino,22,F,85.1,81.3,2,27,No,Sí,No trabaja,0,6.9,No,3,25,No,5,Alto,0,1
EST00180,Ingeniería Mecatrónica,10,Vespertino,25,M,84.2,78.8,2,21,Sí,Sí,Medio tiempo,12,16.9,Sí,14,79.0,No,1,Bajo,0,1
EST00181,Ingeniería en Gestión Empresarial,3,Matutino,24,M,80.1,100,2,30,Sí,No,Medio tiempo,21,2.8,Sí,18,88.1,No,4,Bajo,0,0
EST00182,Ingeniería Electromecánica,10,Vespertino,23,F,72.6,75.9,0,36,Sí,No,Medio tiempo,13,9.6,Sí,13,64.4,No,2,Bajo,0,0
EST00183,Ingeniería Civil,7,Vespertino,23,M,76.4,58.1,2,32,No,Sí,No trabaja,0,15.9,Sí,2,79.6,No,4,Medio,0,0
EST00184,Ingeniería en Sistemas Computacionales,3,Vespertino,21,F,73.9,93.6,2,30,No,No,Medio tiempo,25,8.9,Sí,8,73.8,Sí,1,Alto,0,1
EST00185,Ingeniería en Gestión Empresarial,8,Matutino,23,M,65.5,67.8,5,26,No,No,No trabaja,0,17.4,Sí,5,75.1,No,2,Alto,1,0
EST00186,Ingeniería Industrial,9,Vespertino,22,M,68.2,86.9,0,35,Sí,No,No trabaja,0,1.4,Sí,4,78.3,No,2,Bajo,0,0
EST00187,Ingeniería Electromecánica,8,Vespertino,19,M,58.1,75.0,4,29,No,No,Tiempo completo,44,5.0,No,0,62.0,No,1,Alto,1,1
EST00188,Ingeniería Mecatrónica,8,Vespertino,19,M,62.6,80.0,1,29,Sí,No,No trabaja,0,19.1,No,1,68.6,No,2,Medio,1,0
EST00189,Ingeniería en Sistemas Computacionales,8,Vespertino,20,M,63.5,94.0,3,33,No,No,No trabaja,0,4.2,No,0,53.1,No,3,Alto,0,0
EST00190,Ingeniería en Gestión Empresarial,6,Matutino,23,F,77.4,91.9,4,28,No,No,No trabaja,0,9.3,Sí,7,69.0,No,5,Medio,0,1
EST00191,Ingeniería en Gestión Empresarial,3,Matutino,24,F,90.3,100,2,23,No,No,Medio tiempo,17,7.8,Sí,8,70.1,No,2,Bajo,0,0
EST00192,Ingeniería en Sistemas Computacionales,7,Matutino,22,M,77.5,93.4,1,26,Sí,No,No trabaja,0,7.0,Sí,6,100,No,3,Bajo,0,0
EST00193,Ingeniería Mecatrónica,5,Vespertino,20,M,75.4,59.2,3,20,Sí,No,Tiempo completo,42,15.4,Sí,3,51.7,No,2,Alto,0,1
EST00194,Licenciatura en Administración,10,Vespertino,22,F,78.8,93.8,4,33,No,Sí,No trabaja,0,11.0,Sí,0,66.3,Sí,1,Bajo,0,1
EST00195,Contador Público,5,Matutino,21,F,83.1,77.2,1,35,No,No,No trabaja,0,13.9,Sí,8,47.2,No,3,Medio,1,0
EST00196,Contador Público,9,Vespertino,25,F,73.7,84.1,3,29,Sí,Sí,Medio tiempo,24,5.3,Sí,8,100,No,2,Bajo,0,1
EST00197,Contador Público,5,Matutino,22,F,70.9,69.9,0,20,No,No,No trabaja,0,1.8,Sí,3,42.9,No,2,Medio,1,0
EST00198,Ingeniería Electromecánica,7,Matutino,23,M,70.1,84.4,0,35,Sí,No,No trabaja,0,6.0,Sí,1,68.2,Sí,5,Bajo,1,1
EST00199,Ingeniería Civil,6,Vespertino,20,M,91.3,84.6,0,26,No,No,No trabaja,0,19.0,Sí,13,100,No,2,Bajo,0,0
EST00200,Ingeniería Civil,1,Matutino,17,F,85.9,97.6,2,35,No,No,No trabaja,0,11.5,Sí,9,76.0,No,3,Bajo,0,0
EST00201,Ingeniería Industrial,4,Vespertino,20,M,62.2,76.5,0,25,Sí,No,Medio tiempo,22,12.2,Sí,1,59.3,No,1,Medio,1,0
EST00202,Ingeniería Mecatrónica,9,Matutino,24,M,75.0,88.2,3,33,No,No,Medio tiempo,24,12.1,Sí,8,76.0,No,4,Medio,1,1
EST00203,Ingeniería en Gestión Empresarial,5,Matutino,22,M,73.8,88.4,0,29,No,Sí,Medio tiempo,27,10.5,Sí,3,62.2,No,5,Bajo,0,0
EST00204,Ingeniería Mecatrónica,10,Vespertino,22,F,77.6,82.3,0,30,No,No,No trabaja,0,16.7,Sí,8,68.7,Sí,2,Bajo,0,0
EST00205,Ingeniería en Sistemas Computacionales,4,Vespertino,25,M,85.0,68.0,0,26,No,Sí,Medio tiempo,11,4.1,Sí,11,92.8,No,4,Bajo,0,1
EST00206,Ingeniería Civil,9,Vespertino,24,F,75.5,64.4,0,21,Sí,No,Medio tiempo,15,15.8,Sí,2,51.6,No,1,Medio,0,0
EST00207,Licenciatura en Administración,9,Vespertino,24,M,66.0,92.9,2,32,No,No,Medio tiempo,20,3.9,Sí,0,62.1,No,2,Bajo,0,0
EST00208,Ingeniería Electromecánica,4,Matutino,21,M,73.9,83.5,0,27,Sí,No,Tiempo completo,46,8.0,No,6,69.6,No,2,Bajo,0,0
EST00209,Ingeniería Industrial,10,Vespertino,27,M,85.0,76.7,4,21,No,Sí,No trabaja,0,11.5,Sí,3,64.3,No,3,Bajo,0,1
EST00210,Ingeniería en Sistemas Computacionales,6,Matutino,20,F,78.2,67.5,0,30,Sí,No,No trabaja,0,17.2,Sí,5,97.8,Sí,4,Bajo,0,1
EST00211,Contador Público,3,Matutino,19,M,73.0,87.9,0,36,Sí,No,Medio tiempo,16,9.5,No,10,70.6,No,5,Bajo,0,0
EST00212,Ingeniería Electromecánica,3,Vespertino,17,M,72.0,78.6,0,19,Sí,Sí,Medio tiempo,24,0.5,Sí,9,100,No,2,Bajo,1,0
EST00213,Ingeniería Industrial,5,Vespertino,19,F,57.9,62.2,2,30,No,No,No trabaja,0,10.0,Sí,10,71.4,Sí,4,Alto,1,1
EST00214,Ingeniería Electromecánica,1,Vespertino,20,M,79.0,93.7,5,21,No,No,Medio tiempo,21,8.4,Sí,7,93.5,No,4,Bajo,0,0
EST00215,Ingeniería en Sistemas Computacionales,1,Matutino,22,M,73.3,90.7,6,34,Sí,Sí,No trabaja,0,6.6,Sí,0,44.9,No,3,Medio,1,0
EST00216,Ingeniería Electromecánica,4,Matutino,20,F,83.9,73.1,1,31,No,No,No trabaja,0,14.0,No,14,69.9,Sí,5,Bajo,0,0
EST00217,Ingeniería Civil,3,Vespertino,19,F,84.8,79.7,1,21,Sí,No,No trabaja,0,0.5,Sí,13,98.4,No,5,Bajo,0,0
EST00218,Contador Público,5,Vespertino,21,M,76.9,70.3,1,25,No,Sí,No trabaja,0,0.5,Sí,3,62.1,No,1,Bajo,0,0
EST00219,Licenciatura en Administración,3,Vespertino,19,F,79.4,81.8,0,24,Sí,No,No trabaja,0,9.2,No,14,96.5,No,3,Bajo,0,0
EST00220,Ingeniería Civil,7,Vespertino,22,M,65.4,80.8,2,34,Sí,No,Medio tiempo,22,0.9,Sí,7,83.9,No,5,Medio,0,0
EST00221,Ingeniería en Sistemas Computacionales,9,Vespertino,20,F,64.4,86.5,1,32,No,No,No trabaja,0,8.1,No,7,95.9,No,3,Medio,0,0
EST00222,Ingeniería Mecatrónica,7,Vespertino,22,M,71.0,63.6,2,21,Sí,No,Medio tiempo,16,10.2,Sí,11,69.4,No,3,Medio,0,0
EST00223,Ingeniería Mecatrónica,7,Vespertino,23,M,67.1,88.2,1,21,No,Sí,Medio tiempo,14,10.0,Sí,3,97.7,No,1,Bajo,0,0
EST00224,Ingeniería en Gestión Empresarial,4,Matutino,19,M,75.8,97.9,2,24,Sí,No,No trabaja,0,5.4,Sí,2,84.7,Sí,5,Bajo,0,0
EST00225,Licenciatura en Administración,2,Matutino,26,F,78.0,71.4,2,28,No,No,Medio tiempo,28,21.1,Sí,6,92.1,No,4,Bajo,1,0
EST00226,Ingeniería Industrial,5,Vespertino,19,F,83.6,83.1,4,27,No,No,Medio tiempo,13,7.8,No,13,75.1,No,5,Alto,1,1
EST00227,Ingeniería en Gestión Empresarial,9,Vespertino,21,F,74.1,77.2,0,19,Sí,Sí,Medio tiempo,16,9.2,Sí,8,85.3,No,1,Bajo,0,0
EST00228,Ingeniería Industrial,5,Vespertino,19,F,76.4,82.4,0,28,No,Sí,No trabaja,0,8.8,Sí,14,67.4,No,5,Bajo,0,0
EST00229,Ingeniería en Gestión Empresarial,9,Vespertino,19,F,72.0,82.5,1,29,Sí,No,Medio tiempo,19,11.6,Sí,2,63.5,No,5,Medio,0,0
EST00230,Contador Público,3,Matutino,23,M,64.1,97.6,2,21,No,No,Medio tiempo,18,1.5,Sí,0,74.9,Sí,2,Bajo,0,0
EST00231,Ingeniería Civil,6,Vespertino,21,M,75.9,79.2,2,32,No,No,No trabaja,0,1.7,Sí,13,80.7,No,5,Bajo,0,0
EST00232,Ingeniería Industrial,6,Vespertino,22,M,73.4,89.9,0,32,No,No,No trabaja,0,7.2,Sí,4,88.6,Sí,2,Bajo,0,0
EST00233,Ingeniería Civil,9,Vespertino,21,M,75.2,83.2,0,19,Sí,Sí,Medio tiempo,15,7.5,Sí,0,78.9,No,3,Bajo,0,0
EST00234,Ingeniería en Gestión Empresarial,10,Vespertino,21,F,77.1,73.2,4,22,No,No,Tiempo completo,44,19.2,Sí,9,77.0,No,4,Alto,1,0
EST00235,Licenciatura en Administración,8,Vespertino,25,M,74.3,80.8,0,21,Sí,No,No trabaja,0,10.3,Sí,10,92.7,No,3,Bajo,0,0
EST00236,Ingeniería Civil,9,Matutino,25,M,70.5,80.2,2,23,No,No,No trabaja,0,8.0,Sí,1,64.2,Sí,4,Medio,0,0
EST00237,Ingeniería Industrial,8,Matutino,21,F,87.4,93.9,3,18,No,Sí,Medio tiempo,22,14.7,Sí,13,70.9,No,1,Bajo,0,1
EST00238,Licenciatura en Administración,5,Vespertino,26,M,78.2,56.2,0,35,No,Sí,Tiempo completo,48,2.1,No,5,87.6,No,4,Medio,0,0
EST00239,Contador Público,7,Vespertino,21,F,80.8,79.1,6,22,Sí,Sí,No trabaja,0,10.6,Sí,1,60.5,No,3,Medio,0,1
EST00240,Ingeniería Mecatrónica,7,Vespertino,25,M,73.2,88.7,0,18,No,No,Medio tiempo,24,3.3,Sí,13,79.4,No,4,Bajo,0,0
EST00241,Ingeniería en Sistemas Computacionales,1,Vespertino,20,M,66.0,79.3,1,35,No,Sí,Tiempo completo,32,6.2,Sí,4,52.3,Sí,3,Medio,0,0
EST00242,Licenciatura en Administración,7,Vespertino,26,M,76.3,71.3,0,33,No,No,No trabaja,0,6.4,Sí,9,100,No,3,Bajo,0,0
EST00243,Ingeniería Industrial,3,Matutino,22,F,58.3,70.7,2,23,Sí,No,Medio tiempo,18,5.1,Sí,11,82.8,No,1,Alto,1,0
EST00244,Ingeniería Mecatrónica,10,Matutino,25,M,79.2,99.8,1,21,Sí,No,Medio tiempo,17,0.5,Sí,7,72.5,No,2,Bajo,0,0
EST00245,Contador Público,7,Vespertino,22,M,91.2,77.2,4,29,No,No,No trabaja,0,16.4,Sí,6,66.4,No,3,Bajo,0,0
EST00246,Ingeniería Electromecánica,10,Vespertino,20,F,76.5,85.3,0,31,Sí,No,Medio tiempo,28,11.2,Sí,1,61.6,No,2,Bajo,1,0
EST00247,Ingeniería en Sistemas Computacionales,10,Matutino,26,F,79.9,78.0,0,23,Sí,No,No trabaja,0,6.4,Sí,7,79.0,No,5,Bajo,0,0
EST00248,Licenciatura en Administración,5,Matutino,22,F,79.5,87.4,5,24,No,Sí,No trabaja,0,4.3,Sí,2,64.5,No,3,Medio,0,1
EST00249,Ingeniería en Gestión Empresarial,5,Matutino,22,M,88.1,78.0,2,30,No,No,Medio tiempo,10,9.5,Sí,8,75.7,No,1,Bajo,0,0
EST00250,Ingeniería Industrial,9,Matutino,28,M,69.7,74.8,4,29,No,No,No trabaja,0,9.3,No,5,95.6,No,3,Alto,0,1
EST00251,Ingeniería en Sistemas Computacionales,7,Matutino,21,F,74.8,78.5,2,36,Sí,No,Medio tiempo,21,14.7,No,6,98.1,No,4,Medio,0,0
EST00252,Ingeniería en Gestión Empresarial,1,Matutino,19,F,64.9,87.9,4,36,Sí,Sí,No trabaja,0,13.6,Sí,1,75.0,No,5,Medio,0,1
EST00253,Ingeniería Mecatrónica,1,Matutino,17,F,83.7,92.8,0,24,No,Sí,No trabaja,0,0.5,Sí,17,64.8,No,1,Bajo,0,0
EST00254,Ingeniería Civil,1,Matutino,19,F,78.5,97.2,0,30,No,No,Medio tiempo,15,11.6,Sí,0,78.1,No,4,Bajo,0,0
EST00255,Ingeniería Electromecánica,7,Vespertino,21,M,62.8,75.0,1,29,No,Sí,Medio tiempo,23,5.2,Sí,8,82.6,No,1,Medio,1,1
EST00256,Ingeniería Civil,8,Matutino,22,F,84.2,87.2,0,32,Sí,No,Medio tiempo,25,12.9,Sí,13,89.8,No,1,Bajo,0,0
EST00257,Ingeniería Civil,8,Vespertino,19,M,74.1,63.9,0,33,No,Sí,No trabaja,0,13.8,Sí,0,70.8,No,2,Bajo,0,1
EST00258,Ingeniería Civil,6,Vespertino,22,F,81.9,92.1,3,23,No,Sí,No trabaja,0,12.0,Sí,16,97.3,No,4,Bajo,0,0
EST00259,Ingeniería en Gestión Empresarial,4,Vespertino,22,M,85.8,75.6,1,18,No,Sí,Medio tiempo,17,4.9,Sí,0,81.6,Sí,2,Bajo,0,0
EST00260,Ingeniería Industrial,8,Vespertino,22,F,80.3,100,1,23,No,No,Medio tiempo,23,16.7,Sí,19,81.9,No,3,Bajo,0,0
EST00261,Contador Público,3,Vespertino,18,F,81.9,74.5,1,24,No,No,Tiempo completo,32,2.3,Sí,1,48.9,No,5,Medio,0,1
EST00262,Contador Público,6,Vespertino,20,F,83.1,83.1,1,36,No,No,Medio tiempo,12,5.1,Sí,11,87.8,No,2,Bajo,0,1
EST00263,Contador Público,5,Matutino,23,M,73.2,72.9,0,29,No,No,No trabaja,0,11.1,Sí,11,94.0,Sí,5,Bajo,0,0
EST00264,Ingeniería Industrial,7,Matutino,21,F,82.2,71.0,5,35,No,Sí,No trabaja,0,23.6,Sí,7,73.3,No,2,Alto,1,1
EST00265,Ingeniería Civil,9,Vespertino,21,M,70.8,86.9,0,27,Sí,No,No trabaja,0,11.9,Sí,4,84.0,No,5,Bajo,0,1
EST00266,Ingeniería Electromecánica,8,Matutino,21,M,75.4,88.2,1,32,Sí,Sí,No trabaja,0,6.6,Sí,2,73.4,No,2,Bajo,0,0
EST00267,Ingeniería Mecatrónica,9,Vespertino,23,M,86.0,82.6,2,33,No,No,Medio tiempo,24,9.9,Sí,12,100,Sí,5,Bajo,0,0
EST00268,Ingeniería en Gestión Empresarial,6,Matutino,21,F,73.0,85.5,1,36,No,Sí,Medio tiempo,13,0.5,Sí,12,92.4,Sí,2,Bajo,0,0
EST00269,Ingeniería Industrial,9,Vespertino,23,F,66.6,83.6,5,24,No,No,Tiempo completo,41,13.9,Sí,7,75.1,No,4,Alto,0,0
EST00270,Contador Público,3,Matutino,22,M,88.7,84.6,0,32,No,No,No trabaja,0,13.0,Sí,12,90.0,No,1,Bajo,0,0
EST00271,Ingeniería Electromecánica,10,Vespertino,19,F,87.5,94.4,0,23,No,Sí,No trabaja,0,9.4,Sí,14,100,No,4,Bajo,0,0
EST00272,Licenciatura en Administración,10,Vespertino,19,M,74.5,67.9,0,23,Sí,Sí,Tiempo completo,33,4.2,Sí,5,49.5,No,1,Medio,0,0
EST00273,Ingeniería Civil,3,Matutino,19,M,79.7,86.4,1,29,No,Sí,Tiempo completo,39,6.9,Sí,6,61.7,Sí,3,Medio,1,1
EST00274,Ingeniería Industrial,7,Vespertino,23,F,74.7,57.4,2,18,No,Sí,Tiempo completo,45,7.5,Sí,1,72.8,Sí,2,Alto,1,1
EST00275,Ingeniería Industrial,2,Matutino,21,F,82.2,85.8,0,20,Sí,Sí,No trabaja,0,0.5,Sí,2,78.3,No,5,Bajo,0,0
EST00276,Ingeniería Industrial,3,Vespertino,22,F,78.9,71.8,2,27,Sí,No,Medio tiempo,17,7.2,Sí,12,45.3,Sí,5,Medio,1,1
EST00277,Ingeniería en Gestión Empresarial,6,Matutino,17,F,97.7,100,0,21,No,No,Medio tiempo,22,14.6,Sí,11,77.0,Sí,4,Bajo,0,0
EST00278,Ingeniería Electromecánica,8,Vespertino,21,F,86.0,72.9,0,18,No,No,Medio tiempo,19,0.5,Sí,7,75.4,No,1,Bajo,0,1
EST00279,Contador Público,7,Matutino,22,F,83.1,75.5,0,31,No,No,No trabaja,0,0.5,Sí,4,84.2,No,5,Bajo,0,0
EST00280,Contador Público,6,Vespertino,19,M,74.4,95.7,0,21,No,Sí,No trabaja,0,0.5,Sí,13,100,No,1,Bajo,0,0
EST00281,Ingeniería Mecatrónica,5,Matutino,21,M,77.4,93.2,3,35,Sí,Sí,Medio tiempo,16,0.5,Sí,12,96.6,No,5,Bajo,0,0
EST00282,Contador Público,8,Vespertino,24,M,66.3,74.8,3,33,No,No,Tiempo completo,35,9.8,Sí,2,45.3,No,4,Alto,1,0
EST00283,Licenciatura en Administración,1,Matutino,19,M,71.0,91.2,6,31,Sí,No,No trabaja,0,7.3,Sí,10,82.4,No,3,Medio,1,0
EST00284,Ingeniería Electromecánica,2,Vespertino,22,F,76.6,93.4,5,30,No,No,No trabaja,0,15.5,Sí,5,59.2,Sí,4,Medio,0,1
EST00285,Licenciatura en Administración,3,Vespertino,19,M,77.3,92.4,1,25,No,No,Medio tiempo,12,13.9,Sí,1,64.4,No,3,Bajo,0,0
EST00286,Contador Público,4,Vespertino,22,M,80.8,93.7,1,32,No,Sí,No trabaja,0,0.6,Sí,11,96.4,No,3,Bajo,0,0
EST00287,Ingeniería en Gestión Empresarial,5,Vespertino,24,F,83.2,75.5,3,20,No,No,Medio tiempo,21,5.1,Sí,13,59.8,No,3,Alto,1,0
EST00288,Contador Público,4,Matutino,21,M,79.0,91.6,2,26,No,No,No trabaja,0,10.2,Sí,2,64.2,No,1,Bajo,1,0
EST00289,Licenciatura en Administración,10,Vespertino,26,M,71.0,87.3,1,34,Sí,No,Tiempo completo,32,0.5,Sí,14,89.6,No,2,Bajo,0,0
EST00290,Ingeniería Civil,7,Matutino,23,M,64.3,80.8,2,33,No,Sí,No trabaja,0,11.9,Sí,4,100,No,4,Bajo,0,0
EST00291,Ingeniería en Sistemas Computacionales,10,Matutino,25,F,89.2,75.3,1,25,No,Sí,Medio tiempo,17,1.6,Sí,6,100,No,3,Bajo,0,0
EST00292,Ingeniería Civil,5,Matutino,22,M,84.6,62.7,0,28,No,No,Medio tiempo,23,6.3,Sí,14,87.6,No,1,Bajo,0,1
EST00293,Contador Público,10,Vespertino,23,F,81.8,84.1,1,21,Sí,No,Medio tiempo,15,9.4,Sí,8,76.6,No,2,Bajo,0,0
EST00294,Contador Público,6,Vespertino,18,M,81.0,93.8,0,30,No,No,No trabaja,0,10.3,Sí,20,87.4,No,3,Bajo,0,0
EST00295,Ingeniería Industrial,8,Matutino,22,F,80.0,79.3,1,32,No,No,No trabaja,0,20.7,Sí,7,98.3,No,1,Bajo,0,0
EST00296,Ingeniería Electromecánica,8,Vespertino,25,F,66.3,70.2,2,20,Sí,No,Tiempo completo,39,17.6,Sí,2,91.7,No,2,Bajo,0,0
EST00297,Ingeniería Industrial,2,Matutino,25,M,69.2,81.7,2,26,Sí,Sí,Tiempo completo,31,13.5,Sí,7,100,No,4,Bajo,0,1
EST00298,Ingeniería Industrial,6,Matutino,24,M,87.9,63.9,1,31,No,Sí,Medio tiempo,23,8.1,Sí,5,80.7,No,5,Bajo,0,0
EST00299,Ingeniería en Gestión Empresarial,1,Matutino,21,F,97.4,83.3,0,35,No,Sí,No trabaja,0,12.5,Sí,7,99.0,Sí,1,Bajo,0,0
EST00300,Ingeniería Electromecánica,3,Matutino,21,F,83.9,80.4,1,21,No,No,Medio tiempo,10,0.5,Sí,0,64.3,No,4,Medio,0,1
EST00301,Licenciatura en Administración,3,Matutino,24,M,73.2,86.6,1,36,Sí,No,No trabaja,0,14.5,Sí,13,100,No,1,Bajo,1,1
EST00302,Contador Público,2,Vespertino,20,M,74.7,100,1,21,Sí,No,No trabaja,0,13.4,Sí,12,58.9,No,4,Bajo,0,1
EST00303,Ingeniería Industrial,6,Matutino,17,M,82.6,71.2,0,31,Sí,No,No trabaja,0,9.8,Sí,8,73.5,No,4,Bajo,0,1
EST00304,Ingeniería en Gestión Empresarial,9,Matutino,22,M,84.0,69.3,0,20,No,No,No trabaja,0,15.2,Sí,8,93.5,Sí,3,Bajo,0,0
EST00305,Ingeniería Electromecánica,6,Vespertino,18,F,76.8,81.5,2,28,No,No,No trabaja,0,3.7,Sí,7,82.7,No,2,Bajo,0,0
EST00306,Ingeniería Mecatrónica,4,Matutino,26,M,75.7,70.9,5,33,Sí,No,Tiempo completo,33,17.0,Sí,13,87.3,No,4,Alto,1,1
EST00307,Ingeniería Mecatrónica,3,Matutino,22,F,62.2,85.6,2,22,No,No,Medio tiempo,16,19.3,Sí,0,89.1,No,2,Medio,0,1
EST00308,Ingeniería en Gestión Empresarial,10,Matutino,24,M,95.3,74.8,1,35,No,Sí,No trabaja,0,16.4,Sí,0,52.0,No,4,Bajo,0,0
EST00309,Ingeniería en Gestión Empresarial,4,Matutino,19,M,87.3,93.4,1,32,No,No,Medio tiempo,18,7.9,Sí,3,68.4,No,4,Bajo,0,0
EST00310,Licenciatura en Administración,10,Vespertino,24,M,61.3,72.5,2,21,No,No,Tiempo completo,41,12.7,Sí,7,75.5,Sí,2,Alto,0,1
EST00311,Ingeniería Mecatrónica,3,Matutino,21,F,81.4,67.3,2,35,Sí,No,Medio tiempo,13,3.9,Sí,2,85.2,Sí,3,Bajo,1,0
EST00312,Ingeniería en Gestión Empresarial,2,Matutino,21,F,90.0,68.0,0,32,No,No,Medio tiempo,11,0.9,Sí,7,81.3,No,1,Bajo,0,0
EST00313,Ingeniería Civil,8,Vespertino,22,M,76.0,73.9,1,25,Sí,No,No trabaja,0,8.3,Sí,12,57.8,Sí,3,Medio,0,0
EST00314,Ingeniería en Gestión Empresarial,9,Vespertino,25,F,65.4,94.0,2,19,No,No,Medio tiempo,26,6.8,Sí,10,92.7,No,3,Medio,0,0
EST00315,Ingeniería Electromecánica,7,Vespertino,25,M,88.0,75.9,0,30,No,No,Medio tiempo,20,2.9,Sí,3,82.7,No,3,Bajo,0,0
EST00316,Contador Público,4,Vespertino,23,M,84.4,91.0,2,23,Sí,No,Medio tiempo,14,12.8,Sí,20,73.3,No,2,Bajo,0,0
EST00317,Ingeniería Industrial,1,Vespertino,20,F,77.2,78.9,0,36,No,No,No trabaja,0,16.1,Sí,14,100,No,3,Bajo,0,0
EST00318,Ingeniería Mecatrónica,7,Matutino,24,F,79.8,80.4,0,22,No,No,Medio tiempo,21,13.4,Sí,7,100,No,4,Bajo,0,0
EST00319,Ingeniería Electromecánica,10,Vespertino,18,M,63.2,85.1,1,24,No,No,Medio tiempo,23,0.5,Sí,0,69.6,No,2,Bajo,0,0
EST00320,Ingeniería Industrial,6,Vespertino,23,M,75.9,78.6,0,27,No,Sí,No trabaja,0,9.9,Sí,3,83.4,No,1,Bajo,1,1
EST00321,Ingeniería en Gestión Empresarial,10,Vespertino,19,M,65.2,83.7,1,20,No,No,No trabaja,0,3.8,Sí,10,72.1,No,2,Bajo,0,1
EST00322,Ingeniería en Gestión Empresarial,5,Matutino,24,M,63.4,79.6,5,33,No,No,Medio tiempo,13,2.0,Sí,0,96.1,Sí,5,Alto,0,1
EST00323,Ingeniería en Gestión Empresarial,2,Vespertino,20,F,75.1,91.0,0,21,No,Sí,No trabaja,0,10.1,Sí,4,88.6,Sí,5,Bajo,0,0
EST00324,Ingeniería Mecatrónica,1,Vespertino,21,M,76.9,100,0,25,No,Sí,No trabaja,0,17.6,Sí,9,83.4,No,3,Bajo,0,0
EST00325,Licenciatura en Administración,8,Vespertino,23,F,70.9,96.7,0,20,No,Sí,Tiempo completo,30,9.6,No,8,92.6,No,1,Bajo,0,0
EST00326,Contador Público,9,Vespertino,27,M,72.3,91.5,6,24,No,Sí,Medio tiempo,15,11.9,No,8,80.4,No,4,Alto,1,1
EST00327,Ingeniería Industrial,3,Vespertino,22,M,67.6,86.9,1,18,No,No,Tiempo completo,40,6.1,No,0,77.6,No,4,Medio,0,0
EST00328,Ingeniería Industrial,9,Matutino,26,M,74.5,88.9,2,18,Sí,No,Medio tiempo,21,2.1,Sí,5,96.0,No,5,Bajo,1,0
EST00329,Licenciatura en Administración,4,Matutino,22,F,64.0,84.7,1,24,No,No,No trabaja,0,1.3,Sí,10,59.5,No,3,Medio,0,0
EST00330,Ingeniería Mecatrónica,2,Matutino,20,F,59.4,69.0,0,28,No,Sí,Tiempo completo,38,5.9,Sí,6,72.6,No,5,Alto,0,0
EST00331,Ingeniería Civil,1,Vespertino,22,M,87.7,55.5,0,31,No,Sí,No trabaja,0,5.4,Sí,14,82.0,No,5,Bajo,0,1
EST00332,Ingeniería en Gestión Empresarial,7,Matutino,19,M,86.3,67.9,1,25,No,Sí,Medio tiempo,17,4.4,Sí,12,69.8,Sí,3,Bajo,0,1
EST00333,Ingeniería en Sistemas Computacionales,1,Vespertino,18,F,70.7,73.7,0,19,Sí,No,Medio tiempo,11,19.7,Sí,6,66.2,No,3,Medio,0,0
EST00334,Ingeniería en Sistemas Computacionales,8,Vespertino,20,F,66.1,82.6,0,20,No,No,No trabaja,0,10.4,Sí,13,88.3,No,4,Bajo,0,0
EST00335,Ingeniería en Gestión Empresarial,3,Matutino,21,F,65.9,100,1,28,Sí,No,No trabaja,0,10.4,No,0,52.2,No,3,Bajo,0,0
EST00336,Ingeniería en Sistemas Computacionales,7,Vespertino,22,F,71.5,78.7,1,28,No,Sí,Medio tiempo,20,12.8,Sí,6,78.9,No,4,Bajo,0,0
EST00337,Ingeniería en Sistemas Computacionales,4,Matutino,19,M,89.0,100,0,20,Sí,No,Medio tiempo,20,9.9,Sí,10,91.4,No,4,Bajo,0,0
EST00338,Ingeniería en Sistemas Computacionales,4,Matutino,21,M,90.5,86.6,0,22,No,No,Medio tiempo,20,13.1,Sí,14,76.9,No,2,Bajo,0,0
EST00339,Ingeniería Mecatrónica,9,Vespertino,23,F,69.2,66.3,5,35,Sí,No,Tiempo completo,34,7.5,Sí,2,54.8,No,4,Alto,0,0
EST00340,Ingeniería Civil,2,Vespertino,21,F,70.3,92.6,0,29,No,No,No trabaja,0,1.0,Sí,7,78.5,No,5,Bajo,0,0
EST00341,Ingeniería en Sistemas Computacionales,4,Matutino,23,F,84.5,100,0,20,Sí,Sí,No trabaja,0,5.0,No,12,82.5,No,5,Bajo,0,0
EST00342,Contador Público,7,Vespertino,23,M,71.3,87.2,1,20,No,No,No trabaja,0,4.1,Sí,14,83.0,No,1,Bajo,0,0
EST00343,Licenciatura en Administración,5,Vespertino,21,M,79.0,83.3,0,29,No,No,No trabaja,0,0.5,Sí,6,100,No,5,Bajo,1,0
EST00344,Ingeniería Mecatrónica,7,Matutino,22,M,76.3,66.1,0,24,No,No,No trabaja,0,18.9,Sí,11,68.9,No,4,Medio,1,1
EST00345,Ingeniería Mecatrónica,5,Matutino,18,M,79.1,68.7,0,36,Sí,No,No trabaja,0,9.0,Sí,12,89.5,No,4,Bajo,0,0
EST00346,Contador Público,7,Matutino,23,M,73.1,77.5,0,35,Sí,Sí,No trabaja,0,8.3,Sí,13,75.9,No,4,Bajo,0,0
EST00347,Ingeniería Electromecánica,4,Matutino,20,M,56.9,99.5,0,30,No,No,No trabaja,0,16.1,Sí,13,89.6,No,4,Medio,0,0
EST00348,Ingeniería Mecatrónica,10,Vespertino,21,M,81.6,71.8,0,36,No,Sí,No trabaja,0,5.3,Sí,7,78.2,Sí,1,Bajo,0,0
EST00349,Licenciatura en Administración,5,Vespertino,18,F,58.9,89.8,0,30,No,Sí,No trabaja,0,1.9,Sí,0,73.1,No,4,Medio,0,0
EST00350,Ingeniería Civil,8,Vespertino,25,M,73.4,87.2,0,19,No,Sí,No trabaja,0,8.6,Sí,1,55.9,No,3,Bajo,0,0
EST00351,Ingeniería en Sistemas Computacionales,1,Vespertino,24,M,70.2,65.6,1,26,No,No,Medio tiempo,24,17.8,Sí,2,82.3,Sí,5,Medio,0,1
EST00352,Ingeniería en Sistemas Computacionales,5,Matutino,20,F,60.5,64.0,0,18,Sí,Sí,Tiempo completo,47,10.4,Sí,6,79.8,No,5,Bajo,1,0
EST00353,Ingeniería en Sistemas Computacionales,6,Matutino,21,F,84.2,89.6,1,24,No,No,Medio tiempo,15,7.0,Sí,20,70.3,No,5,Bajo,1,0
EST00354,Ingeniería en Sistemas Computacionales,7,Vespertino,23,F,96.0,89.7,0,33,No,No,No trabaja,0,9.3,Sí,7,90.1,No,3,Bajo,0,0
EST00355,Licenciatura en Administración,7,Matutino,20,M,60.1,72.7,0,21,Sí,Sí,Tiempo completo,45,16.4,Sí,11,69.0,Sí,5,Medio,0,1
EST00356,Contador Público,4,Matutino,21,M,49.8,76.0,1,28,Sí,Sí,Medio tiempo,20,18.6,Sí,8,100,No,1,Medio,0,0
EST00357,Ingeniería Civil,10,Vespertino,22,F,70.5,79.9,1,24,Sí,No,No trabaja,0,8.5,No,1,58.3,No,1,Medio,0,0
EST00358,Ingeniería Electromecánica,5,Vespertino,23,M,65.3,85.9,1,33,Sí,No,No trabaja,0,8.2,Sí,6,76.8,No,2,Bajo,0,0
EST00359,Ingeniería Mecatrónica,5,Vespertino,19,M,84.7,100,0,34,No,Sí,Medio tiempo,25,10.5,Sí,10,70.0,No,4,Bajo,0,0
EST00360,Ingeniería Electromecánica,10,Matutino,22,F,92.9,79.4,2,29,No,No,No trabaja,0,9.9,Sí,7,73.1,Sí,4,Bajo,0,0
EST00361,Ingeniería Civil,4,Vespertino,25,F,72.9,97.6,3,18,Sí,Sí,Medio tiempo,14,11.4,Sí,1,50.8,No,2,Bajo,0,0
EST00362,Ingeniería Civil,7,Matutino,23,M,69.2,93.6,2,21,No,No,No trabaja,0,5.0,No,12,89.6,No,5,Bajo,0,0
EST00363,Ingeniería Electromecánica,1,Matutino,20,F,82.2,92.5,2,24,No,No,Medio tiempo,23,8.7,Sí,10,57.5,No,4,Medio,1,1
EST00364,Ingeniería Civil,5,Vespertino,17,F,66.8,83.3,0,26,No,Sí,Tiempo completo,35,13.8,Sí,0,56.6,No,1,Bajo,0,0
EST00365,Ingeniería Electromecánica,8,Vespertino,22,M,85.7,78.6,0,28,No,No,No trabaja,0,0.8,No,0,45.9,No,2,Medio,1,0
EST00366,Ingeniería Electromecánica,4,Vespertino,18,M,86.5,85.0,0,28,No,No,No trabaja,0,11.7,Sí,3,56.8,Sí,3,Bajo,0,0
EST00367,Ingeniería en Gestión Empresarial,2,Vespertino,20,F,80.0,88.0,3,23,No,No,Tiempo completo,48,12.8,Sí,1,50.0,No,1,Medio,0,1
EST00368,Ingeniería en Sistemas Computacionales,3,Vespertino,24,F,86.3,77.4,2,28,No,No,Medio tiempo,25,3.1,Sí,14,53.8,Sí,2,Medio,0,0
EST00369,Contador Público,9,Vespertino,23,F,91.7,77.6,0,29,Sí,Sí,No trabaja,0,5.0,Sí,5,99.6,Sí,5,Bajo,0,0
EST00370,Contador Público,7,Vespertino,22,F,95.6,85.1,0,27,No,No,No trabaja,0,0.5,Sí,12,88.9,No,4,Bajo,0,0
EST00371,Ingeniería en Sistemas Computacionales,10,Vespertino,21,F,61.5,76.6,1,25,No,No,No trabaja,0,26.0,Sí,0,86.9,No,2,Bajo,0,0
EST00372,Ingeniería Mecatrónica,1,Vespertino,18,M,76.0,70.5,0,22,Sí,Sí,Medio tiempo,22,16.7,Sí,12,59.8,No,3,Bajo,0,0
EST00373,Ingeniería Mecatrónica,10,Matutino,21,F,65.1,99.0,3,30,No,No,No trabaja,0,11.5,Sí,6,78.4,Sí,1,Medio,0,0
EST00374,Ingeniería en Sistemas Computacionales,2,Vespertino,17,M,69.5,61.0,3,20,No,Sí,No trabaja,0,0.5,Sí,13,87.7,No,3,Medio,0,1
EST00375,Ingeniería Industrial,2,Matutino,17,F,76.6,79.8,1,30,No,No,No trabaja,0,9.6,Sí,10,78.6,Sí,3,Bajo,0,0
EST00376,Ingeniería Mecatrónica,7,Matutino,19,M,74.5,73.6,3,23,Sí,No,No trabaja,0,15.8,Sí,7,84.2,Sí,1,Medio,1,1
EST00377,Ingeniería Electromecánica,1,Matutino,22,M,61.5,78.3,2,28,No,No,Tiempo completo,35,8.1,No,5,61.0,No,1,Alto,1,1
EST00378,Ingeniería Mecatrónica,5,Matutino,24,F,67.7,81.6,2,20,No,Sí,Medio tiempo,18,6.8,Sí,10,62.8,No,1,Medio,1,0
EST00379,Ingeniería Civil,6,Matutino,20,M,81.1,87.4,1,20,Sí,No,No trabaja,0,10.7,Sí,5,100,Sí,3,Bajo,0,0
EST00380,Ingeniería Industrial,7,Matutino,21,F,84.9,89.2,1,27,No,No,No trabaja,0,11.0,Sí,11,88.8,No,4,Bajo,0,0
EST00381,Contador Público,8,Matutino,22,F,86.7,70.1,1,31,No,Sí,Medio tiempo,14,18.1,Sí,2,57.2,No,1,Medio,0,0
EST00382,Ingeniería Civil,5,Matutino,23,M,75.6,87.0,1,33,No,Sí,Medio tiempo,12,7.0,Sí,0,83.2,No,1,Bajo,0,0
EST00383,Ingeniería Industrial,7,Matutino,18,F,76.9,81.3,0,23,No,No,Medio tiempo,27,0.5,Sí,14,84.6,No,5,Bajo,0,0
EST00384,Licenciatura en Administración,1,Vespertino,19,F,73.4,95.1,0,36,No,No,No trabaja,0,9.1,Sí,14,71.0,No,1,Bajo,0,1
EST00385,Ingeniería en Gestión Empresarial,10,Vespertino,23,M,74.3,84.8,0,34,No,Sí,No trabaja,0,9.2,Sí,2,47.7,No,2,Medio,0,0
EST00386,Licenciatura en Administración,5,Vespertino,20,M,86.5,96.8,3,24,Sí,No,No trabaja,0,10.7,Sí,6,91.8,No,2,Bajo,1,0
EST00387,Ingeniería en Gestión Empresarial,5,Matutino,19,F,70.5,67.7,0,21,No,No,No trabaja,0,12.6,No,2,75.5,No,5,Medio,0,1
EST00388,Ingeniería en Sistemas Computacionales,7,Vespertino,21,M,75.1,82.3,1,31,Sí,Sí,No trabaja,0,15.7,Sí,11,83.3,No,2,Bajo,0,0
EST00389,Ingeniería Mecatrónica,4,Matutino,21,F,57.6,85.8,0,34,No,Sí,Tiempo completo,43,10.2,Sí,0,62.0,No,1,Medio,1,1
EST00390,Ingeniería en Sistemas Computacionales,1,Matutino,19,M,75.5,95.6,0,18,No,No,No trabaja,0,4.5,Sí,12,90.1,No,2,Bajo,0,0
EST00391,Licenciatura en Administración,4,Vespertino,21,F,96.3,79.9,2,24,No,No,No trabaja,0,14.7,Sí,14,100,No,5,Bajo,0,0
EST00392,Ingeniería Civil,9,Matutino,24,M,64.8,71.7,4,23,No,No,Tiempo completo,47,10.1,No,11,83.6,Sí,4,Alto,0,1
EST00393,Contador Público,8,Matutino,24,M,86.4,81.3,4,34,No,No,Medio tiempo,22,17.6,Sí,11,80.0,No,2,Medio,0,1
EST00394,Ingeniería Industrial,3,Matutino,22,F,69.4,78.1,1,29,No,No,Medio tiempo,18,10.3,Sí,5,66.7,No,1,Alto,1,1
EST00395,Ingeniería Electromecánica,6,Matutino,21,M,49.6,77.5,2,30,No,No,No trabaja,0,8.4,Sí,4,95.6,No,1,Medio,0,1
EST00396,Ingeniería Electromecánica,4,Vespertino,22,M,60.3,88.6,2,27,Sí,No,No trabaja,0,12.6,Sí,2,86.5,No,2,Bajo,0,0
EST00397,Ingeniería en Gestión Empresarial,7,Matutino,22,F,77.9,69.7,0,20,Sí,No,Medio tiempo,22,5.8,Sí,10,61.9,Sí,1,Bajo,0,0
EST00398,Licenciatura en Administración,2,Matutino,23,M,68.0,78.8,1,21,No,Sí,Medio tiempo,19,16.8,Sí,13,81.4,No,1,Medio,0,0
EST00399,Licenciatura en Administración,5,Matutino,24,F,70.2,94.8,0,20,No,No,No trabaja,0,4.7,Sí,9,90.6,No,3,Bajo,0,0
EST00400,Ingeniería Electromecánica,10,Vespertino,22,M,77.4,64.7,2,22,Sí,No,Medio tiempo,18,11.3,Sí,6,58.4,No,1,Medio,0,1
EST00401,Contador Público,5,Matutino,27,F,67.7,71.8,5,30,No,Sí,Medio tiempo,21,19.5,Sí,7,66.2,No,4,Alto,1,1
EST00402,Contador Público,9,Matutino,22,F,97.6,78.1,0,29,No,No,No trabaja,0,4.8,Sí,13,99.3,No,4,Bajo,0,0
EST00403,Contador Público,4,Matutino,21,F,73.6,74.1,0,36,Sí,No,No trabaja,0,7.2,Sí,13,75.2,Sí,1,Bajo,0,0
EST00404,Ingeniería en Sistemas Computacionales,10,Vespertino,24,F,80.7,68.9,0,22,Sí,No,Medio tiempo,19,12.1,Sí,10,100,No,4,Bajo,1,0
EST00405,Ingeniería en Gestión Empresarial,9,Vespertino,25,F,57.1,100,0,25,No,Sí,No trabaja,0,5.6,No,13,81.5,No,5,Bajo,0,0
EST00406,Licenciatura en Administración,7,Vespertino,24,M,79.5,70.9,0,21,Sí,Sí,No trabaja,0,18.3,Sí,9,100,No,5,Bajo,0,0
EST00407,Ingeniería Civil,5,Matutino,24,M,84.1,82.0,0,30,No,Sí,No trabaja,0,7.9,No,2,68.1,No,1,Bajo,0,0
EST00408,Ingeniería Mecatrónica,1,Vespertino,17,F,82.4,81.9,1,22,No,Sí,No trabaja,0,10.7,Sí,2,80.6,No,1,Bajo,0,0
EST00409,Ingeniería en Gestión Empresarial,3,Vespertino,20,M,79.9,93.5,1,33,Sí,No,No trabaja,0,17.1,Sí,0,86.2,No,2,Bajo,0,1
EST00410,Ingeniería Industrial,8,Vespertino,23,F,70.6,73.2,5,32,No,Sí,No trabaja,0,13.4,Sí,2,100,No,2,Medio,0,0
EST00411,Ingeniería Mecatrónica,8,Vespertino,19,M,97.9,62.6,0,19,No,No,No trabaja,0,8.3,Sí,3,66.9,Sí,3,Bajo,0,0
EST00412,Ingeniería Industrial,4,Vespertino,23,M,80.0,88.0,4,30,No,No,No trabaja,0,2.7,No,3,66.4,No,4,Medio,1,0
EST00413,Ingeniería Industrial,5,Vespertino,22,M,78.5,80.5,2,31,No,Sí,No trabaja,0,9.8,Sí,3,91.0,No,5,Bajo,0,0
EST00414,Ingeniería Industrial,3,Matutino,20,M,64.0,74.0,2,33,No,Sí,Tiempo completo,46,11.4,No,11,83.6,No,2,Bajo,0,0
EST00415,Ingeniería Civil,2,Matutino,17,M,75.0,75.3,1,18,No,No,No trabaja,0,24.7,No,13,94.4,No,4,Bajo,0,1
EST00416,Ingeniería Civil,7,Matutino,21,F,90.6,75.1,2,32,No,No,Tiempo completo,48,6.5,Sí,5,64.9,No,3,Medio,1,1
EST00417,Contador Público,6,Matutino,20,M,68.7,72.4,4,20,No,No,No trabaja,0,7.8,Sí,1,66.8,Sí,4,Alto,0,1
EST00418,Ingeniería Industrial,8,Matutino,20,F,89.3,64.8,2,32,No,No,No trabaja,0,0.5,Sí,13,66.9,No,2,Bajo,0,0
EST00419,Ingeniería Electromecánica,5,Vespertino,20,M,89.3,81.3,2,28,Sí,No,Medio tiempo,10,21.1,Sí,9,92.4,No,1,Bajo,0,0
EST00420,Ingeniería en Sistemas Computacionales,10,Vespertino,25,F,88.1,88.4,2,26,No,Sí,No trabaja,0,15.2,Sí,6,83.8,No,2,Bajo,0,0
EST00421,Ingeniería en Sistemas Computacionales,10,Matutino,23,F,65.4,85.3,2,26,Sí,Sí,Tiempo completo,41,8.4,Sí,2,50.6,No,2,Medio,0,1
EST00422,Ingeniería Electromecánica,5,Matutino,23,M,60.1,82.0,5,23,Sí,No,Tiempo completo,36,12.9,Sí,0,75.6,Sí,1,Alto,1,1
EST00423,Ingeniería en Sistemas Computacionales,3,Vespertino,22,F,82.7,88.6,0,25,Sí,No,Medio tiempo,26,7.3,Sí,14,80.2,No,3,Bajo,0,0
EST00424,Ingeniería Electromecánica,8,Vespertino,17,F,82.1,82.9,2,36,Sí,Sí,No trabaja,0,14.7,Sí,12,88.1,No,3,Bajo,0,0
EST00425,Ingeniería Electromecánica,6,Matutino,20,M,93.4,67.9,0,34,Sí,No,No trabaja,0,5.0,Sí,0,88.9,No,2,Bajo,0,0
EST00426,Licenciatura en Administración,6,Matutino,22,M,87.3,76.4,0,24,No,Sí,Medio tiempo,20,6.0,Sí,1,43.9,No,3,Bajo,0,0
EST00427,Contador Público,7,Vespertino,23,F,79.6,88.3,0,36,Sí,Sí,Medio tiempo,25,5.3,Sí,0,47.0,No,1,Bajo,0,0
EST00428,Contador Público,1,Matutino,20,M,74.6,92.4,0,28,No,No,No trabaja,0,9.9,Sí,0,52.5,No,3,Bajo,0,1
EST00429,Licenciatura en Administración,10,Matutino,24,F,78.6,88.2,2,29,No,No,No trabaja,0,9.3,Sí,8,100,No,4,Bajo,0,0
EST00430,Ingeniería Industrial,1,Vespertino,22,M,83.8,90.0,0,36,No,Sí,No trabaja,0,11.4,Sí,19,68.4,No,4,Bajo,0,0
EST00431,Ingeniería en Gestión Empresarial,5,Vespertino,22,F,81.4,77.6,1,24,No,Sí,No trabaja,0,2.2,Sí,1,78.7,No,5,Bajo,0,0
EST00432,Ingeniería Industrial,6,Matutino,23,M,81.7,87.3,4,30,No,No,Medio tiempo,19,0.5,Sí,19,57.7,No,5,Medio,1,1
EST00433,Ingeniería Electromecánica,10,Matutino,26,F,64.6,82.2,2,31,Sí,No,No trabaja,0,18.8,Sí,6,65.3,Sí,1,Medio,1,1
EST00434,Contador Público,7,Matutino,21,M,62.3,63.9,0,36,Sí,No,Medio tiempo,25,14.9,Sí,1,54.2,No,1,Medio,0,1
EST00435,Ingeniería Civil,5,Vespertino,22,M,88.5,69.7,3,25,Sí,No,Medio tiempo,19,19.1,Sí,10,90.2,No,5,Bajo,1,1
EST00436,Ingeniería en Gestión Empresarial,7,Vespertino,28,F,89.7,81.5,1,25,No,No,No trabaja,0,11.1,Sí,0,71.7,No,3,Bajo,0,0
EST00437,Ingeniería Mecatrónica,2,Matutino,19,M,77.8,87.9,0,28,No,Sí,No trabaja,0,18.2,Sí,12,67.6,No,4,Bajo,0,0
EST00438,Ingeniería en Sistemas Computacionales,3,Vespertino,23,F,68.6,96.8,2,21,No,Sí,No trabaja,0,2.1,Sí,14,69.7,No,4,Bajo,0,0
EST00439,Ingeniería Mecatrónica,5,Vespertino,23,M,68.3,55.3,2,27,Sí,Sí,Tiempo completo,38,5.1,Sí,0,44.0,No,5,Alto,0,1
EST00440,Ingeniería Electromecánica,8,Vespertino,24,M,74.7,84.1,3,19,Sí,Sí,No trabaja,0,11.0,Sí,5,99.8,No,1,Bajo,0,0
EST00441,Ingeniería Industrial,5,Matutino,23,F,74.3,70.8,0,26,No,Sí,No trabaja,0,8.9,No,9,75.3,No,2,Medio,0,0
EST00442,Ingeniería Civil,5,Matutino,20,M,84.4,100.0,3,21,Sí,No,No trabaja,0,11.0,Sí,11,60.7,No,5,Bajo,0,0
EST00443,Contador Público,8,Matutino,23,M,61.3,79.3,3,30,Sí,Sí,No trabaja,0,8.3,No,10,100,No,2,Medio,0,1
EST00444,Ingeniería en Sistemas Computacionales,5,Matutino,21,M,71.3,69.4,0,24,No,No,Medio tiempo,20,11.4,Sí,8,81.0,No,5,Bajo,0,0
EST00445,Ingeniería Electromecánica,5,Matutino,22,F,69.9,83.1,2,30,Sí,Sí,No trabaja,0,1.1,Sí,1,67.2,No,1,Medio,0,1
EST00446,Ingeniería en Gestión Empresarial,10,Matutino,20,F,77.4,71.4,1,27,Sí,No,No trabaja,0,12.5,Sí,1,83.1,No,5,Bajo,0,1
EST00447,Contador Público,7,Matutino,24,M,59.5,91.5,1,32,No,Sí,No trabaja,0,10.2,Sí,7,75.3,No,5,Medio,0,1
EST00448,Licenciatura en Administración,9,Vespertino,21,F,73.1,100,0,33,No,No,No trabaja,0,8.7,Sí,7,75.1,No,2,Bajo,0,0
EST00449,Ingeniería Electromecánica,3,Vespertino,18,M,76.8,86.7,1,25,No,Sí,No trabaja,0,4.8,Sí,12,100,Sí,2,Bajo,0,0
EST00450,Contador Público,7,Matutino,23,F,81.2,79.9,0,36,No,No,Medio tiempo,12,10.7,Sí,3,70.9,No,1,Bajo,0,0
EST00451,Ingeniería Civil,2,Matutino,18,F,61.6,75.7,2,24,No,Sí,No trabaja,0,2.5,Sí,9,89.7,No,4,Bajo,0,0
EST00452,Ingeniería Industrial,8,Vespertino,19,F,79.5,97.5,0,25,No,No,No trabaja,0,0.5,Sí,4,91.4,No,4,Bajo,0,0
EST00453,Ingeniería Electromecánica,2,Matutino,23,M,54.7,72.3,1,28,No,Sí,No trabaja,0,0.5,Sí,3,60.5,No,1,Alto,0,0
EST00454,Ingeniería en Sistemas Computacionales,4,Vespertino,26,F,95.0,69.6,0,19,Sí,Sí,No trabaja,0,15.5,Sí,7,61.7,No,5,Bajo,0,0
EST00455,Ingeniería Civil,1,Matutino,24,F,69.1,85.1,1,31,No,No,Medio tiempo,22,10.7,Sí,8,91.7,No,5,Bajo,0,0
EST00456,Ingeniería Civil,6,Vespertino,23,F,52.9,71.3,1,19,Sí,No,Medio tiempo,17,6.8,Sí,2,60.3,No,5,Alto,0,0
EST00457,Ingeniería Mecatrónica,10,Vespertino,22,F,92.2,72.1,0,27,No,No,No trabaja,0,9.4,Sí,12,55.2,No,3,Bajo,0,0
EST00458,Ingeniería Industrial,1,Vespertino,23,M,79.8,100,0,29,No,Sí,No trabaja,0,3.5,Sí,12,100,No,5,Bajo,0,0
EST00459,Ingeniería Industrial,1,Vespertino,21,M,76.7,85.3,0,32,Sí,No,No trabaja,0,4.9,Sí,3,53.7,No,5,Bajo,1,0
EST00460,Ingeniería en Sistemas Computacionales,10,Vespertino,27,F,82.2,61.5,2,21,No,No,Medio tiempo,20,2.9,Sí,11,92.5,No,4,Bajo,0,0
EST00461,Ingeniería Electromecánica,3,Vespertino,17,F,83.9,87.9,1,28,No,Sí,No trabaja,0,12.8,Sí,6,80.3,No,3,Bajo,0,0
EST00462,Ingeniería en Sistemas Computacionales,2,Vespertino,18,M,86.3,86.2,1,35,Sí,No,Medio tiempo,24,6.8,Sí,6,92.4,No,4,Bajo,0,1
EST00463,Ingeniería Mecatrónica,5,Vespertino,21,F,76.2,78.5,1,19,No,No,Medio tiempo,14,16.0,Sí,3,92.0,No,2,Bajo,0,0
EST00464,Licenciatura en Administración,9,Matutino,21,F,69.7,92.6,2,27,Sí,Sí,No trabaja,0,5.7,Sí,5,71.6,No,2,Bajo,0,0
EST00465,Ingeniería Electromecánica,10,Matutino,23,F,62.4,82.8,2,24,No,Sí,Tiempo completo,30,10.5,Sí,9,100,No,3,Bajo,0,1
EST00466,Ingeniería Industrial,4,Vespertino,20,F,79.9,76.9,0,29,Sí,No,Medio tiempo,26,8.3,Sí,5,81.9,No,2,Bajo,0,0
EST00467,Licenciatura en Administración,2,Vespertino,19,M,90.4,58.0,4,25,No,No,Medio tiempo,17,8.1,Sí,6,72.5,No,5,Medio,0,1
EST00468,Ingeniería Industrial,2,Vespertino,17,M,78.6,86.5,1,21,Sí,No,Medio tiempo,16,17.2,Sí,0,73.9,Sí,1,Bajo,0,0
EST00469,Contador Público,7,Vespertino,24,F,67.5,68.5,1,32,No,Sí,Medio tiempo,13,15.7,Sí,10,56.7,No,3,Alto,0,1
EST00470,Ingeniería Mecatrónica,10,Matutino,23,M,76.7,76.0,2,25,Sí,Sí,Medio tiempo,24,9.6,Sí,5,98.1,No,5,Bajo,0,0
EST00471,Ingeniería Electromecánica,6,Vespertino,21,F,63.6,87.4,1,21,Sí,No,No trabaja,0,12.4,No,7,55.0,No,2,Medio,0,0
EST00472,Ingeniería Industrial,4,Vespertino,22,F,68.3,82.4,3,24,Sí,No,No trabaja,0,12.2,No,9,68.4,Sí,5,Alto,0,0
EST00473,Ingeniería Industrial,8,Vespertino,21,F,68.2,65.8,1,28,No,No,Tiempo completo,33,9.1,Sí,0,31.1,No,2,Alto,1,0
EST00474,Ingeniería en Sistemas Computacionales,1,Matutino,21,F,75.4,75.9,3,34,No,No,Medio tiempo,18,13.4,Sí,11,85.3,No,2,Medio,0,0
EST00475,Ingeniería en Sistemas Computacionales,7,Vespertino,20,F,83.2,66.8,1,30,No,No,Medio tiempo,25,3.5,No,8,75.7,Sí,3,Medio,0,0
EST00476,Ingeniería Electromecánica,7,Vespertino,20,F,73.4,62.4,1,33,No,No,No trabaja,0,16.9,Sí,10,83.1,No,3,Medio,0,0
EST00477,Ingeniería en Sistemas Computacionales,9,Vespertino,23,M,67.2,84.6,2,31,Sí,No,Medio tiempo,23,14.2,No,14,86.8,No,3,Medio,0,0
EST00478,Licenciatura en Administración,3,Matutino,21,M,77.8,85.2,1,23,No,No,No trabaja,0,8.6,No,6,88.4,No,5,Bajo,0,0
EST00479,Ingeniería Civil,9,Matutino,23,F,85.1,86.1,0,25,Sí,Sí,Medio tiempo,26,8.4,Sí,13,87.3,No,4,Bajo,0,0
EST00480,Ingeniería Industrial,2,Matutino,17,M,85.3,91.5,3,27,No,No,No trabaja,0,8.7,Sí,12,81.5,No,2,Bajo,0,0
EST00481,Ingeniería en Gestión Empresarial,7,Vespertino,21,M,78.1,85.9,1,30,No,Sí,Medio tiempo,25,10.8,Sí,12,75.6,No,5,Bajo,0,0
EST00482,Ingeniería Civil,8,Vespertino,21,M,63.2,81.5,2,33,No,No,No trabaja,0,9.4,No,13,72.7,No,1,Medio,1,1
EST00483,Licenciatura en Administración,3,Matutino,19,M,63.3,67.8,1,21,No,No,Tiempo completo,38,16.0,Sí,1,47.4,No,4,Alto,1,0
EST00484,Ingeniería en Sistemas Computacionales,7,Vespertino,24,M,73.0,86.6,1,34,Sí,No,No trabaja,0,18.5,Sí,14,68.0,Sí,1,Medio,0,1
EST00485,Licenciatura en Administración,9,Vespertino,21,M,82.6,79.2,5,27,No,Sí,Tiempo completo,34,9.7,Sí,3,61.3,No,4,Medio,1,1
EST00486,Ingeniería Civil,6,Matutino,23,M,66.0,78.6,1,21,No,Sí,Medio tiempo,19,6.9,Sí,4,89.8,Sí,3,Medio,0,0
EST00487,Contador Público,6,Vespertino,25,M,90.0,93.8,0,18,Sí,Sí,No trabaja,0,7.0,Sí,16,98.6,No,2,Bajo,0,0
EST00488,Ingeniería Industrial,4,Vespertino,19,M,86.0,71.1,4,26,No,No,No trabaja,0,13.1,Sí,13,68.0,No,1,Medio,1,1
EST00489,Contador Público,6,Matutino,24,M,92.4,68.2,0,29,Sí,No,Medio tiempo,21,9.9,Sí,11,91.2,No,5,Bajo,0,0
EST00490,Licenciatura en Administración,2,Vespertino,22,F,91.4,88.2,0,19,No,No,Medio tiempo,11,5.4,Sí,15,100,No,4,Bajo,0,0
EST00491,Ingeniería en Gestión Empresarial,9,Matutino,23,F,80.3,79.6,0,19,Sí,No,Medio tiempo,15,9.3,Sí,13,43.4,No,4,Bajo,0,1
EST00492,Licenciatura en Administración,3,Vespertino,17,M,78.9,73.5,0,32,Sí,No,No trabaja,0,7.5,Sí,9,87.3,No,2,Bajo,0,0
EST00493,Ingeniería en Sistemas Computacionales,5,Vespertino,20,M,81.6,80.9,0,18,No,No,Medio tiempo,12,7.9,Sí,12,100,No,1,Bajo,0,0
EST00494,Ingeniería Electromecánica,4,Matutino,20,M,79.9,77.1,5,26,No,Sí,No trabaja,0,14.4,Sí,4,93.0,No,2,Medio,0,0
EST00495,Ingeniería Mecatrónica,1,Vespertino,21,M,61.8,99.3,1,26,Sí,No,No trabaja,0,15.5,Sí,4,88.8,No,2,Bajo,0,1
EST00496,Licenciatura en Administración,6,Vespertino,19,M,69.9,85.4,4,29,Sí,No,Medio tiempo,21,0.5,Sí,7,59.6,No,4,Medio,0,0
EST00497,Contador Público,7,Vespertino,23,M,76.6,62.6,0,26,No,No,Medio tiempo,25,5.0,Sí,6,75.0,No,2,Bajo,0,0
EST00498,Ingeniería Civil,10,Matutino,24,F,68.8,79.5,4,27,Sí,No,Tiempo completo,39,12.9,Sí,3,72.1,No,3,Medio,0,1
EST00499,Ingeniería Mecatrónica,6,Matutino,18,F,60.7,82.4,2,30,No,No,Tiempo completo,42,10.7,Sí,5,52.0,No,1,Alto,0,0
EST00500,Licenciatura en Administración,6,Vespertino,21,M,69.1,82.1,2,19,Sí,Sí,Tiempo completo,37,9.0,Sí,6,81.4,Sí,2,Medio,0,1
EST00501,Ingeniería Industrial,7,Matutino,23,M,71.6,85.6,2,21,No,No,Medio tiempo,10,11.7,No,12,95.9,No,4,Bajo,0,0
EST00502,Licenciatura en Administración,2,Matutino,23,M,70.4,84.9,0,32,Sí,Sí,Tiempo completo,32,8.1,Sí,1,76.8,No,5,Bajo,0,0
EST00503,Ingeniería en Sistemas Computacionales,9,Vespertino,24,F,72.5,86.1,0,20,No,Sí,No trabaja,0,14.1,Sí,2,66.8,No,1,Bajo,0,0
EST00504,Ingeniería Civil,9,Vespertino,25,F,58.1,100,5,31,No,No,No trabaja,0,10.3,Sí,2,77.7,No,1,Medio,0,1
EST00505,Ingeniería Industrial,4,Vespertino,24,F,75.9,99.1,0,34,No,Sí,Medio tiempo,11,8.7,Sí,9,74.9,No,4,Bajo,1,0
EST00506,Contador Público,3,Vespertino,20,M,81.0,80.1,1,28,No,Sí,No trabaja,0,17.1,Sí,7,84.0,No,2,Bajo,0,0
EST00507,Ingeniería en Gestión Empresarial,8,Matutino,21,M,67.8,74.6,1,27,Sí,Sí,No trabaja,0,8.3,Sí,5,67.0,Sí,1,Medio,0,0
EST00508,Contador Público,7,Matutino,22,M,76.4,75.9,0,27,Sí,No,Tiempo completo,42,4.1,Sí,2,61.6,No,5,Bajo,0,0
EST00509,Ingeniería Electromecánica,6,Vespertino,19,M,68.0,84.4,4,23,No,No,No trabaja,0,2.5,Sí,2,64.8,No,4,Medio,0,0
EST00510,Ingeniería Industrial,7,Vespertino,24,F,61.4,74.5,1,23,No,No,Medio tiempo,14,8.0,Sí,7,68.2,Sí,1,Medio,0,0
EST00511,Contador Público,9,Matutino,23,M,67.3,91.5,2,32,No,Sí,Medio tiempo,17,6.1,No,12,88.9,No,2,Medio,0,0
EST00512,Ingeniería Mecatrónica,4,Vespertino,21,F,83.4,88.4,2,21,No,No,Medio tiempo,23,6.8,No,15,78.7,No,4,Bajo,1,0
EST00513,Ingeniería en Sistemas Computacionales,6,Vespertino,21,M,78.6,70.8,2,23,No,Sí,No trabaja,0,2.0,Sí,10,65.5,No,3,Medio,1,1
EST00514,Ingeniería Industrial,8,Vespertino,22,M,67.0,78.4,3,34,Sí,No,No trabaja,0,0.5,Sí,3,80.0,No,3,Bajo,0,0
EST00515,Ingeniería Electromecánica,8,Vespertino,22,F,81.9,85.2,1,26,No,Sí,No trabaja,0,5.9,Sí,14,65.9,No,2,Bajo,0,1
EST00516,Licenciatura en Administración,9,Vespertino,19,F,66.8,64.9,1,29,No,Sí,Tiempo completo,45,18.5,No,9,99.1,No,1,Medio,0,0
EST00517,Ingeniería Civil,4,Vespertino,20,F,80.0,63.2,0,34,Sí,Sí,Tiempo completo,46,3.8,Sí,4,75.0,No,5,Bajo,0,0
EST00518,Ingeniería Mecatrónica,1,Vespertino,19,F,84.0,86.7,1,36,No,No,Medio tiempo,12,8.2,Sí,7,85.3,No,3,Bajo,0,0
EST00519,Ingeniería en Gestión Empresarial,2,Vespertino,21,F,72.6,67.4,1,32,No,No,Medio tiempo,19,16.1,Sí,4,82.5,No,1,Bajo,0,0
EST00520,Ingeniería Electromecánica,5,Vespertino,22,M,65.2,84.7,2,23,Sí,Sí,Medio tiempo,26,5.6,Sí,6,79.1,No,2,Bajo,0,0
EST00521,Ingeniería Mecatrónica,4,Matutino,21,M,83.6,81.0,1,28,Sí,No,No trabaja,0,4.9,Sí,12,75.2,Sí,3,Bajo,0,0
EST00522,Ingeniería en Gestión Empresarial,10,Vespertino,23,M,68.7,99.1,1,31,No,No,No trabaja,0,4.3,Sí,12,61.4,No,2,Bajo,0,0
EST00523,Ingeniería Mecatrónica,8,Vespertino,26,F,70.1,88.3,1,24,No,Sí,Medio tiempo,18,10.1,Sí,9,54.4,Sí,3,Medio,1,1
EST00524,Ingeniería en Gestión Empresarial,10,Vespertino,28,M,70.5,87.3,0,29,No,Sí,Medio tiempo,25,4.7,No,4,87.8,No,5,Bajo,0,0
EST00525,Contador Público,3,Matutino,18,F,62.4,77.6,2,20,No,Sí,No trabaja,0,4.8,Sí,11,79.1,No,3,Bajo,0,0
EST00526,Ingeniería Civil,3,Vespertino,18,M,78.0,81.8,0,31,No,No,No trabaja,0,10.3,Sí,12,77.6,No,5,Bajo,0,0
EST00527,Ingeniería en Sistemas Computacionales,10,Vespertino,29,M,72.0,71.2,2,35,Sí,Sí,Medio tiempo,25,8.6,Sí,8,85.4,No,1,Bajo,0,0
EST00528,Ingeniería Industrial,7,Vespertino,17,F,64.4,81.3,4,18,No,Sí,Medio tiempo,12,11.7,Sí,4,100,Sí,4,Medio,1,1
EST00529,Ingeniería Electromecánica,4,Vespertino,18,F,84.1,98.1,0,18,No,No,Medio tiempo,28,7.2,No,15,85.2,No,5,Bajo,0,0
EST00530,Ingeniería Civil,4,Matutino,20,M,87.8,100,3,30,Sí,No,No trabaja,0,15.0,Sí,16,70.9,No,1,Bajo,0,0
EST00531,Ingeniería Industrial,2,Matutino,17,F,55.8,100,0,34,Sí,Sí,No trabaja,0,8.7,No,4,48.3,Sí,5,Medio,0,0
EST00532,Ingeniería Industrial,6,Vespertino,26,M,70.3,72.6,3,19,Sí,Sí,Tiempo completo,39,5.2,Sí,3,65.7,No,4,Medio,1,0
EST00533,Ingeniería Civil,5,Vespertino,18,M,58.2,100,2,29,No,No,No trabaja,0,1.5,No,4,79.6,Sí,2,Medio,1,0
EST00534,Ingeniería Mecatrónica,7,Matutino,18,F,66.3,85.8,2,22,No,Sí,No trabaja,0,6.5,No,12,74.1,No,1,Medio,0,1
EST00535,Licenciatura en Administración,10,Matutino,19,F,77.2,88.1,0,21,Sí,No,No trabaja,0,10.4,Sí,4,90.2,No,2,Bajo,0,0
EST00536,Ingeniería Electromecánica,3,Vespertino,18,F,86.4,85.3,0,30,Sí,No,Medio tiempo,22,13.2,Sí,14,69.2,No,2,Bajo,0,0
EST00537,Ingeniería en Gestión Empresarial,4,Vespertino,19,F,74.5,100,1,21,No,No,Medio tiempo,26,3.8,Sí,5,82.9,No,2,Bajo,0,1
EST00538,Ingeniería Mecatrónica,2,Matutino,24,F,54.1,95.3,1,30,No,Sí,Medio tiempo,19,7.2,Sí,14,91.2,No,4,Bajo,0,1
EST00539,Licenciatura en Administración,9,Matutino,20,F,80.6,89.1,1,25,No,No,Medio tiempo,21,6.2,Sí,15,48.3,No,5,Bajo,0,1
EST00540,Contador Público,5,Vespertino,26,M,84.1,91.1,2,20,Sí,Sí,No trabaja,0,0.5,No,9,98.1,No,1,Bajo,0,0
EST00541,Ingeniería Civil,7,Matutino,21,F,83.8,91.8,2,36,No,Sí,No trabaja,0,4.3,Sí,5,62.4,No,3,Bajo,1,1
EST00542,Ingeniería Electromecánica,9,Matutino,23,F,74.7,85.1,5,28,No,No,Medio tiempo,19,1.0,Sí,0,51.2,No,5,Alto,1,0
EST00543,Ingeniería en Gestión Empresarial,5,Matutino,20,M,66.7,90.7,4,26,No,No,No trabaja,0,8.6,Sí,10,67.4,No,4,Medio,0,1
EST00544,Ingeniería Industrial,8,Matutino,21,M,62.1,76.9,2,19,No,No,Medio tiempo,13,6.8,Sí,9,92.6,Sí,4,Medio,1,0
EST00545,Ingeniería Civil,6,Vespertino,23,F,79.6,81.9,0,31,No,No,No trabaja,0,0.5,Sí,0,69.6,No,5,Bajo,0,0
EST00546,Ingeniería en Sistemas Computacionales,8,Vespertino,20,M,46.0,77.4,3,30,No,Sí,Tiempo completo,37,16.1,Sí,12,83.8,No,3,Alto,0,0
EST00547,Ingeniería Civil,6,Vespertino,24,M,83.2,100,1,28,No,No,No trabaja,0,14.7,Sí,18,83.1,No,4,Bajo,0,0
EST00548,Ingeniería Electromecánica,9,Matutino,20,F,77.7,79.5,0,22,No,No,No trabaja,0,14.5,No,1,78.1,No,4,Bajo,0,0
EST00549,Licenciatura en Administración,4,Vespertino,22,F,74.6,91.2,0,18,Sí,Sí,Medio tiempo,18,5.0,Sí,0,79.7,No,2,Bajo,0,0
EST00550,Ingeniería Mecatrónica,9,Vespertino,19,M,64.5,100,1,20,No,No,Medio tiempo,21,0.5,Sí,2,55.6,No,3,Medio,0,1
EST00551,Ingeniería en Gestión Empresarial,9,Vespertino,26,F,75.3,76.4,1,31,Sí,No,Medio tiempo,27,15.9,Sí,2,82.6,No,3,Bajo,0,0
EST00552,Ingeniería Industrial,6,Matutino,23,M,81.4,83.4,1,27,Sí,No,Tiempo completo,30,7.6,Sí,9,87.0,No,2,Bajo,0,0
EST00553,Licenciatura en Administración,1,Matutino,19,F,73.8,76.5,2,23,No,No,Medio tiempo,12,3.5,Sí,0,63.1,Sí,2,Medio,0,0
EST00554,Contador Público,7,Vespertino,22,M,85.7,75.9,0,30,Sí,Sí,No trabaja,0,5.9,Sí,5,100,No,4,Bajo,0,0
EST00555,Ingeniería en Sistemas Computacionales,10,Matutino,24,M,80.1,84.3,1,20,No,Sí,No trabaja,0,8.8,No,3,57.9,No,1,Bajo,1,0
EST00556,Ingeniería Mecatrónica,10,Vespertino,19,F,88.8,87.0,4,21,No,No,No trabaja,0,3.3,Sí,8,98.5,No,5,Bajo,0,1
EST00557,Ingeniería Civil,10,Matutino,28,M,69.6,69.1,3,19,Sí,No,Tiempo completo,47,8.8,Sí,14,89.0,No,1,Medio,0,0
EST00558,Ingeniería Industrial,6,Vespertino,22,M,70.8,89.5,1,33,Sí,No,No trabaja,0,0.5,Sí,8,68.2,No,4,Bajo,0,0
EST00559,Ingeniería en Sistemas Computacionales,9,Matutino,23,F,71.7,90.2,1,31,No,No,Medio tiempo,11,11.4,Sí,8,91.7,No,3,Bajo,1,0
EST00560,Ingeniería en Gestión Empresarial,3,Matutino,20,F,79.6,80.8,4,18,No,No,No trabaja,0,6.7,Sí,10,92.3,No,1,Bajo,0,0
EST00561,Licenciatura en Administración,7,Matutino,24,M,75.5,90.4,0,31,No,No,Tiempo completo,43,15.7,Sí,13,96.5,No,3,Bajo,0,0
EST00562,Ingeniería en Gestión Empresarial,3,Matutino,22,F,72.4,73.5,1,27,No,Sí,Tiempo completo,45,10.3,Sí,4,78.7,No,2,Medio,0,0
EST00563,Ingeniería en Gestión Empresarial,4,Matutino,20,M,88.7,91.7,0,29,No,Sí,No trabaja,0,8.8,Sí,7,78.7,No,2,Bajo,0,0
EST00564,Ingeniería Civil,6,Matutino,17,M,78.0,82.0,4,34,Sí,No,Medio tiempo,18,2.9,Sí,2,58.0,Sí,2,Medio,0,0
EST00565,Ingeniería Electromecánica,9,Matutino,26,F,69.2,75.0,0,25,Sí,Sí,No trabaja,0,21.1,Sí,0,42.6,Sí,1,Medio,0,0
EST00566,Ingeniería Industrial,1,Vespertino,23,M,71.7,78.0,5,32,No,No,Medio tiempo,22,5.7,Sí,14,91.9,No,4,Alto,1,1
EST00567,Ingeniería Mecatrónica,7,Vespertino,24,F,75.3,71.9,0,30,Sí,Sí,No trabaja,0,5.1,Sí,10,61.9,No,4,Medio,0,0
EST00568,Ingeniería en Gestión Empresarial,7,Vespertino,21,M,54.2,73.9,3,32,No,No,No trabaja,0,13.0,Sí,12,85.5,No,2,Medio,0,1
EST00569,Ingeniería en Gestión Empresarial,5,Vespertino,23,F,68.2,74.7,3,30,No,No,Medio tiempo,26,10.3,No,12,86.6,No,1,Alto,0,1
EST00570,Ingeniería en Gestión Empresarial,6,Matutino,20,F,82.7,77.1,3,24,No,No,No trabaja,0,0.5,Sí,3,65.9,No,3,Medio,0,0
EST00571,Licenciatura en Administración,3,Vespertino,19,F,61.1,76.6,4,21,No,Sí,Tiempo completo,34,19.2,Sí,2,69.8,No,5,Alto,1,0
EST00572,Licenciatura en Administración,8,Matutino,22,M,73.7,73.8,0,24,No,Sí,Tiempo completo,48,9.4,Sí,5,67.0,No,1,Medio,0,1
EST00573,Contador Público,3,Vespertino,21,M,61.7,71.5,1,32,No,No,Tiempo completo,30,5.8,No,5,75.0,No,1,Medio,0,0
EST00574,Ingeniería en Sistemas Computacionales,5,Vespertino,22,M,70.8,84.9,0,28,Sí,No,No trabaja,0,15.4,Sí,5,78.6,No,3,Bajo,0,0
EST00575,Ingeniería Industrial,6,Matutino,23,F,83.0,67.5,3,18,No,Sí,No trabaja,0,9.5,Sí,11,91.9,No,5,Bajo,0,0
EST00576,Ingeniería en Gestión Empresarial,6,Matutino,21,F,74.5,79.7,1,24,Sí,No,No trabaja,0,7.7,Sí,1,57.2,No,1,Medio,0,0
EST00577,Ingeniería Mecatrónica,8,Vespertino,22,F,73.2,100,0,21,No,No,No trabaja,0,1.0,Sí,1,76.7,No,2,Bajo,0,0
EST00578,Ingeniería Electromecánica,10,Vespertino,21,M,62.7,62.3,2,19,Sí,Sí,No trabaja,0,8.8,Sí,5,86.0,No,1,Medio,0,0
EST00579,Ingeniería en Gestión Empresarial,1,Matutino,18,M,63.9,83.6,3,28,No,No,Medio tiempo,12,18.4,Sí,11,88.8,Sí,3,Alto,1,1
EST00580,Ingeniería en Gestión Empresarial,6,Vespertino,17,M,86.6,71.4,3,22,No,No,No trabaja,0,11.9,Sí,0,41.3,Sí,1,Alto,0,1
EST00581,Ingeniería en Sistemas Computacionales,7,Vespertino,23,F,77.0,90.4,1,33,No,Sí,No trabaja,0,13.4,Sí,13,100,Sí,5,Bajo,0,1
EST00582,Licenciatura en Administración,8,Vespertino,24,M,66.0,91.3,2,28,No,No,Medio tiempo,23,14.6,No,12,79.2,No,2,Medio,0,1
EST00583,Licenciatura en Administración,7,Matutino,22,F,70.4,65.3,0,28,No,No,Tiempo completo,40,14.2,No,9,84.8,No,4,Medio,0,0
EST00584,Ingeniería en Gestión Empresarial,1,Vespertino,19,F,86.2,88.1,0,26,No,No,Medio tiempo,12,8.8,Sí,7,72.2,Sí,3,Bajo,0,0
EST00585,Ingeniería Mecatrónica,5,Vespertino,19,F,72.6,87.4,1,34,Sí,No,Medio tiempo,16,9.5,Sí,12,66.5,No,1,Medio,0,1
EST00586,Ingeniería Electromecánica,1,Matutino,18,F,65.6,74.9,2,26,No,No,No trabaja,0,0.7,No,3,68.2,Sí,4,Medio,0,1
EST00587,Licenciatura en Administración,9,Vespertino,21,M,66.5,73.0,2,36,No,No,Medio tiempo,23,12.8,Sí,0,70.4,Sí,3,Alto,1,1
EST00588,Ingeniería Mecatrónica,2,Matutino,22,M,56.5,76.8,0,24,No,Sí,Tiempo completo,40,7.4,Sí,1,70.6,No,1,Bajo,1,0
EST00589,Ingeniería Civil,8,Matutino,26,F,86.8,76.4,2,35,Sí,No,Tiempo completo,34,11.6,Sí,3,57.0,No,4,Medio,0,0
EST00590,Ingeniería Mecatrónica,7,Matutino,22,M,76.4,76.3,3,30,Sí,Sí,No trabaja,0,9.6,Sí,4,67.5,No,2,Medio,0,0
EST00591,Ingeniería Civil,3,Matutino,24,F,88.1,71.9,0,25,No,No,No trabaja,0,11.8,Sí,14,87.4,Sí,2,Bajo,1,0
EST00592,Licenciatura en Administración,4,Vespertino,23,M,66.0,85.7,3,20,No,No,No trabaja,0,7.0,Sí,14,85.5,Sí,4,Medio,1,1
EST00593,Ingeniería en Sistemas Computacionales,5,Vespertino,19,F,77.6,74.4,0,18,Sí,Sí,No trabaja,0,14.3,Sí,0,80.9,No,4,Bajo,0,0
EST00594,Ingeniería Civil,2,Matutino,24,F,75.6,76.5,0,36,No,Sí,No trabaja,0,0.5,Sí,11,78.5,No,5,Bajo,0,1
EST00595,Contador Público,8,Vespertino,22,F,76.6,81.9,3,25,No,No,Medio tiempo,18,9.9,Sí,12,100,No,2,Bajo,0,0
EST00596,Ingeniería en Gestión Empresarial,4,Matutino,21,M,76.3,71.7,0,29,No,No,No trabaja,0,11.5,Sí,9,69.2,No,3,Bajo,0,0
EST00597,Ingeniería en Gestión Empresarial,9,Vespertino,21,M,73.6,58.8,1,22,No,No,Tiempo completo,40,13.9,Sí,8,57.5,No,4,Medio,0,0
EST00598,Contador Público,2,Vespertino,25,F,75.2,78.8,0,28,No,No,No trabaja,0,0.5,Sí,5,79.2,No,5,Bajo,0,0
EST00599,Contador Público,4,Vespertino,21,F,69.1,63.3,4,22,No,No,No trabaja,0,0.5,Sí,11,91.9,No,2,Medio,0,0
EST00600,Ingeniería Industrial,4,Matutino,23,F,73.7,85.5,4,30,Sí,No,No trabaja,0,9.5,Sí,9,77.7,No,3,Medio,0,0
EST00601,Ingeniería en Gestión Empresarial,10,Matutino,20,M,78.3,66.9,0,36,No,Sí,No trabaja,0,0.5,Sí,5,100,No,4,Bajo,0,0
EST00602,Ingeniería Industrial,8,Vespertino,21,F,85.6,85.8,2,32,Sí,No,No trabaja,0,8.3,Sí,8,89.3,No,4,Bajo,0,0
EST00603,Ingeniería en Gestión Empresarial,2,Matutino,17,M,86.0,92.1,0,32,Sí,No,Medio tiempo,27,11.1,Sí,4,78.9,Sí,5,Bajo,0,0
EST00604,Ingeniería Civil,8,Vespertino,22,F,81.7,78.1,0,21,Sí,Sí,Medio tiempo,11,14.9,Sí,2,94.2,Sí,5,Bajo,0,0
EST00605,Contador Público,1,Vespertino,19,M,79.7,87.1,0,30,No,No,No trabaja,0,6.9,Sí,3,96.6,No,1,Bajo,0,0
EST00606,Ingeniería en Gestión Empresarial,9,Vespertino,20,F,70.8,99.7,0,34,No,No,Medio tiempo,13,6.6,Sí,1,57.8,No,2,Bajo,0,0
EST00607,Ingeniería Civil,8,Matutino,23,M,80.2,74.7,3,22,No,Sí,No trabaja,0,15.3,Sí,1,31.3,No,5,Alto,0,1
EST00608,Licenciatura en Administración,4,Vespertino,18,F,60.2,82.4,2,23,Sí,Sí,Tiempo completo,42,14.6,Sí,8,70.3,Sí,3,Alto,1,1
EST00609,Ingeniería Mecatrónica,1,Vespertino,20,M,84.2,75.1,1,36,No,No,No trabaja,0,13.8,Sí,14,74.2,No,3,Bajo,0,0
EST00610,Ingeniería en Gestión Empresarial,6,Matutino,22,M,78.7,66.1,1,31,Sí,Sí,Tiempo completo,46,13.7,No,9,55.4,No,3,Alto,1,0
EST00611,Ingeniería Electromecánica,4,Vespertino,20,F,74.1,78.8,2,28,Sí,No,Medio tiempo,28,1.6,Sí,10,87.0,No,3,Bajo,0,0
EST00612,Ingeniería en Gestión Empresarial,9,Vespertino,24,M,83.8,76.5,4,32,No,Sí,No trabaja,0,15.5,Sí,8,72.2,No,4,Medio,1,1
EST00613,Contador Público,8,Matutino,20,F,79.9,85.0,1,22,No,Sí,No trabaja,0,9.9,Sí,14,81.4,Sí,1,Bajo,0,1
EST00614,Ingeniería Industrial,6,Vespertino,21,F,76.6,79.2,0,25,Sí,No,Medio tiempo,28,13.4,No,13,69.0,Sí,3,Medio,1,0
EST00615,Ingeniería Electromecánica,8,Matutino,26,F,70.4,77.5,3,32,Sí,No,No trabaja,0,15.6,No,1,77.8,Sí,2,Medio,0,0
EST00616,Contador Público,1,Vespertino,21,M,65.2,65.3,0,30,Sí,Sí,Medio tiempo,26,17.6,Sí,6,85.2,No,5,Medio,0,1
EST00617,Ingeniería Civil,7,Vespertino,25,F,70.4,79.9,0,31,No,No,Medio tiempo,12,6.8,Sí,14,68.7,No,4,Medio,0,0
EST00618,Ingeniería Electromecánica,8,Matutino,24,F,73.1,72.6,0,34,No,Sí,Medio tiempo,22,19.3,Sí,7,86.6,No,1,Bajo,0,1
EST00619,Contador Público,5,Matutino,20,F,72.9,94.9,0,18,No,No,Medio tiempo,28,8.4,Sí,3,61.8,No,2,Bajo,0,0
EST00620,Ingeniería en Gestión Empresarial,9,Vespertino,22,F,76.2,83.8,1,19,No,Sí,No trabaja,0,5.6,Sí,2,80.5,No,3,Bajo,0,0
EST00621,Ingeniería Electromecánica,8,Matutino,19,F,82.9,90.2,1,33,No,No,No trabaja,0,11.6,Sí,12,68.2,No,4,Bajo,0,0
EST00622,Licenciatura en Administración,10,Vespertino,23,M,78.8,97.0,0,31,No,No,No trabaja,0,1.7,Sí,4,73.5,No,1,Bajo,1,0
EST00623,Ingeniería Mecatrónica,8,Matutino,21,F,64.1,84.9,5,22,No,No,No trabaja,0,4.9,No,0,67.8,Sí,3,Alto,1,1
EST00624,Contador Público,7,Matutino,20,M,69.8,89.2,0,22,No,No,No trabaja,0,5.7,Sí,8,81.6,No,1,Bajo,0,1
EST00625,Contador Público,6,Vespertino,20,M,78.5,73.4,1,35,No,No,No trabaja,0,13.4,Sí,9,31.2,Sí,4,Medio,0,1
EST00626,Ingeniería en Gestión Empresarial,5,Matutino,24,F,82.8,79.3,0,22,No,No,Medio tiempo,18,19.4,Sí,9,81.0,Sí,3,Medio,1,0
EST00627,Ingeniería Electromecánica,8,Matutino,23,F,51.1,49.4,2,28,No,Sí,Tiempo completo,45,22.1,Sí,10,66.1,No,3,Alto,1,0
EST00628,Ingeniería Civil,1,Vespertino,18,M,72.4,100,0,22,No,No,No trabaja,0,9.6,Sí,13,88.0,No,5,Bajo,0,0
EST00629,Licenciatura en Administración,7,Vespertino,20,F,76.4,61.5,0,31,No,No,No trabaja,0,11.6,No,0,64.2,No,1,Medio,0,0
EST00630,Contador Público,10,Matutino,19,M,73.9,89.2,0,18,Sí,No,No trabaja,0,15.5,Sí,6,75.8,No,5,Bajo,0,0
EST00631,Ingeniería en Sistemas Computacionales,1,Vespertino,20,M,83.1,78.4,1,19,No,No,Medio tiempo,21,11.9,Sí,13,100,No,2,Bajo,0,0
EST00632,Ingeniería Electromecánica,10,Vespertino,21,M,68.0,71.8,2,19,No,No,No trabaja,0,4.1,Sí,5,71.0,No,2,Medio,0,0
EST00633,Ingeniería Electromecánica,7,Vespertino,23,M,76.5,84.8,0,32,Sí,Sí,Medio tiempo,16,4.9,Sí,11,100,No,2,Bajo,0,0
EST00634,Contador Público,7,Matutino,25,M,76.9,84.2,3,26,No,No,Tiempo completo,36,5.2,Sí,13,55.7,No,3,Medio,1,1
EST00635,Licenciatura en Administración,7,Vespertino,25,F,90.0,95.3,0,22,Sí,No,No trabaja,0,6.4,No,14,100,No,4,Bajo,0,0
EST00636,Licenciatura en Administración,6,Vespertino,21,F,76.7,93.8,1,36,No,Sí,No trabaja,0,11.4,Sí,9,89.9,No,5,Bajo,1,0
EST00637,Ingeniería Electromecánica,9,Vespertino,25,M,88.6,77.0,0,28,No,No,Medio tiempo,12,10.5,Sí,3,56.2,Sí,4,Bajo,0,0
EST00638,Ingeniería Electromecánica,7,Vespertino,24,F,84.0,70.5,0,34,No,Sí,Tiempo completo,44,9.1,Sí,11,82.4,No,1,Bajo,1,0
EST00639,Ingeniería Civil,9,Vespertino,23,M,73.0,80.3,4,18,Sí,Sí,Medio tiempo,20,0.5,Sí,14,82.0,No,1,Bajo,0,0
EST00640,Contador Público,4,Matutino,18,M,81.2,79.0,4,20,No,No,No trabaja,0,16.8,Sí,12,82.6,No,1,Medio,0,0
EST00641,Ingeniería en Gestión Empresarial,9,Matutino,20,F,70.4,81.9,4,20,No,Sí,No trabaja,0,10.0,Sí,2,70.9,No,2,Medio,0,0
EST00642,Licenciatura en Administración,1,Vespertino,22,M,81.3,96.1,1,20,No,No,No trabaja,0,0.5,Sí,14,98.5,No,2,Bajo,0,0
EST00643,Licenciatura en Administración,6,Matutino,22,F,67.1,75.7,7,20,Sí,Sí,No trabaja,0,8.0,No,1,57.9,Sí,3,Alto,1,0
EST00644,Licenciatura en Administración,2,Matutino,21,F,80.3,86.9,0,26,No,No,No trabaja,0,0.7,Sí,6,74.3,Sí,1,Bajo,0,1
EST00645,Ingeniería Electromecánica,5,Vespertino,27,M,64.0,72.2,0,26,No,Sí,No trabaja,0,11.4,Sí,5,88.8,No,5,Bajo,0,0
EST00646,Ingeniería Electromecánica,5,Matutino,22,M,64.2,92.8,0,36,Sí,Sí,Tiempo completo,39,2.0,Sí,14,60.9,No,1,Bajo,0,0
EST00647,Ingeniería Civil,2,Vespertino,22,F,84.5,100,5,18,No,No,Medio tiempo,10,16.6,Sí,18,61.9,No,2,Medio,0,1
EST00648,Contador Público,4,Vespertino,22,M,76.4,84.1,0,31,Sí,No,No trabaja,0,15.9,Sí,9,43.4,No,5,Bajo,0,1
EST00649,Ingeniería Mecatrónica,10,Matutino,24,F,72.0,68.9,4,36,Sí,Sí,No trabaja,0,1.7,No,3,68.5,Sí,1,Medio,1,1
EST00650,Ingeniería Industrial,6,Vespertino,24,M,69.9,88.1,5,33,No,Sí,No trabaja,0,8.2,Sí,4,72.1,No,2,Medio,1,0
EST00651,Ingeniería en Sistemas Computacionales,8,Vespertino,23,M,61.7,86.8,2,25,No,Sí,No trabaja,0,11.8,Sí,11,99.6,No,1,Bajo,0,0
EST00652,Ingeniería en Gestión Empresarial,3,Matutino,21,M,86.0,94.2,1,26,No,No,No trabaja,0,0.5,Sí,12,81.9,No,2,Bajo,0,0
EST00653,Ingeniería Electromecánica,5,Matutino,21,F,76.1,67.0,0,33,Sí,Sí,Medio tiempo,26,0.5,No,1,67.3,No,3,Bajo,0,0
EST00654,Contador Público,10,Vespertino,25,F,72.2,63.7,1,20,Sí,Sí,Tiempo completo,40,12.8,Sí,14,88.1,No,4,Medio,0,0
EST00655,Ingeniería Industrial,9,Vespertino,22,F,54.7,100,3,24,Sí,Sí,No trabaja,0,4.8,Sí,14,82.6,No,5,Medio,0,0
EST00656,Ingeniería Civil,1,Vespertino,19,F,74.6,74.4,1,18,No,No,Tiempo completo,45,2.1,Sí,5,96.6,No,4,Bajo,0,0
EST00657,Ingeniería en Sistemas Computacionales,5,Matutino,22,F,65.1,87.6,1,19,Sí,No,Medio tiempo,16,12.1,Sí,14,79.8,No,3,Bajo,0,0
EST00658,Contador Público,3,Matutino,21,M,89.9,94.7,0,22,No,Sí,No trabaja,0,5.9,Sí,9,79.4,No,4,Bajo,0,0
EST00659,Licenciatura en Administración,8,Matutino,24,F,71.7,81.5,2,18,Sí,Sí,Tiempo completo,43,1.9,Sí,4,60.2,No,4,Medio,1,0
EST00660,Ingeniería en Sistemas Computacionales,4,Matutino,19,F,73.7,87.2,1,20,Sí,Sí,No trabaja,0,6.8,Sí,8,96.8,Sí,2,Bajo,0,0
EST00661,Ingeniería Mecatrónica,1,Vespertino,17,F,71.7,81.3,1,28,No,No,Medio tiempo,17,9.7,Sí,10,77.5,Sí,2,Medio,0,0
EST00662,Ingeniería en Sistemas Computacionales,1,Matutino,18,F,54.5,85.8,5,22,No,Sí,No trabaja,0,18.1,No,5,77.0,No,1,Alto,0,1
EST00663,Ingeniería Electromecánica,3,Matutino,19,M,81.9,99.2,2,28,No,No,No trabaja,0,8.0,Sí,6,79.0,No,2,Bajo,1,0
EST00664,Ingeniería Civil,7,Vespertino,21,M,82.2,90.4,0,28,No,Sí,Medio tiempo,22,7.0,Sí,4,78.8,No,4,Bajo,0,0
EST00665,Ingeniería en Sistemas Computacionales,8,Matutino,21,M,79.3,87.3,0,19,No,No,Medio tiempo,10,11.5,Sí,13,61.3,Sí,5,Medio,0,0
EST00666,Ingeniería en Sistemas Computacionales,5,Vespertino,24,M,76.8,77.7,1,30,Sí,No,No trabaja,0,7.0,Sí,2,66.4,No,4,Bajo,0,0
EST00667,Ingeniería Electromecánica,7,Vespertino,23,M,74.2,86.0,5,26,Sí,Sí,Medio tiempo,14,12.8,Sí,13,95.5,No,5,Medio,0,1
EST00668,Licenciatura en Administración,5,Matutino,23,M,70.8,67.2,3,34,No,No,No trabaja,0,18.8,Sí,13,51.4,Sí,1,Alto,1,1
EST00669,Ingeniería Civil,9,Matutino,24,F,91.3,87.6,0,27,Sí,No,No trabaja,0,4.8,Sí,17,88.1,No,3,Bajo,0,0
EST00670,Licenciatura en Administración,2,Vespertino,20,F,75.2,66.7,1,24,Sí,No,No trabaja,0,0.5,Sí,1,65.5,No,4,Bajo,0,1
EST00671,Contador Público,1,Matutino,25,M,87.8,70.5,2,34,No,No,Medio tiempo,20,5.4,Sí,0,81.9,No,5,Bajo,0,0
EST00672,Contador Público,2,Matutino,22,F,77.4,92.1,5,21,No,Sí,No trabaja,0,2.8,Sí,14,81.1,No,4,Medio,0,0
EST00673,Licenciatura en Administración,3,Matutino,23,F,72.5,90.2,6,24,Sí,Sí,Tiempo completo,48,12.8,Sí,11,80.1,Sí,2,Alto,1,1
EST00674,Licenciatura en Administración,7,Matutino,26,M,76.6,66.2,0,31,No,No,No trabaja,0,16.7,No,11,100,Sí,1,Medio,1,0
EST00675,Ingeniería en Sistemas Computacionales,1,Matutino,20,F,66.4,94.0,5,21,No,No,No trabaja,0,7.6,Sí,12,87.9,No,1,Alto,0,1
EST00676,Ingeniería Mecatrónica,7,Matutino,18,M,69.7,100,0,34,No,No,Medio tiempo,14,10.1,No,12,86.1,No,3,Bajo,0,0
EST00677,Ingeniería Mecatrónica,7,Matutino,23,F,73.3,76.3,2,27,Sí,No,No trabaja,0,17.4,Sí,2,89.8,No,1,Bajo,0,0
EST00678,Contador Público,10,Vespertino,25,M,66.7,77.2,2,28,No,No,No trabaja,0,2.6,Sí,4,98.3,No,3,Bajo,0,0
EST00679,Ingeniería Civil,3,Matutino,24,F,54.7,67.9,2,22,No,Sí,No trabaja,0,16.2,No,1,51.0,No,4,Alto,1,1
EST00680,Ingeniería Civil,9,Matutino,21,M,81.1,52.1,3,21,No,Sí,Medio tiempo,26,16.9,No,14,75.5,No,1,Medio,0,0
EST00681,Ingeniería Mecatrónica,7,Vespertino,21,M,75.1,86.1,2,18,No,No,No trabaja,0,8.1,Sí,12,63.3,No,3,Medio,1,1
EST00682,Licenciatura en Administración,10,Vespertino,27,M,80.2,75.7,1,19,No,No,Medio tiempo,18,7.8,Sí,13,97.5,No,5,Bajo,1,0
EST00683,Contador Público,10,Vespertino,25,F,85.7,90.7,0,18,Sí,No,No trabaja,0,5.7,Sí,6,63.0,No,2,Bajo,0,0
EST00684,Licenciatura en Administración,1,Vespertino,19,F,70.7,68.5,0,27,No,No,Tiempo completo,44,11.1,Sí,0,63.4,No,1,Medio,0,0
EST00685,Licenciatura en Administración,1,Matutino,20,M,88.1,79.5,1,26,Sí,No,Tiempo completo,31,2.0,Sí,3,74.1,No,5,Bajo,0,0
EST00686,Ingeniería Civil,6,Vespertino,24,F,71.2,80.4,0,31,Sí,Sí,No trabaja,0,13.8,No,8,94.1,No,2,Bajo,0,0
EST00687,Contador Público,2,Matutino,20,M,81.7,77.4,0,34,Sí,No,No trabaja,0,11.3,Sí,13,91.3,No,2,Bajo,0,0
EST00688,Ingeniería Electromecánica,2,Vespertino,19,F,81.5,81.4,1,23,Sí,No,Tiempo completo,45,9.5,Sí,3,60.5,No,2,Medio,0,0
EST00689,Ingeniería en Gestión Empresarial,4,Vespertino,22,F,64.3,80.8,4,36,No,Sí,Tiempo completo,46,5.8,Sí,10,53.0,No,3,Alto,0,1
EST00690,Ingeniería en Gestión Empresarial,4,Vespertino,17,F,73.1,78.9,0,23,Sí,Sí,No trabaja,0,7.8,Sí,6,73.1,Sí,1,Bajo,0,0
EST00691,Ingeniería Industrial,5,Vespertino,18,F,92.8,80.7,4,35,No,No,No trabaja,0,4.9,Sí,12,77.7,No,4,Bajo,0,0
EST00692,Ingeniería en Sistemas Computacionales,3,Matutino,21,M,76.6,76.6,5,22,Sí,No,Medio tiempo,17,8.0,Sí,9,70.0,No,5,Alto,0,1
EST00693,Ingeniería Electromecánica,6,Vespertino,20,F,79.9,77.8,2,23,Sí,Sí,Medio tiempo,24,3.9,No,9,68.9,Sí,2,Medio,0,0
EST00694,Ingeniería en Gestión Empresarial,8,Vespertino,21,M,70.0,95.9,2,35,Sí,No,No trabaja,0,11.3,Sí,8,100,No,2,Bajo,0,0
EST00695,Ingeniería Electromecánica,1,Vespertino,20,M,71.8,96.3,0,29,Sí,Sí,Medio tiempo,28,3.0,Sí,2,80.9,No,2,Bajo,0,0
EST00696,Ingeniería Electromecánica,3,Matutino,20,M,85.5,80.4,0,20,No,No,Medio tiempo,17,6.6,Sí,14,73.9,No,5,Bajo,0,0
EST00697,Licenciatura en Administración,7,Matutino,23,F,83.6,90.1,2,29,No,Sí,Tiempo completo,37,8.3,Sí,15,37.6,No,3,Medio,1,1
EST00698,Ingeniería en Gestión Empresarial,5,Vespertino,21,F,81.8,66.2,0,25,Sí,No,Tiempo completo,46,12.9,Sí,0,77.9,No,1,Bajo,1,0
EST00699,Ingeniería Civil,2,Matutino,20,F,72.1,94.5,4,26,No,No,Medio tiempo,25,3.3,No,2,66.4,No,1,Medio,0,1
EST00700,Licenciatura en Administración,3,Vespertino,19,F,75.6,82.8,0,34,No,No,Medio tiempo,26,13.9,Sí,13,83.5,No,2,Bajo,0,0
EST00701,Contador Público,7,Matutino,26,M,84.1,95.9,5,26,No,No,Medio tiempo,24,5.7,Sí,11,70.3,No,2,Medio,0,0
EST00702,Ingeniería Electromecánica,3,Matutino,20,F,69.5,69.2,1,22,No,No,Tiempo completo,43,16.8,Sí,13,92.9,No,1,Bajo,1,1
EST00703,Licenciatura en Administración,8,Matutino,19,M,84.5,74.2,0,36,No,No,Medio tiempo,15,7.8,Sí,11,65.6,No,3,Bajo,0,1
EST00704,Ingeniería en Gestión Empresarial,8,Vespertino,22,F,77.4,80.0,0,23,No,No,No trabaja,0,6.3,No,12,91.3,No,2,Bajo,0,0
EST00705,Ingeniería Mecatrónica,1,Vespertino,19,F,72.4,85.8,0,20,No,Sí,Tiempo completo,46,7.5,Sí,2,70.9,No,2,Bajo,0,0
EST00706,Ingeniería en Gestión Empresarial,3,Vespertino,22,F,68.3,89.7,0,35,No,No,No trabaja,0,15.5,Sí,11,75.4,No,4,Bajo,1,0
EST00707,Ingeniería Civil,8,Matutino,25,F,97.0,77.9,0,31,No,Sí,Tiempo completo,30,5.1,Sí,1,64.7,No,5,Bajo,0,0
EST00708,Ingeniería Mecatrónica,4,Matutino,20,F,77.5,89.1,2,32,No,Sí,Medio tiempo,27,14.1,Sí,14,73.7,No,3,Bajo,0,1
EST00709,Licenciatura en Administración,5,Vespertino,17,M,72.6,86.4,0,20,Sí,Sí,Medio tiempo,13,2.0,Sí,5,82.7,No,5,Bajo,0,0
EST00710,Ingeniería Industrial,4,Vespertino,20,F,83.7,98.7,0,29,No,No,Medio tiempo,27,0.5,Sí,14,73.8,No,2,Bajo,0,0
EST00711,Ingeniería en Gestión Empresarial,9,Vespertino,22,M,92.3,75.8,4,19,Sí,Sí,Medio tiempo,21,12.3,Sí,4,92.2,No,4,Bajo,1,0
EST00712,Licenciatura en Administración,2,Vespertino,24,F,70.8,58.3,2,18,Sí,No,Tiempo completo,48,13.6,Sí,3,42.1,No,1,Alto,1,1
EST00713,Contador Público,8,Matutino,23,F,75.9,71.7,4,32,No,Sí,Medio tiempo,13,16.8,Sí,12,79.5,No,2,Medio,0,1
EST00714,Ingeniería Industrial,7,Vespertino,26,F,67.2,57.8,5,24,Sí,No,No trabaja,0,17.1,Sí,9,86.8,No,3,Alto,1,1
EST00715,Ingeniería Electromecánica,9,Matutino,25,F,74.5,75.4,0,28,No,Sí,No trabaja,0,17.5,Sí,2,62.7,No,4,Bajo,0,0
EST00716,Licenciatura en Administración,7,Matutino,23,F,87.6,95.1,1,18,No,No,Medio tiempo,16,0.5,Sí,8,90.3,No,3,Bajo,0,0
EST00717,Licenciatura en Administración,7,Vespertino,22,F,100,88.9,0,29,No,Sí,No trabaja,0,5.8,Sí,10,71.4,No,2,Bajo,0,0
EST00718,Ingeniería Industrial,7,Vespertino,22,F,69.7,90.5,2,25,No,No,No trabaja,0,8.0,Sí,13,79.7,Sí,1,Medio,0,0
EST00719,Contador Público,8,Vespertino,19,M,71.4,87.7,0,33,No,No,Medio tiempo,21,18.3,Sí,2,75.2,Sí,3,Bajo,0,0
EST00720,Ingeniería Industrial,1,Matutino,25,M,67.4,84.7,0,29,No,No,Medio tiempo,13,11.2,Sí,2,49.4,No,1,Bajo,1,1
EST00721,Ingeniería en Sistemas Computacionales,7,Vespertino,23,F,70.9,93.4,0,27,Sí,No,No trabaja,0,10.2,Sí,6,91.9,Sí,3,Bajo,0,0
EST00722,Licenciatura en Administración,8,Vespertino,21,M,90.1,84.0,1,23,No,Sí,No trabaja,0,1.3,Sí,14,100,No,2,Bajo,0,0
EST00723,Ingeniería Mecatrónica,2,Vespertino,18,F,70.2,90.0,0,28,No,Sí,Medio tiempo,25,5.3,Sí,0,74.3,No,3,Bajo,0,0
EST00724,Ingeniería Electromecánica,1,Matutino,20,F,71.0,80.1,1,20,Sí,Sí,Medio tiempo,27,4.3,Sí,2,87.5,No,3,Bajo,0,0
EST00725,Ingeniería en Gestión Empresarial,7,Vespertino,20,F,69.5,92.6,2,30,No,No,No trabaja,0,2.4,Sí,2,75.9,No,4,Medio,0,1
EST00726,Ingeniería Mecatrónica,6,Vespertino,23,M,91.2,84.2,3,22,Sí,No,Medio tiempo,13,18.0,Sí,7,96.8,No,1,Bajo,0,1
EST00727,Contador Público,1,Matutino,18,M,71.0,99.1,1,36,No,No,No trabaja,0,1.5,No,2,74.2,Sí,1,Bajo,0,0
EST00728,Ingeniería Electromecánica,9,Matutino,24,M,51.5,78.7,3,34,No,No,Tiempo completo,39,0.5,Sí,14,81.9,No,1,Alto,1,1
EST00729,Ingeniería en Gestión Empresarial,2,Matutino,21,F,84.9,79.2,2,26,No,No,No trabaja,0,4.1,Sí,9,73.4,No,1,Bajo,0,0
EST00730,Ingeniería en Gestión Empresarial,1,Vespertino,22,F,85.2,90.9,1,35,No,No,No trabaja,0,10.5,Sí,7,75.7,No,4,Bajo,0,0
EST00731,Contador Público,6,Matutino,22,M,71.4,76.2,0,25,No,No,No trabaja,0,2.4,No,14,79.6,No,4,Bajo,0,1
EST00732,Ingeniería en Sistemas Computacionales,3,Vespertino,22,M,77.8,83.9,5,25,Sí,No,Medio tiempo,17,11.0,Sí,6,65.8,No,5,Medio,0,1
EST00733,Ingeniería Electromecánica,7,Vespertino,26,M,76.0,82.5,3,25,Sí,No,Medio tiempo,12,23.5,Sí,12,100,No,1,Bajo,0,1
EST00734,Contador Público,2,Matutino,21,F,73.3,89.8,2,18,No,No,No trabaja,0,18.3,Sí,5,91.4,No,3,Bajo,0,1
EST00735,Ingeniería Industrial,7,Vespertino,19,M,58.9,87.1,4,34,Sí,No,No trabaja,0,0.5,Sí,4,66.9,No,1,Medio,1,0
EST00736,Ingeniería en Sistemas Computacionales,7,Vespertino,23,M,78.5,65.4,4,30,No,Sí,No trabaja,0,6.1,Sí,8,63.8,No,1,Alto,0,0
EST00737,Contador Público,10,Vespertino,22,M,78.9,77.4,0,23,Sí,Sí,Medio tiempo,12,15.6,Sí,10,90.8,No,3,Bajo,0,0
EST00738,Ingeniería en Sistemas Computacionales,6,Matutino,22,F,80.2,77.6,0,31,No,No,No trabaja,0,10.0,Sí,10,93.8,No,5,Bajo,0,1
EST00739,Ingeniería en Gestión Empresarial,1,Matutino,23,M,92.4,90.5,1,26,No,No,Medio tiempo,19,10.4,Sí,17,70.7,No,2,Bajo,0,0
EST00740,Ingeniería Mecatrónica,1,Vespertino,18,M,79.6,71.0,0,34,No,No,Medio tiempo,20,20.0,Sí,0,56.9,No,4,Medio,0,1
EST00741,Ingeniería Mecatrónica,3,Vespertino,20,F,74.4,83.4,0,23,Sí,Sí,No trabaja,0,13.2,Sí,2,56.2,No,2,Medio,0,0
EST00742,Ingeniería en Gestión Empresarial,5,Vespertino,23,F,90.1,96.0,2,26,No,Sí,No trabaja,0,12.9,Sí,13,83.5,No,1,Bajo,0,0
EST00743,Contador Público,8,Vespertino,23,F,89.7,75.0,0,22,No,No,No trabaja,0,8.8,No,6,89.2,No,4,Bajo,0,0
EST00744,Ingeniería Industrial,3,Matutino,21,M,85.4,74.8,1,29,No,No,No trabaja,0,13.4,Sí,10,100,No,4,Bajo,0,1
EST00745,Ingeniería Civil,9,Vespertino,24,M,73.8,77.3,1,22,No,No,No trabaja,0,5.1,Sí,13,87.0,No,3,Bajo,0,0
EST00746,Ingeniería en Gestión Empresarial,5,Vespertino,20,F,74.8,92.3,2,33,Sí,No,No trabaja,0,1.4,Sí,3,82.2,No,2,Bajo,0,0
EST00747,Ingeniería en Sistemas Computacionales,9,Matutino,23,M,80.2,76.8,1,22,Sí,Sí,Tiempo completo,31,6.9,Sí,14,76.3,Sí,2,Medio,0,0
EST00748,Ingeniería Industrial,9,Matutino,22,M,74.9,89.1,0,29,Sí,No,No trabaja,0,3.1,Sí,6,98.3,No,4,Bajo,0,0
EST00749,Ingeniería en Gestión Empresarial,10,Matutino,19,F,78.7,97.4,0,32,No,No,No trabaja,0,12.2,Sí,8,66.9,No,3,Bajo,0,0
EST00750,Contador Público,10,Matutino,26,F,75.9,80.0,1,26,No,No,No trabaja,0,2.2,Sí,0,74.4,No,2,Bajo,0,0
EST00751,Ingeniería Mecatrónica,5,Matutino,25,F,77.0,88.0,1,18,No,No,Medio tiempo,15,2.6,Sí,13,97.9,No,1,Bajo,0,0
EST00752,Ingeniería en Sistemas Computacionales,10,Matutino,24,F,81.7,88.7,0,18,No,Sí,No trabaja,0,11.7,No,16,73.5,No,1,Bajo,0,0
EST00753,Ingeniería en Sistemas Computacionales,9,Matutino,23,M,76.1,92.5,0,20,No,Sí,Medio tiempo,19,5.5,Sí,12,97.4,No,5,Bajo,0,0
EST00754,Ingeniería Mecatrónica,4,Vespertino,19,M,58.9,85.4,3,28,No,Sí,Medio tiempo,13,20.2,Sí,9,62.7,No,1,Alto,0,1
EST00755,Contador Público,7,Vespertino,22,M,70.0,76.2,2,36,Sí,No,Tiempo completo,39,11.3,Sí,9,62.2,No,2,Medio,0,1
EST00756,Ingeniería Civil,5,Matutino,19,M,79.0,88.8,3,36,Sí,No,No trabaja,0,15.7,Sí,8,100,No,5,Bajo,0,0
EST00757,Licenciatura en Administración,10,Vespertino,24,F,79.1,84.6,2,29,No,Sí,Medio tiempo,22,15.0,Sí,10,64.3,No,2,Bajo,0,0
EST00758,Ingeniería Industrial,9,Matutino,23,M,62.8,98.9,3,33,Sí,No,Tiempo completo,32,0.5,Sí,9,77.4,No,5,Medio,0,1
EST00759,Ingeniería Industrial,10,Vespertino,25,F,69.6,78.3,3,29,Sí,No,No trabaja,0,6.6,Sí,2,81.2,No,5,Medio,0,1
EST00760,Contador Público,9,Matutino,26,F,92.6,85.8,0,30,Sí,No,Medio tiempo,21,9.1,Sí,15,53.0,No,5,Bajo,0,1
EST00761,Ingeniería en Gestión Empresarial,3,Matutino,23,M,83.6,97.9,2,25,Sí,Sí,No trabaja,0,5.0,Sí,8,56.9,No,5,Bajo,0,0
EST00762,Ingeniería en Gestión Empresarial,2,Matutino,21,F,77.2,94.0,5,20,Sí,No,No trabaja,0,0.5,No,6,100,No,5,Medio,0,0
EST00763,Ingeniería en Gestión Empresarial,1,Matutino,20,F,77.4,99.5,5,20,No,Sí,Medio tiempo,28,10.5,Sí,9,85.9,No,4,Bajo,0,0
EST00764,Ingeniería Mecatrónica,10,Vespertino,21,F,86.7,69.3,4,34,No,Sí,Tiempo completo,43,13.0,Sí,7,78.8,No,3,Medio,0,0
EST00765,Ingeniería en Sistemas Computacionales,5,Vespertino,23,M,82.2,100,2,29,No,Sí,No trabaja,0,10.6,Sí,11,65.6,No,3,Bajo,1,0
EST00766,Contador Público,1,Vespertino,17,F,70.5,84.3,5,27,No,No,Tiempo completo,38,11.6,No,2,52.6,No,5,Alto,0,1
EST00767,Ingeniería en Gestión Empresarial,10,Vespertino,22,M,66.3,77.0,2,19,No,No,No trabaja,0,13.6,Sí,11,80.8,No,1,Medio,1,1
EST00768,Ingeniería Industrial,2,Vespertino,21,F,76.8,81.0,2,23,No,Sí,Medio tiempo,10,0.5,Sí,6,79.2,No,4,Bajo,0,0
EST00769,Ingeniería Industrial,3,Matutino,23,F,63.6,100,2,19,Sí,Sí,No trabaja,0,3.5,Sí,1,50.2,No,5,Medio,0,0
EST00770,Ingeniería Electromecánica,8,Vespertino,24,M,62.2,86.9,3,18,No,No,No trabaja,0,10.0,Sí,10,82.0,Sí,2,Medio,0,0
EST00771,Ingeniería Civil,5,Matutino,23,F,59.5,85.8,1,25,No,Sí,No trabaja,0,21.3,No,5,96.2,No,2,Bajo,0,0
EST00772,Ingeniería Civil,6,Vespertino,23,F,79.8,84.2,1,35,Sí,No,No trabaja,0,13.5,Sí,8,70.6,No,5,Bajo,0,0
EST00773,Ingeniería en Gestión Empresarial,9,Vespertino,22,F,79.2,82.4,0,32,No,No,Medio tiempo,28,6.1,Sí,13,89.2,Sí,3,Bajo,0,0
EST00774,Ingeniería en Sistemas Computacionales,2,Vespertino,21,M,72.4,82.5,0,23,No,No,No trabaja,0,14.7,Sí,9,79.7,No,4,Bajo,0,0
EST00775,Ingeniería Industrial,1,Matutino,17,M,69.3,80.4,0,22,No,Sí,Medio tiempo,11,5.3,Sí,1,83.7,Sí,5,Bajo,0,1
EST00776,Licenciatura en Administración,8,Vespertino,22,M,65.2,76.6,0,25,No,No,No trabaja,0,0.5,Sí,3,50.1,Sí,2,Alto,0,1
EST00777,Licenciatura en Administración,9,Matutino,25,M,74.3,60.7,0,23,Sí,Sí,Tiempo completo,34,12.1,Sí,12,62.5,No,1,Bajo,0,1
EST00778,Ingeniería en Gestión Empresarial,1,Vespertino,18,F,64.2,78.9,5,33,Sí,Sí,No trabaja,0,6.4,Sí,11,96.8,Sí,5,Medio,1,0
EST00779,Licenciatura en Administración,4,Vespertino,17,F,61.5,83.3,3,28,No,No,No trabaja,0,6.6,Sí,4,95.7,No,2,Bajo,1,0
EST00780,Ingeniería en Gestión Empresarial,3,Matutino,23,M,71.8,92.1,0,22,No,Sí,Medio tiempo,17,11.5,No,13,75.3,No,1,Bajo,0,0
EST00781,Ingeniería Civil,1,Matutino,20,F,75.1,89.2,1,22,No,Sí,No trabaja,0,0.5,Sí,1,74.5,No,2,Bajo,1,1
EST00782,Licenciatura en Administración,1,Vespertino,20,F,69.9,86.5,3,35,Sí,No,No trabaja,0,13.0,Sí,12,84.7,No,4,Bajo,0,0
EST00783,Ingeniería Industrial,8,Vespertino,20,F,67.3,100,2,30,Sí,Sí,Medio tiempo,26,14.7,No,9,100,No,1,Bajo,0,1
EST00784,Ingeniería en Sistemas Computacionales,6,Vespertino,20,M,62.9,94.4,2,29,No,No,Medio tiempo,22,7.0,Sí,4,60.8,No,1,Medio,0,1
EST00785,Contador Público,7,Matutino,21,F,70.9,91.7,0,23,No,No,Medio tiempo,28,1.5,Sí,6,87.2,No,5,Bajo,0,0
EST00786,Contador Público,3,Vespertino,23,M,63.3,65.2,3,21,No,Sí,No trabaja,0,6.2,Sí,14,65.3,No,5,Alto,0,1
EST00787,Contador Público,5,Matutino,22,F,77.5,62.8,4,19,No,No,Tiempo completo,39,14.2,No,3,82.0,No,2,Alto,1,0
EST00788,Ingeniería Electromecánica,6,Vespertino,22,M,74.2,60.5,4,28,No,No,No trabaja,0,3.1,Sí,5,96.7,No,3,Medio,0,1
EST00789,Contador Público,10,Vespertino,24,F,87.7,78.8,3,27,No,Sí,Tiempo completo,34,8.5,Sí,13,61.9,No,3,Medio,0,0
EST00790,Contador Público,5,Vespertino,23,F,63.4,91.4,1,19,No,No,No trabaja,0,19.7,Sí,4,71.2,No,2,Bajo,0,0
EST00791,Ingeniería Industrial,5,Vespertino,22,F,81.4,100,1,18,Sí,No,No trabaja,0,6.3,Sí,12,64.8,No,4,Bajo,0,0
EST00792,Ingeniería Industrial,6,Vespertino,26,M,77.6,70.3,1,32,Sí,Sí,No trabaja,0,16.6,Sí,13,69.5,No,3,Bajo,0,0
EST00793,Ingeniería Mecatrónica,1,Vespertino,21,F,65.7,90.4,1,32,Sí,No,No trabaja,0,0.5,Sí,4,99.1,Sí,5,Bajo,0,0
EST00794,Ingeniería Mecatrónica,8,Matutino,27,M,79.0,79.1,0,28,No,Sí,Medio tiempo,11,11.2,No,13,88.7,Sí,4,Bajo,0,0
EST00795,Ingeniería Industrial,4,Vespertino,18,F,79.6,97.2,0,30,Sí,Sí,No trabaja,0,7.5,Sí,11,100,No,1,Bajo,0,0
EST00796,Ingeniería Civil,6,Matutino,20,M,65.4,70.8,3,34,No,No,Medio tiempo,16,0.5,Sí,2,82.6,No,2,Alto,0,0
EST00797,Licenciatura en Administración,4,Matutino,21,M,71.4,69.4,1,23,No,No,Tiempo completo,45,15.3,No,3,60.3,Sí,5,Alto,0,0
EST00798,Ingeniería Civil,9,Matutino,21,M,87.9,70.6,1,28,No,No,Medio tiempo,23,0.5,Sí,4,88.5,No,5,Bajo,0,0
EST00799,Ingeniería Mecatrónica,3,Matutino,23,F,95.8,82.8,1,23,Sí,Sí,Medio tiempo,19,5.5,Sí,5,70.7,No,5,Bajo,0,0
EST00800,Ingeniería Civil,6,Matutino,23,M,78.5,80.5,2,18,No,Sí,Tiempo completo,37,6.4,Sí,5,79.2,Sí,5,Medio,0,1
EST00801,Ingeniería Industrial,4,Vespertino,22,M,72.1,85.3,1,29,Sí,No,Medio tiempo,17,16.9,Sí,9,89.8,No,3,Bajo,1,1
EST00802,Ingeniería Electromecánica,2,Matutino,17,M,65.3,79.5,3,35,No,Sí,No trabaja,0,3.6,Sí,12,88.3,Sí,1,Medio,1,1
EST00803,Contador Público,3,Matutino,25,M,83.4,87.0,0,31,No,No,No trabaja,0,14.2,Sí,14,64.4,No,3,Bajo,1,0
EST00804,Ingeniería en Gestión Empresarial,4,Matutino,22,M,81.0,94.7,4,36,No,No,No trabaja,0,15.0,No,14,64.7,No,2,Medio,0,0
EST00805,Ingeniería Electromecánica,4,Matutino,18,M,71.8,79.2,0,21,No,Sí,No trabaja,0,3.9,No,5,95.2,No,5,Bajo,0,0
EST00806,Ingeniería en Gestión Empresarial,5,Vespertino,22,F,63.3,79.3,2,36,No,No,No trabaja,0,9.1,Sí,7,100,Sí,3,Bajo,0,0
EST00807,Licenciatura en Administración,7,Matutino,22,F,81.8,96.7,0,26,No,Sí,No trabaja,0,14.4,Sí,12,96.7,Sí,4,Bajo,0,0
EST00808,Ingeniería Mecatrónica,10,Vespertino,23,M,64.4,82.0,1,20,No,Sí,Medio tiempo,10,13.0,Sí,9,77.8,No,2,Medio,0,0
EST00809,Contador Público,6,Vespertino,20,M,70.2,64.2,1,30,No,No,Tiempo completo,38,12.3,No,9,57.5,No,3,Alto,0,1
EST00810,Ingeniería en Gestión Empresarial,5,Matutino,20,M,81.0,90.3,1,34,No,No,No trabaja,0,6.8,Sí,14,80.4,No,5,Bajo,0,0
EST00811,Ingeniería Electromecánica,2,Matutino,23,M,78.8,68.1,3,29,Sí,No,No trabaja,0,22.1,Sí,10,78.4,No,4,Bajo,0,1
EST00812,Ingeniería Mecatrónica,1,Matutino,22,M,78.5,87.3,0,29,Sí,No,Medio tiempo,22,9.3,Sí,12,99.1,No,5,Bajo,0,0
EST00813,Contador Público,4,Vespertino,18,M,74.7,70.5,0,28,No,No,Tiempo completo,47,4.8,No,3,71.6,No,1,Medio,1,1
EST00814,Contador Público,3,Matutino,22,M,81.7,84.9,1,34,No,Sí,No trabaja,0,9.9,Sí,10,86.4,No,1,Bajo,0,1
EST00815,Licenciatura en Administración,3,Vespertino,18,F,71.2,87.1,1,24,No,No,No trabaja,0,14.4,Sí,4,85.2,Sí,4,Bajo,0,0
EST00816,Licenciatura en Administración,1,Matutino,21,M,76.1,60.6,0,22,No,Sí,No trabaja,0,15.5,Sí,2,65.3,Sí,3,Medio,0,0
EST00817,Ingeniería Civil,4,Matutino,21,M,70.6,74.7,4,18,No,No,No trabaja,0,13.2,Sí,6,92.0,No,1,Medio,0,1
EST00818,Ingeniería en Sistemas Computacionales,3,Vespertino,20,F,75.2,60.5,0,22,Sí,No,Tiempo completo,35,5.8,Sí,8,70.7,No,5,Medio,0,0
EST00819,Ingeniería en Sistemas Computacionales,2,Vespertino,19,F,84.0,80.1,3,32,No,No,No trabaja,0,0.5,Sí,1,75.5,No,4,Bajo,0,0
EST00820,Ingeniería Mecatrónica,5,Matutino,19,F,67.0,100,0,36,No,Sí,Medio tiempo,24,14.6,Sí,5,64.3,No,2,Bajo,0,0
EST00821,Ingeniería Mecatrónica,4,Vespertino,21,F,82.2,91.5,0,29,No,Sí,Medio tiempo,13,12.9,Sí,13,90.1,Sí,1,Bajo,0,0
EST00822,Ingeniería Industrial,8,Matutino,24,F,90.3,81.5,2,23,No,No,Medio tiempo,17,3.8,Sí,11,99.9,No,5,Bajo,0,0
EST00823,Ingeniería en Gestión Empresarial,7,Vespertino,22,F,78.5,81.6,0,30,No,Sí,No trabaja,0,16.7,Sí,3,93.3,No,2,Bajo,0,0
EST00824,Ingeniería Electromecánica,5,Vespertino,24,M,79.2,83.3,1,23,Sí,No,No trabaja,0,1.1,Sí,5,71.7,No,5,Bajo,0,0
EST00825,Licenciatura en Administración,4,Vespertino,18,F,77.5,73.7,0,32,No,No,No trabaja,0,9.2,Sí,7,78.4,No,5,Bajo,0,1
EST00826,Ingeniería Industrial,7,Vespertino,21,F,81.0,90.7,4,31,Sí,Sí,No trabaja,0,8.1,Sí,8,72.3,No,2,Medio,0,0
EST00827,Ingeniería en Gestión Empresarial,3,Vespertino,22,M,71.5,68.9,1,28,Sí,Sí,Medio tiempo,15,16.4,Sí,3,67.0,No,3,Medio,1,0
EST00828,Ingeniería Civil,3,Matutino,21,F,77.9,72.0,4,21,No,No,No trabaja,0,6.7,Sí,8,90.5,No,3,Medio,0,1
EST00829,Ingeniería en Sistemas Computacionales,2,Matutino,19,F,83.3,86.6,1,33,No,No,No trabaja,0,8.1,Sí,13,82.4,No,1,Bajo,0,0
EST00830,Contador Público,5,Vespertino,21,F,64.3,73.9,0,24,Sí,Sí,Medio tiempo,14,0.5,Sí,4,80.4,No,1,Bajo,0,1
EST00831,Ingeniería Industrial,5,Vespertino,26,F,67.7,76.9,1,23,No,No,No trabaja,0,3.9,Sí,3,87.0,No,4,Medio,0,1
EST00832,Ingeniería Mecatrónica,1,Matutino,25,F,88.4,84.3,0,25,No,No,Medio tiempo,16,9.5,Sí,14,84.1,No,1,Bajo,0,1
EST00833,Contador Público,10,Matutino,21,F,79.9,68.9,3,23,No,No,No trabaja,0,2.5,Sí,14,89.6,No,2,Medio,0,0
EST00834,Ingeniería Civil,4,Vespertino,18,M,82.4,93.9,0,35,Sí,No,Medio tiempo,27,14.5,Sí,14,87.5,Sí,4,Bajo,0,0
EST00835,Ingeniería Civil,10,Matutino,25,F,65.4,82.4,2,30,No,Sí,No trabaja,0,13.4,Sí,7,75.8,Sí,1,Medio,0,0
EST00836,Ingeniería Mecatrónica,1,Matutino,22,F,93.0,99.0,2,29,No,No,Medio tiempo,14,0.5,Sí,12,94.1,No,4,Bajo,0,0
EST00837,Ingeniería Mecatrónica,1,Matutino,19,M,82.1,92.3,1,36,No,No,Medio tiempo,15,3.4,Sí,6,73.2,No,1,Bajo,0,1
EST00838,Ingeniería en Gestión Empresarial,5,Matutino,19,M,54.2,97.9,2,36,No,No,No trabaja,0,5.1,Sí,7,83.2,No,4,Medio,0,0
EST00839,Ingeniería en Gestión Empresarial,5,Vespertino,20,M,83.6,65.6,0,32,Sí,Sí,No trabaja,0,0.5,Sí,13,49.6,No,5,Bajo,0,0
EST00840,Ingeniería Industrial,7,Vespertino,22,M,84.4,64.8,0,23,Sí,Sí,No trabaja,0,1.7,Sí,14,90.4,Sí,5,Bajo,0,0
EST00841,Ingeniería Electromecánica,9,Matutino,25,M,93.1,84.1,0,19,Sí,Sí,Medio tiempo,18,9.9,Sí,4,73.3,No,2,Bajo,0,0
EST00842,Ingeniería Industrial,9,Vespertino,19,F,80.2,79.4,2,30,Sí,No,No trabaja,0,15.1,Sí,14,94.9,No,1,Bajo,1,0
EST00843,Licenciatura en Administración,7,Vespertino,23,F,63.4,89.4,1,21,No,No,Medio tiempo,27,11.7,No,2,56.4,Sí,3,Alto,0,1
EST00844,Ingeniería Industrial,1,Matutino,20,M,76.7,93.1,0,30,No,No,No trabaja,0,14.0,Sí,5,98.9,No,4,Bajo,0,1
EST00845,Licenciatura en Administración,6,Vespertino,22,M,84.6,84.4,4,27,No,No,Medio tiempo,15,6.7,Sí,0,64.3,No,5,Medio,1,0
EST00846,Licenciatura en Administración,10,Matutino,21,F,89.5,60.9,0,29,Sí,No,Medio tiempo,17,5.8,Sí,2,59.7,Sí,4,Bajo,0,1
EST00847,Ingeniería Mecatrónica,2,Matutino,24,F,60.5,78.3,2,35,Sí,No,Tiempo completo,34,4.5,Sí,2,51.5,No,2,Alto,1,1
EST00848,Licenciatura en Administración,8,Vespertino,20,F,68.0,94.2,2,33,Sí,Sí,No trabaja,0,4.7,Sí,5,73.5,Sí,1,Bajo,0,0
EST00849,Ingeniería Electromecánica,2,Vespertino,22,M,79.2,85.7,0,34,Sí,Sí,No trabaja,0,14.4,No,1,75.7,No,2,Bajo,0,0
EST00850,Ingeniería Mecatrónica,7,Matutino,19,F,72.3,82.2,0,35,No,Sí,Medio tiempo,27,8.4,Sí,5,77.1,Sí,4,Bajo,0,0
EST00851,Ingeniería Civil,6,Matutino,18,F,75.7,78.1,0,30,No,No,No trabaja,0,10.2,Sí,11,59.1,No,4,Bajo,0,0
EST00852,Ingeniería Industrial,5,Matutino,22,M,54.7,67.0,3,25,No,Sí,Tiempo completo,43,14.8,No,8,96.2,No,1,Alto,1,1
EST00853,Contador Público,9,Vespertino,24,M,73.6,99.9,3,32,No,No,No trabaja,0,6.9,Sí,7,96.7,No,5,Bajo,0,0
EST00854,Licenciatura en Administración,9,Matutino,26,F,76.5,70.4,3,20,No,Sí,No trabaja,0,5.7,Sí,4,73.1,No,4,Medio,0,0
EST00855,Ingeniería en Gestión Empresarial,1,Vespertino,20,M,54.6,79.8,1,24,No,No,Tiempo completo,33,1.6,Sí,3,50.3,No,2,Alto,0,1
EST00856,Ingeniería en Gestión Empresarial,9,Matutino,22,F,74.3,76.1,1,19,No,No,Tiempo completo,30,22.2,Sí,2,56.1,No,5,Medio,0,1
EST00857,Licenciatura en Administración,9,Matutino,23,F,74.6,78.9,2,20,Sí,Sí,Medio tiempo,20,2.3,Sí,13,55.2,No,1,Medio,0,0
EST00858,Licenciatura en Administración,6,Matutino,22,F,77.5,76.5,3,27,Sí,No,Medio tiempo,20,15.3,Sí,7,83.4,No,5,Medio,0,0
EST00859,Ingeniería en Gestión Empresarial,4,Vespertino,21,M,72.5,88.4,0,19,No,No,No trabaja,0,5.7,Sí,10,75.8,No,5,Bajo,0,0
EST00860,Ingeniería Industrial,6,Vespertino,20,M,61.0,91.1,4,22,No,Sí,Tiempo completo,42,10.4,Sí,14,76.8,No,2,Alto,0,1
EST00861,Contador Público,7,Matutino,21,F,94.9,93.8,1,32,No,No,Medio tiempo,22,12.8,Sí,8,67.6,No,4,Bajo,0,0
EST00862,Ingeniería en Sistemas Computacionales,6,Matutino,25,F,70.3,84.6,3,21,Sí,No,No trabaja,0,11.1,Sí,4,75.1,No,2,Bajo,0,0
EST00863,Ingeniería Civil,1,Vespertino,19,M,68.3,73.0,1,23,No,No,No trabaja,0,8.2,Sí,12,100,No,5,Bajo,0,0
EST00864,Licenciatura en Administración,2,Matutino,22,M,97.2,87.5,4,21,No,No,No trabaja,0,0.5,Sí,17,95.8,No,2,Bajo,0,1
EST00865,Ingeniería Electromecánica,4,Matutino,19,M,71.3,77.1,0,26,Sí,No,No trabaja,0,8.8,No,11,84.2,No,2,Bajo,0,0
EST00866,Contador Público,1,Matutino,18,M,93.9,92.0,3,25,No,Sí,No trabaja,0,7.3,Sí,11,79.9,No,3,Bajo,1,0
EST00867,Ingeniería Industrial,1,Matutino,19,M,83.7,71.9,1,27,Sí,Sí,No trabaja,0,2.2,Sí,10,88.9,No,2,Bajo,0,1
EST00868,Ingeniería en Gestión Empresarial,3,Vespertino,25,M,86.7,69.1,0,18,Sí,Sí,No trabaja,0,7.7,Sí,14,74.8,No,4,Bajo,0,0
EST00869,Ingeniería en Sistemas Computacionales,1,Matutino,19,F,66.8,89.3,5,19,Sí,Sí,Medio tiempo,16,15.9,Sí,5,83.9,No,5,Medio,0,1
EST00870,Licenciatura en Administración,4,Vespertino,24,F,81.2,88.2,2,18,Sí,No,No trabaja,0,6.9,Sí,10,77.5,No,1,Bajo,1,0
EST00871,Ingeniería Mecatrónica,2,Matutino,21,F,80.8,80.9,0,26,No,No,Medio tiempo,25,19.5,Sí,12,94.5,No,4,Bajo,0,0
EST00872,Ingeniería Industrial,8,Matutino,20,M,73.8,100,3,23,No,No,No trabaja,0,10.4,Sí,1,69.1,No,3,Bajo,0,0
EST00873,Ingeniería Mecatrónica,1,Vespertino,18,M,59.4,79.7,2,35,Sí,No,Tiempo completo,42,19.5,Sí,10,95.9,No,2,Alto,0,1
EST00874,Ingeniería en Sistemas Computacionales,3,Matutino,23,M,71.8,65.3,1,35,No,No,Tiempo completo,47,14.5,Sí,4,58.2,No,2,Alto,0,1
EST00875,Ingeniería en Gestión Empresarial,7,Matutino,24,M,60.9,89.5,5,36,Sí,Sí,No trabaja,0,5.1,Sí,4,68.8,Sí,2,Medio,1,1
EST00876,Ingeniería Civil,7,Matutino,24,F,80.4,83.0,0,25,No,Sí,No trabaja,0,0.5,Sí,8,72.5,No,4,Bajo,0,1
EST00877,Ingeniería Industrial,3,Matutino,20,F,70.7,75.7,2,30,No,No,Tiempo completo,41,2.0,Sí,9,76.4,No,2,Medio,0,0
EST00878,Ingeniería Industrial,5,Matutino,21,F,80.0,92.9,2,36,No,No,No trabaja,0,9.2,Sí,12,68.3,No,2,Bajo,1,1
EST00879,Licenciatura en Administración,5,Matutino,25,M,85.6,85.9,1,26,No,Sí,No trabaja,0,4.8,Sí,8,86.6,No,1,Bajo,0,1
EST00880,Ingeniería Industrial,9,Matutino,21,M,79.0,79.4,2,18,Sí,No,Medio tiempo,20,17.0,Sí,3,65.2,Sí,3,Medio,1,0
EST00881,Ingeniería Electromecánica,5,Vespertino,23,F,80.0,69.4,0,34,Sí,Sí,Medio tiempo,13,4.2,Sí,2,58.4,No,1,Bajo,0,1
EST00882,Contador Público,3,Matutino,18,F,76.3,100,0,27,Sí,No,No trabaja,0,7.6,No,14,90.0,Sí,4,Medio,0,1
EST00883,Ingeniería Industrial,9,Matutino,21,F,77.0,85.6,1,30,Sí,No,Medio tiempo,12,7.3,Sí,0,89.4,No,3,Bajo,0,1
EST00884,Ingeniería Mecatrónica,9,Matutino,20,F,73.0,83.5,0,29,Sí,No,No trabaja,0,8.1,No,0,62.5,No,2,Bajo,0,0
EST00885,Licenciatura en Administración,4,Vespertino,20,M,78.2,74.1,1,28,Sí,No,Medio tiempo,14,17.9,Sí,5,58.9,No,2,Medio,1,0
EST00886,Ingeniería en Gestión Empresarial,3,Vespertino,21,M,88.1,74.2,1,23,No,No,No trabaja,0,16.6,Sí,0,39.9,No,2,Medio,0,0
EST00887,Contador Público,3,Matutino,20,M,73.5,70.4,0,19,No,No,Tiempo completo,43,11.4,Sí,5,86.9,No,3,Bajo,0,0
EST00888,Ingeniería Electromecánica,3,Matutino,21,F,57.1,73.1,2,26,No,Sí,No trabaja,0,20.9,Sí,12,73.9,No,4,Alto,1,0
EST00889,Ingeniería Electromecánica,5,Matutino,21,M,78.1,100,0,27,Sí,No,Medio tiempo,27,6.2,Sí,10,72.1,No,4,Bajo,0,0
EST00890,Ingeniería Industrial,9,Vespertino,21,F,78.5,62.6,0,29,Sí,Sí,Tiempo completo,42,5.8,Sí,10,73.9,No,3,Bajo,1,0
EST00891,Ingeniería en Sistemas Computacionales,5,Vespertino,27,M,58.0,100,0,24,Sí,No,No trabaja,0,9.4,Sí,7,64.2,No,5,Bajo,0,1
EST00892,Ingeniería Electromecánica,1,Matutino,21,M,65.9,72.9,2,30,No,Sí,Medio tiempo,17,22.0,Sí,2,69.4,No,1,Bajo,0,1
EST00893,Ingeniería Electromecánica,2,Vespertino,22,M,73.6,91.6,0,21,Sí,No,Tiempo completo,30,2.0,Sí,14,90.6,No,4,Bajo,0,0
EST00894,Ingeniería en Gestión Empresarial,3,Vespertino,20,F,63.7,80.1,2,22,No,No,No trabaja,0,7.8,Sí,10,62.6,No,1,Medio,0,0
EST00895,Ingeniería Industrial,9,Matutino,18,F,80.0,91.5,2,35,No,No,No trabaja,0,10.1,Sí,5,45.7,Sí,1,Medio,1,1
EST00896,Ingeniería Electromecánica,4,Matutino,21,F,76.5,74.4,0,29,No,No,No trabaja,0,14.9,Sí,4,69.3,No,1,Bajo,0,0
EST00897,Ingeniería Industrial,7,Matutino,22,M,83.8,61.1,0,18,Sí,Sí,Medio tiempo,14,20.7,Sí,5,100,No,1,Bajo,0,0
EST00898,Ingeniería Mecatrónica,5,Matutino,20,F,73.6,85.4,2,20,No,No,Medio tiempo,19,0.5,Sí,5,84.7,Sí,1,Medio,0,0
EST00899,Licenciatura en Administración,9,Vespertino,22,F,79.2,96.6,0,28,Sí,No,No trabaja,0,3.2,Sí,1,77.2,No,3,Bajo,0,0
EST00900,Contador Público,2,Vespertino,17,M,84.7,79.1,0,25,No,Sí,Medio tiempo,13,10.3,Sí,12,66.6,No,4,Bajo,0,0
EST00901,Ingeniería en Sistemas Computacionales,10,Vespertino,25,F,79.3,68.3,0,29,Sí,No,No trabaja,0,17.3,Sí,1,75.0,No,3,Bajo,0,0
EST00902,Ingeniería en Gestión Empresarial,9,Matutino,19,F,80.0,84.6,2,27,No,Sí,No trabaja,0,10.1,No,5,76.3,No,5,Bajo,0,0
EST00903,Ingeniería Electromecánica,7,Vespertino,27,F,78.0,85.4,1,30,No,No,Medio tiempo,19,7.5,Sí,2,60.5,No,4,Bajo,0,0
EST00904,Contador Público,8,Vespertino,22,F,70.8,77.6,1,18,No,No,No trabaja,0,3.7,Sí,8,96.9,No,4,Bajo,0,0
EST00905,Licenciatura en Administración,6,Matutino,21,F,81.3,81.6,0,26,No,No,Medio tiempo,14,14.5,Sí,5,89.3,No,1,Bajo,0,0
EST00906,Ingeniería en Gestión Empresarial,8,Vespertino,22,F,81.4,89.0,0,30,No,Sí,Medio tiempo,10,11.9,Sí,7,80.8,No,3,Bajo,0,0
EST00907,Ingeniería en Gestión Empresarial,2,Matutino,21,M,82.2,87.7,2,23,No,No,Medio tiempo,25,0.5,Sí,12,90.3,No,4,Bajo,0,0
EST00908,Licenciatura en Administración,3,Matutino,23,F,85.0,74.1,5,35,Sí,No,No trabaja,0,0.5,Sí,14,79.9,No,1,Medio,0,1
EST00909,Ingeniería en Sistemas Computacionales,2,Vespertino,17,F,77.6,67.8,0,32,Sí,No,Tiempo completo,32,11.8,Sí,14,69.6,No,1,Medio,0,0
EST00910,Ingeniería en Gestión Empresarial,7,Matutino,22,F,71.9,79.7,2,35,Sí,No,Tiempo completo,31,8.7,Sí,11,59.2,No,3,Medio,1,0
EST00911,Ingeniería Mecatrónica,9,Matutino,24,M,79.3,73.7,2,32,No,No,No trabaja,0,15.6,Sí,5,88.9,No,5,Bajo,0,0
EST00912,Ingeniería Civil,10,Vespertino,23,M,62.8,86.2,2,31,No,No,No trabaja,0,18.9,Sí,0,75.9,No,5,Medio,0,0
EST00913,Ingeniería Mecatrónica,10,Matutino,25,M,71.3,90.4,0,23,Sí,No,Medio tiempo,19,17.9,Sí,3,64.6,No,1,Bajo,1,1
EST00914,Licenciatura en Administración,6,Vespertino,22,F,69.6,85.2,3,24,No,Sí,Tiempo completo,39,7.3,Sí,3,62.7,No,1,Alto,0,1
EST00915,Ingeniería en Sistemas Computacionales,6,Matutino,25,M,80.8,62.6,3,22,No,Sí,Medio tiempo,12,16.9,Sí,1,92.8,Sí,4,Alto,1,1
EST00916,Ingeniería Electromecánica,3,Matutino,22,M,82.1,83.6,0,30,No,Sí,Medio tiempo,28,5.7,Sí,11,84.1,No,5,Bajo,0,0
EST00917,Ingeniería Electromecánica,8,Vespertino,25,M,77.5,74.2,1,23,No,Sí,No trabaja,0,18.6,No,14,71.2,No,1,Medio,0,1
EST00918,Ingeniería Industrial,2,Vespertino,19,M,86.2,92.4,1,19,No,Sí,No trabaja,0,0.5,Sí,12,95.5,Sí,2,Bajo,0,0
EST00919,Licenciatura en Administración,5,Matutino,22,F,81.1,71.1,2,18,Sí,No,Medio tiempo,18,11.2,Sí,8,77.9,No,5,Bajo,0,0
EST00920,Ingeniería Civil,4,Matutino,17,M,79.9,93.7,0,31,Sí,Sí,No trabaja,0,0.5,Sí,14,62.2,No,1,Bajo,0,0
EST00921,Ingeniería Civil,9,Matutino,25,M,74.6,76.2,1,23,No,Sí,Medio tiempo,25,8.1,Sí,14,87.1,No,1,Medio,0,1
EST00922,Contador Público,3,Matutino,23,F,87.2,97.5,0,31,Sí,Sí,Medio tiempo,27,19.7,Sí,16,96.8,Sí,4,Bajo,0,0
EST00923,Ingeniería Civil,5,Matutino,21,F,87.0,83.5,4,28,No,No,Medio tiempo,23,16.6,Sí,0,85.0,Sí,4,Medio,0,0
EST00924,Ingeniería en Sistemas Computacionales,4,Matutino,24,F,80.2,90.3,0,36,Sí,No,No trabaja,0,12.1,Sí,15,77.0,Sí,2,Bajo,0,0
EST00925,Ingeniería en Sistemas Computacionales,6,Vespertino,21,M,70.0,88.4,4,18,Sí,No,Medio tiempo,11,11.9,Sí,5,83.2,No,2,Medio,1,0
EST00926,Ingeniería Mecatrónica,4,Matutino,22,F,71.3,95.3,4,21,No,Sí,Medio tiempo,13,20.6,No,4,91.3,No,5,Medio,1,1
EST00927,Ingeniería en Gestión Empresarial,7,Vespertino,20,F,74.7,97.5,0,26,No,No,No trabaja,0,9.9,Sí,12,93.3,No,5,Bajo,0,0
EST00928,Ingeniería Industrial,8,Matutino,24,F,72.0,68.8,2,24,No,No,Tiempo completo,39,17.2,Sí,6,60.0,Sí,3,Alto,1,1
EST00929,Licenciatura en Administración,4,Vespertino,22,F,77.3,76.2,1,18,No,No,No trabaja,0,6.3,Sí,3,52.4,No,4,Medio,0,1
EST00930,Contador Público,5,Matutino,20,F,89.9,87.7,1,31,No,No,Medio tiempo,11,16.2,Sí,7,48.3,No,5,Medio,0,0
EST00931,Contador Público,7,Matutino,20,M,65.8,64.4,5,29,No,No,Tiempo completo,38,7.3,Sí,14,67.4,No,2,Alto,1,0
EST00932,Ingeniería Mecatrónica,8,Vespertino,23,F,67.9,68.6,1,25,No,No,No trabaja,0,7.3,Sí,12,84.7,No,4,Medio,0,1
EST00933,Ingeniería Electromecánica,7,Matutino,22,M,69.4,82.4,2,36,No,No,Medio tiempo,10,14.9,Sí,12,84.2,No,1,Medio,0,0
EST00934,Licenciatura en Administración,4,Vespertino,19,F,68.7,100,4,30,Sí,No,No trabaja,0,0.5,Sí,13,64.2,No,2,Alto,1,1
EST00935,Ingeniería Electromecánica,10,Matutino,24,M,65.4,81.2,2,24,Sí,No,No trabaja,0,11.3,Sí,0,73.5,No,1,Bajo,0,0
EST00936,Ingeniería en Gestión Empresarial,4,Matutino,21,F,77.0,88.0,5,24,No,No,Medio tiempo,28,1.9,No,3,49.8,Sí,4,Alto,1,0
EST00937,Ingeniería Electromecánica,3,Vespertino,19,F,71.9,83.3,0,18,Sí,No,Medio tiempo,28,7.2,No,5,85.0,No,2,Bajo,1,0
EST00938,Ingeniería Mecatrónica,2,Vespertino,21,F,80.2,100,2,26,No,No,No trabaja,0,3.2,Sí,5,74.1,No,3,Bajo,0,1
EST00939,Ingeniería Industrial,7,Vespertino,17,M,86.2,75.8,3,19,Sí,No,Medio tiempo,18,8.8,Sí,10,99.2,No,3,Bajo,0,0
EST00940,Ingeniería Industrial,6,Matutino,22,F,68.8,85.2,0,34,No,Sí,No trabaja,0,15.2,Sí,13,87.0,Sí,2,Bajo,0,1
EST00941,Contador Público,9,Matutino,20,M,63.9,87.2,6,32,No,No,Medio tiempo,20,0.6,Sí,1,85.3,No,1,Alto,1,1
EST00942,Contador Público,2,Matutino,21,F,77.1,89.0,2,23,No,Sí,No trabaja,0,3.2,Sí,6,92.3,No,1,Bajo,0,0
EST00943,Contador Público,3,Vespertino,19,M,81.0,49.0,0,18,No,Sí,Tiempo completo,32,15.3,Sí,14,82.0,Sí,3,Medio,0,1
EST00944,Ingeniería en Gestión Empresarial,7,Matutino,22,M,70.8,100,3,27,Sí,No,No trabaja,0,14.8,Sí,5,86.1,No,4,Bajo,0,0
EST00945,Ingeniería en Gestión Empresarial,6,Vespertino,19,M,78.2,91.4,1,33,Sí,No,Medio tiempo,18,0.5,No,5,78.3,No,5,Medio,0,0
EST00946,Ingeniería Civil,7,Matutino,19,M,68.5,71.7,4,22,No,Sí,No trabaja,0,16.4,Sí,4,88.7,No,3,Alto,0,1
EST00947,Ingeniería Mecatrónica,1,Vespertino,19,M,50.7,92.6,2,36,No,No,Tiempo completo,48,10.2,Sí,9,83.1,No,3,Medio,0,0
EST00948,Contador Público,9,Vespertino,22,F,77.0,96.2,4,26,No,No,No trabaja,0,2.6,Sí,13,82.2,No,1,Medio,0,0
EST00949,Ingeniería Industrial,3,Matutino,20,F,78.1,81.6,2,20,No,Sí,No trabaja,0,9.8,No,4,80.9,No,4,Bajo,0,0
EST00950,Ingeniería Industrial,4,Vespertino,22,M,86.1,93.9,1,28,No,No,No trabaja,0,11.7,Sí,10,95.2,No,4,Bajo,0,0
EST00951,Licenciatura en Administración,10,Matutino,24,M,58.7,94.4,1,35,No,No,Medio tiempo,10,10.3,Sí,6,100,No,4,Medio,0,0
EST00952,Ingeniería en Sistemas Computacionales,6,Vespertino,17,F,67.9,87.3,2,33,Sí,Sí,No trabaja,0,6.4,Sí,12,68.8,No,1,Bajo,0,0
EST00953,Ingeniería Electromecánica,4,Vespertino,20,F,73.8,76.6,0,18,Sí,No,No trabaja,0,9.2,Sí,7,61.9,Sí,4,Bajo,0,0
EST00954,Ingeniería Civil,7,Matutino,22,F,70.2,73.4,0,19,Sí,No,Tiempo completo,34,0.5,Sí,11,76.7,No,5,Medio,0,0
EST00955,Ingeniería en Sistemas Computacionales,5,Vespertino,19,M,64.7,64.2,2,35,No,Sí,Tiempo completo,37,11.7,Sí,5,90.5,No,1,Alto,0,1
EST00956,Ingeniería Electromecánica,6,Vespertino,22,F,77.3,67.9,2,28,No,No,Medio tiempo,21,13.3,Sí,7,80.5,No,5,Alto,0,1
EST00957,Ingeniería Industrial,7,Matutino,19,F,74.1,75.4,1,18,No,Sí,No trabaja,0,0.5,Sí,3,49.0,No,1,Bajo,0,1
EST00958,Ingeniería Civil,10,Vespertino,22,F,60.3,98.4,1,32,No,Sí,No trabaja,0,11.2,Sí,0,75.1,No,5,Bajo,0,0
EST00959,Contador Público,10,Matutino,25,M,80.2,83.2,1,34,No,Sí,Medio tiempo,14,1.9,No,12,83.7,Sí,5,Bajo,0,0
EST00960,Ingeniería en Gestión Empresarial,1,Matutino,23,F,80.4,81.0,0,22,No,No,Medio tiempo,12,11.3,Sí,6,92.2,No,3,Bajo,0,1
EST00961,Ingeniería Mecatrónica,7,Matutino,22,M,79.3,90.9,1,18,No,No,No trabaja,0,11.8,Sí,4,74.6,No,2,Bajo,0,0
EST00962,Ingeniería Mecatrónica,4,Matutino,20,M,64.0,92.4,4,22,No,Sí,Medio tiempo,28,9.8,Sí,2,68.5,No,3,Alto,1,0
EST00963,Ingeniería Mecatrónica,7,Matutino,22,F,74.0,93.7,2,30,Sí,No,No trabaja,0,3.9,No,6,70.2,Sí,1,Medio,1,0
EST00964,Ingeniería Industrial,7,Vespertino,24,F,77.2,83.7,1,22,No,Sí,No trabaja,0,1.8,Sí,0,57.2,No,1,Bajo,0,0
EST00965,Ingeniería en Gestión Empresarial,10,Vespertino,23,F,89.0,77.9,4,27,No,Sí,Tiempo completo,31,11.9,Sí,4,89.7,Sí,4,Bajo,0,0
EST00966,Ingeniería Electromecánica,5,Vespertino,21,F,70.4,75.1,0,27,No,No,Medio tiempo,13,11.6,Sí,6,90.1,No,3,Bajo,0,0
EST00967,Ingeniería Industrial,8,Vespertino,26,M,82.2,76.7,0,32,Sí,No,No trabaja,0,12.0,Sí,7,87.3,No,4,Bajo,0,1
EST00968,Ingeniería Civil,6,Matutino,20,F,79.8,100.0,4,31,No,Sí,No trabaja,0,13.3,Sí,1,66.9,No,4,Bajo,0,1
EST00969,Ingeniería Electromecánica,2,Matutino,20,M,77.8,98.7,4,32,No,No,Medio tiempo,11,14.3,No,5,80.8,No,3,Medio,1,0
EST00970,Contador Público,7,Vespertino,23,F,77.3,92.3,0,35,No,No,No trabaja,0,4.0,Sí,8,95.0,No,2,Bajo,0,0
EST00971,Ingeniería en Gestión Empresarial,8,Matutino,21,F,71.4,92.9,0,22,No,No,Medio tiempo,13,7.8,Sí,9,78.9,No,5,Bajo,0,0
EST00972,Contador Público,5,Vespertino,26,F,65.3,97.9,2,23,No,No,No trabaja,0,12.0,Sí,14,84.7,Sí,4,Medio,0,0
EST00973,Ingeniería Mecatrónica,1,Matutino,20,F,83.7,99.7,0,26,Sí,No,No trabaja,0,12.8,Sí,7,76.6,No,5,Bajo,0,0
EST00974,Ingeniería en Gestión Empresarial,6,Vespertino,23,M,72.8,95.6,1,20,Sí,No,Medio tiempo,14,4.9,Sí,3,66.5,No,4,Bajo,0,0
EST00975,Ingeniería Mecatrónica,3,Vespertino,24,F,75.2,74.9,0,27,No,No,Tiempo completo,45,8.6,Sí,0,79.9,No,2,Bajo,0,0
EST00976,Licenciatura en Administración,3,Vespertino,22,F,76.3,98.9,3,33,No,No,Medio tiempo,19,12.7,Sí,5,67.2,No,4,Bajo,0,0
EST00977,Contador Público,3,Matutino,21,M,84.1,72.1,2,27,No,No,No trabaja,0,5.2,No,4,75.6,No,4,Medio,1,0
EST00978,Ingeniería en Gestión Empresarial,10,Vespertino,25,F,65.1,76.6,1,24,Sí,No,No trabaja,0,2.2,Sí,6,84.4,No,1,Bajo,0,0
EST00979,Ingeniería Electromecánica,7,Matutino,23,F,78.2,85.8,2,23,No,Sí,Medio tiempo,13,11.6,Sí,6,79.7,No,3,Bajo,0,0
EST00980,Ingeniería Electromecánica,8,Vespertino,24,F,87.9,83.2,0,22,Sí,No,No trabaja,0,20.1,Sí,8,69.4,Sí,4,Bajo,0,0
EST00981,Ingeniería Electromecánica,2,Vespertino,18,F,60.9,81.4,6,30,Sí,No,Tiempo completo,36,8.2,Sí,10,69.2,No,3,Alto,0,1
EST00982,Ingeniería Civil,1,Vespertino,21,F,68.8,88.9,1,29,No,No,No trabaja,0,14.0,Sí,11,66.2,No,2,Bajo,0,0
EST00983,Contador Público,6,Vespertino,22,M,77.1,84.5,0,34,No,No,No trabaja,0,3.3,Sí,8,85.3,No,4,Bajo,0,0
EST00984,Licenciatura en Administración,2,Vespertino,19,F,87.8,89.0,1,27,Sí,No,No trabaja,0,12.1,Sí,15,86.3,No,3,Bajo,0,0
EST00985,Ingeniería Civil,6,Vespertino,24,M,71.7,100,0,24,No,Sí,No trabaja,0,1.8,Sí,6,86.0,No,5,Bajo,0,0
EST00986,Ingeniería Civil,1,Vespertino,20,F,63.1,72.5,6,22,No,No,Medio tiempo,23,4.9,Sí,5,99.8,Sí,4,Alto,1,1
EST00987,Ingeniería en Sistemas Computacionales,5,Vespertino,23,M,79.5,83.7,0,25,No,No,Medio tiempo,22,5.6,Sí,10,94.6,No,5,Bajo,0,1
EST00988,Contador Público,1,Matutino,20,F,83.3,76.8,0,26,No,No,Medio tiempo,11,4.5,No,13,91.1,No,3,Bajo,1,1
EST00989,Ingeniería en Gestión Empresarial,8,Vespertino,22,M,75.8,46.0,2,24,Sí,No,Medio tiempo,13,15.3,Sí,8,82.2,No,4,Medio,0,1
EST00990,Contador Público,9,Vespertino,24,F,69.2,74.6,3,32,No,Sí,Medio tiempo,17,12.9,No,7,77.5,Sí,1,Alto,0,1
EST00991,Ingeniería en Sistemas Computacionales,7,Vespertino,23,F,65.4,82.6,1,28,No,No,No trabaja,0,16.3,Sí,6,68.5,Sí,1,Medio,0,1
EST00992,Ingeniería Mecatrónica,8,Matutino,23,M,76.6,95.8,2,31,Sí,Sí,Medio tiempo,28,15.7,Sí,4,97.5,No,2,Bajo,0,0
EST00993,Ingeniería Electromecánica,8,Vespertino,19,F,70.7,81.8,3,35,No,No,Medio tiempo,24,4.4,Sí,0,82.2,Sí,2,Medio,0,1
EST00994,Ingeniería en Sistemas Computacionales,9,Vespertino,18,M,68.7,76.6,1,18,No,No,No trabaja,0,22.0,Sí,6,91.1,No,3,Medio,1,1
EST00995,Ingeniería en Sistemas Computacionales,6,Matutino,18,F,67.2,68.8,2,34,No,No,No trabaja,0,5.8,Sí,13,89.3,No,5,Bajo,0,0
EST00996,Ingeniería en Sistemas Computacionales,2,Matutino,19,M,83.0,79.6,3,34,No,No,Medio tiempo,28,9.9,Sí,13,71.0,No,5,Medio,0,1
EST00997,Licenciatura en Administración,1,Vespertino,17,M,71.0,75.8,0,23,No,No,Tiempo completo,37,9.4,Sí,10,84.6,No,3,Bajo,1,0
EST00998,Licenciatura en Administración,8,Matutino,20,M,77.3,84.7,1,21,No,No,Medio tiempo,17,15.7,Sí,4,100,No,3,Bajo,0,0
EST00999,Ingeniería Mecatrónica,4,Vespertino,22,M,66.1,74.2,3,32,No,No,No trabaja,0,5.8,Sí,8,100,No,5,Medio,0,0
EST01000,Ingeniería Electromecánica,6,Vespertino,20,M,77.6,74.5,4,18,Sí,Sí,Medio tiempo,19,8.6,Sí,3,87.0,No,2,Bajo,0,1
EST01001,Ingeniería Industrial,6,Vespertino,19,F,69.0,85.2,3,36,No,No,Medio tiempo,14,16.0,Sí,5,52.6,No,5,Medio,0,0
EST01002,Ingeniería Civil,4,Matutino,20,M,78.2,94.6,0,32,No,Sí,No trabaja,0,14.5,Sí,4,78.4,No,5,Bajo,0,0
EST01003,Ingeniería Industrial,6,Vespertino,19,M,61.2,88.9,3,34,No,No,No trabaja,0,6.6,No,6,77.0,No,1,Medio,1,0
EST01004,Ingeniería Civil,5,Vespertino,20,F,80.8,76.4,2,22,No,No,Medio tiempo,18,3.8,Sí,11,93.0,No,4,Bajo,0,0
EST01005,Ingeniería Civil,1,Matutino,17,M,76.5,77.8,1,24,No,No,Tiempo completo,30,14.3,Sí,7,63.7,No,4,Medio,0,0
EST01006,Ingeniería Industrial,1,Matutino,23,F,76.3,65.6,0,36,No,No,No trabaja,0,8.8,No,1,77.4,No,2,Bajo,0,0
EST01007,Licenciatura en Administración,10,Matutino,27,F,83.5,83.6,0,29,Sí,No,No trabaja,0,15.7,Sí,4,100,No,4,Bajo,0,0
EST01008,Contador Público,1,Matutino,18,F,76.8,69.7,3,28,Sí,Sí,No trabaja,0,7.6,Sí,12,86.9,No,3,Medio,0,0
EST01009,Ingeniería Industrial,5,Matutino,26,M,91.3,90.2,0,26,No,Sí,No trabaja,0,11.3,Sí,18,92.0,Sí,3,Bajo,0,0
EST01010,Ingeniería en Sistemas Computacionales,5,Vespertino,21,F,67.4,92.2,1,20,Sí,Sí,No trabaja,0,0.5,Sí,11,85.1,No,1,Bajo,0,0
EST01011,Ingeniería Industrial,3,Matutino,20,M,72.0,78.8,0,21,No,No,No trabaja,0,16.7,Sí,8,71.6,No,1,Bajo,0,0
EST01012,Ingeniería Industrial,5,Matutino,19,F,75.4,84.8,1,34,Sí,No,Medio tiempo,10,12.0,Sí,4,98.3,No,5,Bajo,0,0
EST01013,Ingeniería en Sistemas Computacionales,3,Vespertino,22,F,74.2,72.5,0,28,No,Sí,Tiempo completo,32,1.1,Sí,11,100,No,2,Bajo,0,0
EST01014,Ingeniería Industrial,2,Vespertino,20,M,77.2,71.1,0,30,No,Sí,No trabaja,0,7.6,Sí,3,78.9,Sí,3,Medio,1,1
EST01015,Licenciatura en Administración,4,Matutino,21,M,78.8,64.5,0,24,Sí,No,No trabaja,0,12.4,Sí,4,86.7,No,5,Bajo,0,0
EST01016,Contador Público,2,Matutino,22,M,83.4,84.6,0,27,No,No,No trabaja,0,17.2,Sí,6,84.3,No,3,Bajo,0,0
EST01017,Ingeniería Mecatrónica,1,Vespertino,20,M,82.5,90.0,0,20,Sí,Sí,Medio tiempo,17,19.0,Sí,7,96.2,No,3,Bajo,0,0
EST01018,Ingeniería en Gestión Empresarial,7,Matutino,21,F,79.8,74.6,0,36,No,No,Medio tiempo,23,12.3,Sí,2,60.5,No,4,Medio,0,0
EST01019,Licenciatura en Administración,4,Vespertino,22,M,89.4,69.5,0,30,No,No,No trabaja,0,16.6,Sí,9,85.8,No,5,Bajo,0,0
EST01020,Contador Público,4,Matutino,20,M,72.8,82.0,0,35,Sí,Sí,No trabaja,0,12.7,Sí,9,62.4,No,2,Bajo,0,0
EST01021,Ingeniería Industrial,7,Matutino,21,F,74.7,80.0,1,24,No,No,No trabaja,0,12.4,Sí,6,100,No,2,Bajo,0,0
EST01022,Ingeniería Electromecánica,9,Vespertino,25,F,91.6,100,0,24,No,No,Medio tiempo,14,0.5,Sí,9,72.1,No,2,Bajo,0,0
EST01023,Ingeniería Mecatrónica,7,Vespertino,21,F,70.0,77.8,2,26,No,Sí,Medio tiempo,24,14.1,No,10,100,No,5,Medio,0,0
EST01024,Ingeniería Electromecánica,10,Vespertino,25,F,78.8,88.8,0,30,Sí,No,No trabaja,0,12.3,Sí,5,86.0,Sí,3,Bajo,0,0
EST01025,Ingeniería Electromecánica,10,Matutino,23,F,84.6,71.3,0,26,No,No,No trabaja,0,6.5,Sí,1,63.4,No,4,Medio,1,1
EST01026,Ingeniería Industrial,7,Vespertino,21,M,58.2,71.0,1,23,No,Sí,Tiempo completo,32,8.0,Sí,0,66.7,No,3,Alto,1,1
EST01027,Ingeniería en Sistemas Computacionales,2,Matutino,20,F,54.2,77.1,1,20,No,No,No trabaja,0,12.3,No,11,42.0,Sí,3,Alto,0,0
EST01028,Ingeniería Industrial,4,Vespertino,23,M,91.7,97.6,2,21,No,No,No trabaja,0,10.9,Sí,6,93.9,No,4,Bajo,0,0
EST01029,Ingeniería Industrial,5,Matutino,24,M,71.0,64.9,1,27,No,Sí,Medio tiempo,19,16.8,No,3,57.9,Sí,1,Alto,0,1
EST01030,Ingeniería Industrial,7,Matutino,24,F,79.2,87.4,0,19,No,Sí,No trabaja,0,0.5,Sí,10,63.2,No,1,Bajo,0,0
EST01031,Licenciatura en Administración,6,Matutino,23,M,61.7,85.5,6,36,No,Sí,Medio tiempo,12,9.0,Sí,11,69.2,No,3,Alto,1,1
EST01032,Ingeniería Electromecánica,9,Matutino,23,F,80.2,93.2,1,22,No,No,Medio tiempo,20,8.8,Sí,7,78.2,Sí,4,Bajo,0,0
EST01033,Licenciatura en Administración,7,Vespertino,24,F,82.9,88.6,5,30,No,No,No trabaja,0,10.0,Sí,9,80.3,No,3,Medio,0,1
EST01034,Ingeniería en Sistemas Computacionales,1,Vespertino,17,M,64.7,77.6,3,22,Sí,No,Tiempo completo,33,13.4,Sí,8,83.1,Sí,1,Alto,1,1
EST01035,Ingeniería Mecatrónica,9,Matutino,21,M,76.6,94.0,0,21,No,Sí,No trabaja,0,15.4,Sí,14,82.5,No,5,Bajo,0,0
EST01036,Licenciatura en Administración,8,Matutino,24,F,62.1,60.5,7,34,Sí,No,Tiempo completo,30,16.4,Sí,2,75.6,No,1,Alto,1,1
EST01037,Licenciatura en Administración,4,Vespertino,23,F,75.3,96.4,2,27,No,No,Medio tiempo,26,11.5,Sí,10,84.6,Sí,3,Bajo,0,0
EST01038,Ingeniería Civil,1,Vespertino,20,F,71.7,80.1,1,32,Sí,No,Medio tiempo,17,14.4,Sí,14,100,No,1,Bajo,0,0
EST01039,Licenciatura en Administración,9,Vespertino,27,M,85.4,100,0,31,No,No,Medio tiempo,19,5.5,Sí,12,68.1,No,3,Bajo,0,0
EST01040,Contador Público,1,Vespertino,20,M,64.8,99.3,1,22,No,Sí,No trabaja,0,9.8,Sí,1,81.4,No,3,Bajo,0,1
EST01041,Licenciatura en Administración,4,Matutino,19,M,76.8,95.0,3,23,Sí,No,Medio tiempo,15,8.7,Sí,14,88.5,No,3,Bajo,0,0
EST01042,Ingeniería Electromecánica,3,Matutino,20,F,71.7,75.0,0,21,Sí,No,No trabaja,0,9.6,Sí,5,77.5,No,1,Bajo,0,0
EST01043,Ingeniería en Gestión Empresarial,10,Vespertino,25,M,68.7,72.4,2,23,No,Sí,No trabaja,0,9.5,Sí,13,99.4,No,2,Medio,1,0
EST01044,Ingeniería en Sistemas Computacionales,5,Matutino,22,M,82.4,87.2,1,23,No,No,No trabaja,0,7.3,Sí,16,87.9,No,5,Bajo,0,0
EST01045,Ingeniería Industrial,6,Matutino,18,M,78.8,89.1,0,19,No,No,Medio tiempo,25,2.1,Sí,1,78.9,No,4,Bajo,0,0
EST01046,Ingeniería en Sistemas Computacionales,3,Matutino,21,F,70.3,76.1,1,19,Sí,Sí,No trabaja,0,9.8,Sí,10,100,No,3,Bajo,0,0
EST01047,Ingeniería Mecatrónica,6,Vespertino,21,M,72.7,99.0,1,22,Sí,No,No trabaja,0,0.5,Sí,4,85.5,No,5,Bajo,0,0
EST01048,Ingeniería Industrial,7,Vespertino,18,F,83.1,74.8,2,21,No,Sí,No trabaja,0,11.3,Sí,12,69.3,No,3,Medio,1,1
EST01049,Ingeniería en Gestión Empresarial,8,Vespertino,26,M,79.9,84.9,1,35,Sí,Sí,No trabaja,0,7.2,Sí,11,72.5,Sí,4,Bajo,0,0
EST01050,Ingeniería en Sistemas Computacionales,3,Matutino,21,M,58.9,92.0,2,21,No,No,No trabaja,0,18.0,No,9,97.8,No,1,Medio,0,0
EST01051,Licenciatura en Administración,7,Matutino,23,M,65.6,86.6,2,25,No,Sí,Medio tiempo,19,7.7,Sí,1,73.4,No,2,Medio,0,1
EST01052,Ingeniería Civil,3,Vespertino,21,M,68.0,90.8,4,24,No,No,No trabaja,0,1.6,Sí,2,77.4,No,4,Medio,0,0
EST01053,Ingeniería Mecatrónica,7,Vespertino,21,F,75.3,66.8,3,30,Sí,Sí,Tiempo completo,41,15.1,Sí,12,64.2,No,2,Alto,0,1
EST01054,Ingeniería Mecatrónica,3,Vespertino,22,M,87.3,84.4,0,36,No,Sí,Medio tiempo,10,1.8,Sí,6,69.7,Sí,3,Bajo,0,1
EST01055,Contador Público,3,Vespertino,23,F,63.5,90.3,1,22,Sí,No,Medio tiempo,17,2.3,Sí,9,93.5,No,5,Bajo,0,1
EST01056,Ingeniería Mecatrónica,4,Vespertino,23,F,60.0,88.6,1,19,No,Sí,No trabaja,0,4.8,Sí,3,75.1,No,5,Medio,0,0
EST01057,Ingeniería Mecatrónica,4,Matutino,18,F,73.6,74.2,2,18,No,No,Medio tiempo,28,12.3,Sí,6,67.7,No,1,Medio,0,0
EST01058,Contador Público,4,Matutino,26,F,72.7,100,2,35,Sí,No,No trabaja,0,20.7,Sí,12,88.4,No,5,Bajo,0,0
EST01059,Ingeniería Mecatrónica,9,Vespertino,19,F,72.2,78.9,0,22,Sí,Sí,Medio tiempo,22,9.1,Sí,5,91.8,No,3,Bajo,1,0
EST01060,Ingeniería Mecatrónica,5,Vespertino,21,F,90.4,94.0,0,34,No,No,No trabaja,0,6.3,No,16,77.7,No,1,Bajo,0,0
EST01061,Ingeniería en Sistemas Computacionales,5,Vespertino,21,F,70.7,96.9,3,24,No,Sí,No trabaja,0,7.4,Sí,10,95.4,No,5,Bajo,0,0
EST01062,Ingeniería en Sistemas Computacionales,4,Matutino,21,M,58.3,85.5,0,22,No,Sí,No trabaja,0,8.3,Sí,12,87.5,No,1,Bajo,0,0
EST01063,Ingeniería Civil,8,Matutino,21,M,80.2,90.6,0,34,Sí,No,No trabaja,0,10.1,No,6,68.4,Sí,1,Bajo,0,1
EST01064,Ingeniería Civil,6,Matutino,21,F,72.1,86.8,0,36,No,Sí,Medio tiempo,23,17.6,Sí,8,86.3,No,5,Bajo,0,0
EST01065,Ingeniería en Gestión Empresarial,6,Matutino,23,M,89.7,75.9,0,32,Sí,No,Tiempo completo,43,11.2,Sí,12,59.3,No,2,Bajo,0,0
EST01066,Ingeniería en Sistemas Computacionales,3,Vespertino,22,M,72.3,85.3,4,35,No,No,No trabaja,0,14.1,Sí,14,53.3,No,5,Alto,0,0
EST01067,Ingeniería Civil,9,Matutino,26,M,84.1,75.9,0,33,No,No,No trabaja,0,5.7,Sí,14,81.5,No,1,Bajo,1,0
EST01068,Ingeniería Mecatrónica,2,Matutino,22,M,93.4,67.3,1,32,No,Sí,No trabaja,0,0.6,Sí,1,67.4,No,2,Bajo,0,0
EST01069,Ingeniería en Gestión Empresarial,2,Vespertino,18,M,64.2,66.7,1,18,Sí,No,Medio tiempo,22,15.2,Sí,11,76.4,No,1,Medio,1,1
EST01070,Contador Público,6,Matutino,22,F,78.5,98.0,0,18,No,Sí,No trabaja,0,0.8,Sí,4,71.6,Sí,3,Bajo,0,0
EST01071,Ingeniería Industrial,2,Vespertino,24,F,86.1,84.7,0,36,No,No,No trabaja,0,11.2,No,10,80.8,No,4,Bajo,0,0
EST01072,Ingeniería Civil,4,Vespertino,20,F,72.8,86.8,0,34,No,No,No trabaja,0,15.9,Sí,10,73.3,No,1,Bajo,0,1
EST01073,Ingeniería Civil,2,Vespertino,19,M,71.7,89.6,3,36,No,Sí,No trabaja,0,0.5,Sí,11,74.7,Sí,3,Medio,0,0
EST01074,Ingeniería Mecatrónica,1,Vespertino,19,M,74.9,100,1,21,No,Sí,Medio tiempo,20,6.8,Sí,10,83.4,No,3,Bajo,0,0
EST01075,Licenciatura en Administración,7,Matutino,19,F,65.3,73.3,1,18,No,No,Medio tiempo,12,15.4,Sí,4,92.4,Sí,1,Medio,0,0
EST01076,Ingeniería Civil,6,Vespertino,24,F,74.5,70.4,0,20,Sí,No,Medio tiempo,11,12.0,Sí,6,68.4,No,3,Medio,0,0
EST01077,Ingeniería Mecatrónica,3,Vespertino,19,M,83.4,80.3,6,20,Sí,No,Medio tiempo,18,8.3,Sí,5,67.7,No,3,Medio,0,1
EST01078,Contador Público,8,Matutino,20,M,72.9,81.9,0,18,No,No,Tiempo completo,33,3.9,No,1,46.8,No,3,Alto,0,0
EST01079,Ingeniería Mecatrónica,9,Matutino,21,M,65.8,86.5,2,31,No,No,No trabaja,0,11.4,Sí,13,81.2,No,2,Bajo,0,0
EST01080,Ingeniería Industrial,7,Vespertino,23,F,74.1,77.5,1,33,No,No,No trabaja,0,15.6,Sí,6,73.6,No,3,Medio,0,0
EST01081,Ingeniería Civil,9,Vespertino,25,M,84.9,91.6,3,30,Sí,Sí,No trabaja,0,7.1,Sí,14,84.0,No,3,Bajo,0,0
EST01082,Licenciatura en Administración,7,Vespertino,23,M,70.6,85.5,2,18,No,Sí,No trabaja,0,2.0,No,2,66.2,No,5,Medio,0,0
EST01083,Ingeniería en Gestión Empresarial,6,Vespertino,25,F,73.6,85.4,0,19,No,Sí,Medio tiempo,28,8.6,Sí,2,36.8,No,2,Bajo,0,0
EST01084,Ingeniería Mecatrónica,4,Matutino,20,F,72.6,72.5,2,23,No,No,Medio tiempo,10,11.3,No,10,80.1,No,1,Medio,0,1
EST01085,Ingeniería en Gestión Empresarial,5,Matutino,21,F,66.7,91.6,1,30,No,Sí,Medio tiempo,18,4.0,No,7,85.2,No,5,Bajo,0,0
EST01086,Licenciatura en Administración,2,Vespertino,18,M,62.2,83.3,2,29,No,No,No trabaja,0,13.3,Sí,6,63.2,No,3,Medio,0,0
EST01087,Ingeniería Electromecánica,9,Vespertino,23,M,84.1,79.2,0,31,No,No,No trabaja,0,10.5,Sí,9,63.0,No,5,Bajo,0,0
EST01088,Contador Público,10,Vespertino,23,F,66.3,77.0,0,19,No,Sí,Medio tiempo,19,7.9,Sí,4,100,No,1,Medio,1,1
EST01089,Ingeniería en Gestión Empresarial,8,Matutino,24,F,66.1,61.1,0,20,No,Sí,Medio tiempo,28,5.4,Sí,5,69.9,No,3,Medio,0,0
EST01090,Ingeniería en Sistemas Computacionales,5,Vespertino,23,F,79.4,76.7,1,25,No,Sí,No trabaja,0,9.6,No,9,96.9,No,2,Bajo,0,0
EST01091,Ingeniería Industrial,2,Matutino,20,F,88.8,71.8,0,30,No,No,No trabaja,0,14.6,Sí,12,78.6,Sí,2,Bajo,0,0
EST01092,Ingeniería Civil,9,Vespertino,21,F,79.3,71.5,0,20,No,No,No trabaja,0,13.5,No,14,93.4,No,5,Bajo,0,0
EST01093,Ingeniería en Gestión Empresarial,1,Vespertino,21,F,92.3,94.9,3,28,No,Sí,No trabaja,0,11.9,Sí,10,77.4,No,4,Bajo,0,0
EST01094,Ingeniería Industrial,3,Vespertino,22,F,89.3,85.2,1,20,No,No,No trabaja,0,9.8,Sí,9,100,No,2,Bajo,0,0
EST01095,Contador Público,8,Matutino,22,M,84.5,76.0,2,23,No,No,Medio tiempo,28,10.4,No,3,64.3,No,2,Medio,0,1
EST01096,Licenciatura en Administración,2,Vespertino,20,M,61.1,78.3,1,33,No,No,Medio tiempo,17,7.3,Sí,5,67.4,No,2,Medio,1,0
EST01097,Ingeniería Electromecánica,10,Matutino,23,F,72.3,93.3,0,19,No,No,Tiempo completo,46,0.6,Sí,13,97.4,Sí,3,Medio,0,1
EST01098,Contador Público,3,Matutino,25,F,81.6,80.3,0,31,Sí,No,No trabaja,0,4.5,Sí,9,86.0,No,1,Bajo,0,0
EST01099,Ingeniería Mecatrónica,2,Matutino,17,M,79.6,81.8,1,32,No,No,No trabaja,0,16.8,Sí,7,74.0,No,4,Bajo,0,0
EST01100,Licenciatura en Administración,4,Matutino,21,F,77.5,71.9,1,35,No,Sí,Medio tiempo,15,14.2,Sí,14,89.6,No,4,Medio,0,1
EST01101,Licenciatura en Administración,9,Vespertino,21,F,73.2,99.0,0,20,No,Sí,Medio tiempo,11,10.8,Sí,11,97.0,No,2,Bajo,0,1
EST01102,Ingeniería Civil,9,Matutino,22,M,71.9,82.3,0,35,Sí,Sí,No trabaja,0,9.8,Sí,12,82.3,No,1,Bajo,0,0
EST01103,Contador Público,9,Matutino,22,F,64.7,71.5,2,32,No,Sí,No trabaja,0,0.6,Sí,9,76.5,No,1,Bajo,0,1
EST01104,Licenciatura en Administración,3,Matutino,20,F,61.1,73.3,2,21,Sí,No,Tiempo completo,30,18.5,Sí,7,95.5,No,3,Medio,0,0
EST01105,Ingeniería Industrial,10,Vespertino,24,M,68.4,85.9,0,25,No,No,Tiempo completo,43,4.1,Sí,11,70.9,No,4,Bajo,0,1
EST01106,Contador Público,4,Vespertino,20,M,83.1,80.4,1,24,No,No,Medio tiempo,22,10.9,Sí,13,59.1,No,2,Bajo,1,0
EST01107,Ingeniería Civil,5,Vespertino,23,M,91.4,76.2,0,27,Sí,No,Tiempo completo,35,7.8,Sí,10,82.6,Sí,2,Bajo,0,0
EST01108,Contador Público,4,Vespertino,21,M,56.1,72.1,1,18,Sí,Sí,No trabaja,0,10.4,No,8,86.0,No,4,Medio,1,0
EST01109,Ingeniería Industrial,6,Matutino,22,F,72.1,79.3,0,26,Sí,No,Medio tiempo,15,5.6,Sí,11,89.2,Sí,3,Bajo,0,1
EST01110,Ingeniería Mecatrónica,5,Vespertino,22,F,67.9,68.2,3,34,No,No,Medio tiempo,24,11.8,Sí,12,90.8,No,4,Medio,0,0
EST01111,Ingeniería en Gestión Empresarial,10,Matutino,21,F,84.7,50.5,2,35,No,Sí,No trabaja,0,21.7,Sí,10,100,No,4,Medio,0,0
EST01112,Licenciatura en Administración,7,Matutino,24,F,67.2,86.0,2,27,No,No,No trabaja,0,12.4,No,3,55.4,No,3,Medio,0,1
EST01113,Ingeniería en Sistemas Computacionales,7,Matutino,22,F,68.7,98.5,2,30,Sí,No,Medio tiempo,10,6.2,Sí,11,92.8,No,4,Medio,0,0
EST01114,Licenciatura en Administración,5,Matutino,21,F,67.2,96.5,2,31,No,No,No trabaja,0,7.2,Sí,13,96.2,No,3,Bajo,0,0
EST01115,Ingeniería Mecatrónica,8,Vespertino,24,F,88.6,95.2,1,23,Sí,Sí,No trabaja,0,9.0,No,16,63.5,No,3,Bajo,0,0
EST01116,Contador Público,3,Matutino,23,F,79.3,97.4,0,21,No,Sí,No trabaja,0,0.5,Sí,11,83.5,No,4,Bajo,0,0
EST01117,Ingeniería en Sistemas Computacionales,10,Matutino,27,M,89.5,87.8,2,27,No,No,Medio tiempo,26,9.6,Sí,18,74.7,No,5,Bajo,0,0
EST01118,Ingeniería Mecatrónica,2,Vespertino,17,F,69.8,86.1,2,24,No,No,No trabaja,0,10.1,No,7,100,Sí,4,Medio,0,0
EST01119,Ingeniería en Sistemas Computacionales,3,Vespertino,21,F,75.5,80.7,0,25,No,Sí,Medio tiempo,18,11.7,Sí,4,87.1,No,2,Bajo,0,0
EST01120,Ingeniería Electromecánica,3,Vespertino,21,M,78.6,100,0,27,No,No,No trabaja,0,1.4,Sí,5,72.1,Sí,3,Bajo,0,0
EST01121,Ingeniería Industrial,6,Vespertino,22,M,75.6,81.5,0,19,Sí,No,No trabaja,0,9.0,Sí,13,74.3,No,5,Bajo,0,0
EST01122,Ingeniería en Sistemas Computacionales,9,Matutino,22,F,76.4,100,1,23,Sí,Sí,No trabaja,0,10.6,Sí,2,70.9,No,5,Bajo,0,0
EST01123,Ingeniería Mecatrónica,3,Vespertino,21,F,79.2,71.2,3,25,No,No,Medio tiempo,12,16.4,Sí,4,96.3,No,5,Medio,1,1
EST01124,Ingeniería Mecatrónica,9,Matutino,22,M,74.5,93.3,2,30,No,No,Medio tiempo,27,12.9,No,9,81.9,No,3,Medio,0,0
EST01125,Ingeniería Mecatrónica,5,Matutino,21,F,78.8,82.1,3,23,No,Sí,Medio tiempo,20,5.3,Sí,13,53.8,No,3,Medio,0,0
EST01126,Ingeniería Electromecánica,8,Matutino,22,M,75.7,80.4,2,34,Sí,Sí,No trabaja,0,15.3,Sí,0,72.5,Sí,4,Bajo,0,0
EST01127,Ingeniería Electromecánica,5,Vespertino,20,M,69.1,86.7,0,31,No,No,No trabaja,0,2.7,Sí,1,76.0,Sí,3,Bajo,0,0
EST01128,Ingeniería Electromecánica,8,Matutino,21,M,90.9,91.5,0,18,No,No,No trabaja,0,14.9,Sí,11,76.3,No,3,Bajo,0,0
EST01129,Ingeniería Civil,6,Vespertino,20,M,66.2,92.5,3,33,Sí,No,No trabaja,0,6.6,Sí,0,79.5,No,4,Medio,0,0
EST01130,Ingeniería en Gestión Empresarial,9,Matutino,26,F,89.6,82.1,0,33,No,Sí,No trabaja,0,2.6,Sí,2,72.0,No,1,Bajo,0,0
EST01131,Ingeniería Civil,9,Vespertino,19,M,77.0,85.6,3,18,No,No,Medio tiempo,11,4.5,Sí,13,83.3,No,5,Bajo,0,1
EST01132,Ingeniería Civil,1,Vespertino,18,M,72.8,91.8,1,24,No,No,No trabaja,0,3.5,Sí,6,100,No,4,Bajo,0,0
EST01133,Ingeniería Electromecánica,4,Vespertino,18,M,77.2,93.1,0,19,No,Sí,Medio tiempo,17,15.0,Sí,3,86.3,No,2,Bajo,0,0
EST01134,Ingeniería Mecatrónica,7,Matutino,18,M,83.3,72.7,1,29,No,No,Medio tiempo,11,18.3,No,10,79.6,No,5,Medio,0,1
EST01135,Licenciatura en Administración,4,Vespertino,21,F,67.6,79.2,5,32,Sí,No,Tiempo completo,37,0.5,Sí,4,66.2,Sí,5,Alto,0,0
EST01136,Ingeniería Civil,1,Matutino,21,F,66.4,93.6,1,26,Sí,No,Medio tiempo,18,0.6,Sí,8,100,No,3,Bajo,0,0
EST01137,Ingeniería Mecatrónica,4,Matutino,23,F,100,91.1,2,20,Sí,No,Medio tiempo,10,6.7,Sí,7,61.8,No,4,Bajo,0,1
EST01138,Contador Público,6,Matutino,22,M,75.1,86.3,2,33,No,No,No trabaja,0,10.4,Sí,14,98.8,No,3,Bajo,0,0
EST01139,Ingeniería Electromecánica,8,Vespertino,20,M,76.0,74.7,0,36,No,No,Medio tiempo,14,14.1,Sí,8,78.7,No,3,Bajo,0,0
EST01140,Ingeniería en Sistemas Computacionales,3,Matutino,17,F,72.6,82.6,0,26,Sí,No,No trabaja,0,9.3,Sí,1,71.4,Sí,5,Bajo,0,0
EST01141,Ingeniería Civil,4,Matutino,21,M,84.0,80.6,4,23,No,No,No trabaja,0,18.8,Sí,3,75.1,No,2,Bajo,1,0
EST01142,Contador Público,7,Vespertino,26,M,87.9,90.9,0,29,Sí,Sí,No trabaja,0,3.6,No,19,84.4,Sí,3,Bajo,0,0
EST01143,Licenciatura en Administración,3,Matutino,18,M,89.5,63.2,1,21,No,No,Tiempo completo,31,9.6,Sí,5,75.7,No,1,Bajo,1,1
EST01144,Ingeniería Industrial,9,Matutino,22,F,83.5,83.3,4,21,No,Sí,Medio tiempo,22,0.5,Sí,14,71.3,No,5,Medio,0,0
EST01145,Ingeniería Industrial,3,Matutino,19,F,83.8,88.0,0,29,No,No,No trabaja,0,8.7,Sí,15,93.8,Sí,4,Bajo,0,0
EST01146,Ingeniería en Sistemas Computacionales,8,Vespertino,19,F,65.9,85.2,3,28,No,Sí,Tiempo completo,43,7.2,Sí,4,85.3,No,3,Medio,1,1
EST01147,Ingeniería Electromecánica,6,Matutino,23,F,77.6,71.6,3,34,No,Sí,Tiempo completo,33,10.7,No,2,56.9,Sí,4,Alto,0,0
EST01148,Ingeniería Mecatrónica,2,Vespertino,18,F,80.1,79.3,0,36,No,No,Medio tiempo,22,15.7,Sí,11,83.1,No,4,Bajo,0,0
EST01149,Licenciatura en Administración,8,Matutino,22,M,86.2,80.4,0,28,No,Sí,No trabaja,0,1.4,Sí,11,99.5,No,1,Bajo,0,0
EST01150,Licenciatura en Administración,2,Vespertino,18,F,69.0,75.5,1,35,Sí,No,No trabaja,0,20.1,No,12,90.1,Sí,1,Medio,0,0
EST01151,Ingeniería en Gestión Empresarial,5,Vespertino,23,M,58.7,64.0,2,26,Sí,No,No trabaja,0,7.3,Sí,1,75.7,No,1,Medio,1,0
EST01152,Ingeniería en Gestión Empresarial,9,Vespertino,22,M,69.2,86.6,3,20,No,Sí,Medio tiempo,17,3.2,Sí,12,80.7,No,1,Bajo,0,0
EST01153,Ingeniería Electromecánica,8,Matutino,22,F,84.8,74.5,2,28,No,Sí,No trabaja,0,0.7,Sí,8,92.9,No,3,Bajo,1,0
EST01154,Ingeniería Industrial,5,Vespertino,23,M,75.5,87.4,2,33,Sí,No,No trabaja,0,0.5,Sí,0,77.1,No,5,Bajo,0,1
EST01155,Ingeniería Electromecánica,9,Vespertino,24,M,84.7,77.9,1,35,No,Sí,Medio tiempo,20,2.2,Sí,13,94.9,No,5,Bajo,0,1
EST01156,Ingeniería Industrial,9,Matutino,24,F,76.1,69.0,3,33,No,No,No trabaja,0,13.8,Sí,10,79.3,No,5,Medio,0,0
EST01157,Ingeniería Civil,8,Vespertino,22,M,82.4,89.6,1,28,No,Sí,No trabaja,0,1.2,Sí,8,77.0,No,2,Bajo,0,0
EST01158,Ingeniería Industrial,5,Vespertino,19,F,78.4,70.5,0,26,No,Sí,No trabaja,0,0.5,Sí,5,83.3,No,1,Bajo,0,0
EST01159,Ingeniería Industrial,10,Vespertino,20,F,69.9,93.5,5,24,No,No,Tiempo completo,30,12.0,Sí,1,69.9,No,2,Medio,1,1
EST01160,Ingeniería Mecatrónica,9,Vespertino,23,F,75.6,85.7,1,26,No,No,No trabaja,0,0.5,Sí,11,87.5,No,4,Bajo,0,1
EST01161,Ingeniería en Sistemas Computacionales,4,Matutino,23,F,62.3,98.6,7,21,No,No,Medio tiempo,20,4.9,Sí,5,81.0,Sí,2,Alto,1,1
EST01162,Contador Público,1,Vespertino,18,M,78.0,74.0,2,27,No,No,Medio tiempo,14,9.5,Sí,1,83.7,No,3,Medio,0,0
EST01163,Ingeniería Mecatrónica,9,Vespertino,23,F,51.1,65.9,1,23,No,No,Tiempo completo,41,5.3,Sí,6,74.3,No,2,Alto,1,1
EST01164,Contador Público,1,Vespertino,17,F,71.1,61.7,1,20,No,Sí,Medio tiempo,20,5.1,Sí,5,76.5,No,5,Medio,1,1
EST01165,Ingeniería Electromecánica,10,Matutino,21,M,54.9,69.2,1,36,No,Sí,Tiempo completo,47,16.6,Sí,7,86.3,No,2,Alto,0,1
EST01166,Ingeniería Electromecánica,4,Vespertino,18,F,73.4,65.4,1,19,No,No,No trabaja,0,7.0,Sí,11,83.6,No,2,Medio,0,1
EST01167,Ingeniería Industrial,1,Matutino,24,M,84.5,78.8,3,26,No,No,No trabaja,0,18.3,Sí,7,90.7,No,5,Medio,0,0
EST01168,Ingeniería Electromecánica,2,Matutino,18,M,65.7,82.2,1,35,No,No,No trabaja,0,16.2,Sí,5,80.5,No,3,Medio,0,0
EST01169,Licenciatura en Administración,8,Vespertino,23,F,79.0,76.3,1,24,No,Sí,Medio tiempo,22,4.1,Sí,3,71.3,No,5,Medio,0,1
EST01170,Ingeniería en Gestión Empresarial,2,Vespertino,18,M,56.4,85.2,1,21,No,Sí,Medio tiempo,13,13.7,No,11,76.6,Sí,5,Alto,0,1
EST01171,Ingeniería Electromecánica,6,Vespertino,24,F,76.3,82.3,3,21,No,Sí,Medio tiempo,22,10.5,Sí,0,80.5,No,3,Bajo,1,0
EST01172,Ingeniería Mecatrónica,9,Vespertino,22,F,65.4,69.3,2,25,Sí,No,No trabaja,0,11.5,Sí,3,75.7,No,2,Medio,0,0
EST01173,Contador Público,1,Vespertino,21,F,84.4,68.9,1,20,Sí,Sí,No trabaja,0,10.1,Sí,0,46.4,No,3,Bajo,0,0
EST01174,Contador Público,7,Matutino,21,M,76.1,77.2,3,18,No,No,No trabaja,0,17.7,Sí,14,60.5,No,3,Medio,0,1
EST01175,Licenciatura en Administración,9,Matutino,22,F,65.3,90.2,3,34,No,Sí,Tiempo completo,40,9.9,No,8,52.7,No,4,Alto,0,0
EST01176,Ingeniería Mecatrónica,2,Vespertino,19,F,55.3,72.6,4,30,No,No,Medio tiempo,12,6.4,Sí,12,67.0,No,5,Alto,1,1
EST01177,Ingeniería Civil,3,Vespertino,20,M,62.8,63.7,2,24,No,No,Tiempo completo,33,4.2,Sí,0,60.2,No,5,Alto,1,1
EST01178,Ingeniería en Gestión Empresarial,7,Vespertino,22,M,72.2,78.0,0,19,No,Sí,Tiempo completo,32,1.7,Sí,1,69.6,No,2,Medio,0,0
EST01179,Contador Público,5,Vespertino,22,F,65.3,64.8,1,31,Sí,No,Tiempo completo,45,8.0,No,1,55.5,No,2,Alto,1,1
EST01180,Contador Público,10,Matutino,27,F,77.6,94.6,0,36,No,Sí,No trabaja,0,12.5,Sí,6,100,No,4,Bajo,0,0
EST01181,Contador Público,5,Matutino,25,M,70.9,71.1,0,20,No,Sí,Medio tiempo,17,6.9,Sí,5,76.0,No,1,Bajo,0,0
EST01182,Ingeniería en Gestión Empresarial,1,Vespertino,20,M,70.2,60.5,2,22,Sí,No,Tiempo completo,32,12.0,Sí,6,49.8,No,4,Alto,0,0
EST01183,Ingeniería en Sistemas Computacionales,3,Matutino,23,F,84.6,77.2,3,33,Sí,Sí,Medio tiempo,19,27.1,Sí,14,81.6,No,1,Medio,0,1
EST01184,Ingeniería Mecatrónica,2,Vespertino,24,F,72.8,94.5,1,33,No,No,No trabaja,0,12.2,Sí,0,78.0,No,5,Bajo,0,0
EST01185,Ingeniería Industrial,8,Matutino,23,M,76.0,75.3,0,35,No,Sí,Tiempo completo,48,14.2,Sí,3,64.1,No,4,Medio,0,0
EST01186,Contador Público,1,Matutino,19,M,76.8,65.5,0,36,No,No,Tiempo completo,48,11.8,Sí,11,87.3,No,2,Bajo,0,0
EST01187,Licenciatura en Administración,2,Matutino,20,F,48.8,76.1,4,23,No,No,Medio tiempo,24,13.6,Sí,7,59.4,No,1,Alto,1,1
EST01188,Ingeniería Electromecánica,8,Vespertino,23,F,84.3,77.6,1,29,No,No,No trabaja,0,6.5,Sí,7,92.6,No,3,Bajo,0,0
EST01189,Ingeniería Civil,5,Vespertino,20,F,69.8,77.3,5,36,No,Sí,Medio tiempo,28,26.9,Sí,2,97.5,No,4,Medio,1,1
EST01190,Contador Público,9,Vespertino,26,M,67.1,71.2,2,36,Sí,No,Tiempo completo,44,11.2,Sí,11,89.8,No,1,Bajo,1,0
EST01191,Ingeniería Civil,6,Matutino,24,F,75.0,89.8,4,25,Sí,No,No trabaja,0,14.9,Sí,2,75.7,No,2,Medio,1,1
EST01192,Ingeniería en Sistemas Computacionales,7,Vespertino,21,F,60.9,91.9,1,27,Sí,Sí,No trabaja,0,0.5,Sí,8,73.1,No,3,Bajo,1,0
EST01193,Ingeniería Electromecánica,5,Vespertino,21,M,79.4,71.7,5,22,No,Sí,No trabaja,0,15.7,Sí,0,52.9,No,5,Alto,0,1
EST01194,Ingeniería en Sistemas Computacionales,8,Vespertino,19,M,83.2,82.2,0,20,No,No,Medio tiempo,10,6.3,Sí,0,69.4,No,5,Bajo,0,0
EST01195,Ingeniería Civil,10,Matutino,21,M,75.7,89.9,0,31,Sí,No,No trabaja,0,7.3,Sí,13,100,No,1,Bajo,0,0
EST01196,Ingeniería en Sistemas Computacionales,4,Matutino,21,F,80.1,94.4,0,18,Sí,Sí,No trabaja,0,1.5,Sí,4,100,No,1,Bajo,0,0
EST01197,Contador Público,5,Vespertino,19,F,79.6,77.8,2,29,Sí,No,No trabaja,0,3.0,Sí,10,75.6,No,2,Bajo,0,0
EST01198,Contador Público,1,Vespertino,17,M,67.5,83.4,4,30,No,Sí,Medio tiempo,16,6.8,Sí,10,86.4,Sí,3,Medio,1,1
EST01199,Ingeniería Mecatrónica,4,Matutino,20,M,78.8,85.7,0,33,No,Sí,No trabaja,0,10.4,Sí,0,58.7,Sí,1,Bajo,0,1
EST01200,Licenciatura en Administración,3,Matutino,21,M,68.8,77.9,1,28,No,No,Medio tiempo,18,12.4,Sí,10,100,No,4,Bajo,1,0
EST01201,Ingeniería en Gestión Empresarial,2,Vespertino,17,M,96.5,83.2,0,32,No,No,No trabaja,0,0.5,Sí,9,70.2,No,1,Bajo,0,0
EST01202,Ingeniería Civil,2,Matutino,19,M,59.5,82.3,1,24,No,No,Medio tiempo,17,16.5,Sí,5,94.5,No,4,Bajo,0,0
EST01203,Contador Público,6,Vespertino,25,M,81.0,65.3,0,35,No,No,No trabaja,0,17.3,Sí,10,78.6,No,1,Medio,0,1
EST01204,Ingeniería en Sistemas Computacionales,1,Vespertino,21,M,61.6,92.6,4,29,Sí,No,No trabaja,0,9.1,Sí,2,74.9,No,2,Medio,0,1
EST01205,Ingeniería Electromecánica,1,Matutino,19,F,77.2,74.9,0,28,No,No,No trabaja,0,5.9,Sí,12,84.1,Sí,2,Bajo,0,0
EST01206,Ingeniería Civil,4,Vespertino,17,M,66.9,69.6,6,31,No,Sí,No trabaja,0,0.5,Sí,14,73.4,No,5,Medio,1,1
EST01207,Ingeniería en Sistemas Computacionales,3,Matutino,17,M,80.4,85.8,0,19,No,No,No trabaja,0,14.5,Sí,12,57.5,No,1,Bajo,0,0
EST01208,Ingeniería Electromecánica,3,Vespertino,19,M,81.0,90.8,0,33,No,No,No trabaja,0,8.9,Sí,13,80.5,No,3,Bajo,0,0
EST01209,Ingeniería Civil,10,Matutino,22,M,88.5,70.7,1,23,No,Sí,Medio tiempo,18,13.1,Sí,8,77.6,No,5,Bajo,0,0
EST01210,Ingeniería Industrial,4,Matutino,23,M,100,93.1,0,23,Sí,No,No trabaja,0,9.8,Sí,17,84.7,No,2,Bajo,0,0
EST01211,Ingeniería en Gestión Empresarial,3,Matutino,21,M,62.5,88.8,2,19,No,Sí,Tiempo completo,42,14.5,Sí,4,62.7,Sí,2,Medio,0,0
EST01212,Ingeniería Electromecánica,6,Vespertino,21,F,79.8,100,0,33,No,Sí,No trabaja,0,11.3,Sí,1,42.6,No,3,Bajo,0,0
EST01213,Licenciatura en Administración,4,Vespertino,20,F,64.2,100,5,31,No,Sí,Medio tiempo,25,6.0,Sí,2,91.8,No,3,Medio,0,0
EST01214,Contador Público,2,Vespertino,23,M,49.7,78.7,2,31,No,Sí,Tiempo completo,43,17.8,Sí,7,82.8,No,1,Alto,0,0
EST01215,Ingeniería en Sistemas Computacionales,10,Matutino,24,M,66.5,77.2,1,35,No,No,Medio tiempo,23,10.5,Sí,0,62.8,Sí,2,Alto,0,1
EST01216,Ingeniería Industrial,7,Vespertino,21,F,83.5,83.4,6,35,No,No,Medio tiempo,21,0.5,No,2,67.3,No,1,Alto,1,1
EST01217,Ingeniería en Sistemas Computacionales,9,Matutino,20,M,76.5,84.9,1,18,No,No,No trabaja,0,0.5,Sí,3,83.0,No,3,Bajo,0,0
EST01218,Licenciatura en Administración,2,Vespertino,19,F,77.8,86.7,0,34,No,No,No trabaja,0,13.0,Sí,6,77.0,No,4,Bajo,0,0
EST01219,Ingeniería Industrial,7,Vespertino,22,M,54.3,83.5,1,18,No,No,Medio tiempo,16,10.5,Sí,2,55.0,No,1,Alto,0,1
EST01220,Ingeniería en Gestión Empresarial,8,Vespertino,22,F,70.9,80.8,0,35,No,No,No trabaja,0,7.9,Sí,2,77.9,Sí,1,Bajo,0,0
EST01221,Ingeniería Electromecánica,6,Vespertino,22,M,68.8,72.5,2,30,No,No,No trabaja,0,9.3,Sí,3,55.1,Sí,1,Alto,1,1
EST01222,Ingeniería Electromecánica,4,Matutino,21,F,73.3,79.2,0,26,Sí,Sí,Medio tiempo,19,6.9,Sí,9,63.6,No,3,Bajo,0,0
EST01223,Ingeniería Mecatrónica,9,Vespertino,22,M,75.9,81.5,0,25,Sí,Sí,No trabaja,0,3.7,Sí,3,79.4,No,3,Bajo,0,0
EST01224,Ingeniería Industrial,3,Vespertino,22,F,74.9,72.2,0,31,No,No,Medio tiempo,13,11.7,Sí,0,59.2,No,2,Bajo,0,0
EST01225,Ingeniería Electromecánica,5,Vespertino,21,M,65.1,71.9,3,27,Sí,Sí,Medio tiempo,23,7.8,Sí,0,86.8,No,4,Alto,1,1
EST01226,Contador Público,4,Matutino,21,M,82.9,63.6,0,30,No,Sí,No trabaja,0,15.7,Sí,12,89.9,Sí,1,Bajo,0,0
EST01227,Contador Público,1,Vespertino,21,F,73.4,56.5,0,22,No,No,Tiempo completo,48,11.4,Sí,11,56.4,No,1,Alto,1,1
EST01228,Ingeniería Electromecánica,2,Vespertino,23,F,67.3,100,1,23,Sí,No,No trabaja,0,14.6,Sí,1,56.5,No,1,Bajo,1,0
EST01229,Ingeniería en Sistemas Computacionales,10,Vespertino,24,M,74.6,83.4,0,26,No,Sí,No trabaja,0,0.5,Sí,5,83.1,No,4,Bajo,0,0
EST01230,Ingeniería en Gestión Empresarial,6,Vespertino,18,M,76.8,97.8,1,34,No,Sí,Medio tiempo,10,2.8,Sí,9,91.9,Sí,4,Bajo,0,0
EST01231,Ingeniería Electromecánica,2,Matutino,21,M,60.9,92.1,4,29,No,No,No trabaja,0,3.4,Sí,6,83.1,Sí,2,Alto,1,1
EST01232,Contador Público,6,Vespertino,21,M,78.6,88.1,1,35,No,Sí,No trabaja,0,10.5,No,10,65.1,No,1,Bajo,0,0
EST01233,Ingeniería en Gestión Empresarial,1,Matutino,19,F,47.6,84.0,2,24,No,No,Tiempo completo,44,10.6,Sí,13,79.1,Sí,1,Alto,0,1
EST01234,Contador Público,1,Matutino,20,F,68.1,95.6,1,34,Sí,Sí,No trabaja,0,10.3,No,9,77.0,No,3,Bajo,0,0
EST01235,Ingeniería Industrial,8,Matutino,24,M,66.7,98.3,2,24,No,Sí,No trabaja,0,0.5,No,11,99.5,No,1,Bajo,0,1
EST01236,Ingeniería en Gestión Empresarial,4,Vespertino,21,F,78.1,66.4,3,30,No,No,No trabaja,0,0.5,Sí,10,82.8,No,2,Medio,0,1
EST01237,Ingeniería en Gestión Empresarial,2,Vespertino,18,F,85.8,79.1,4,31,Sí,Sí,No trabaja,0,0.5,Sí,5,76.0,No,4,Bajo,0,0
EST01238,Ingeniería Mecatrónica,2,Matutino,19,M,78.0,74.0,0,36,No,No,Medio tiempo,28,12.5,Sí,9,75.9,No,3,Bajo,0,0
EST01239,Licenciatura en Administración,8,Matutino,23,F,71.2,55.3,2,22,No,Sí,No trabaja,0,5.4,Sí,2,51.7,Sí,1,Alto,0,1
EST01240,Ingeniería en Sistemas Computacionales,1,Matutino,18,F,60.2,93.8,2,34,Sí,Sí,Medio tiempo,11,0.5,Sí,1,67.7,No,1,Medio,1,0
EST01241,Ingeniería Electromecánica,7,Matutino,22,M,83.2,89.6,3,32,No,Sí,No trabaja,0,0.5,No,8,100,No,1,Bajo,0,1
EST01242,Ingeniería Mecatrónica,3,Matutino,21,F,76.7,74.0,0,33,No,No,Tiempo completo,30,1.7,Sí,10,56.0,No,5,Bajo,1,0
EST01243,Ingeniería Electromecánica,2,Vespertino,18,F,83.5,75.3,0,25,Sí,No,No trabaja,0,5.1,Sí,12,77.4,No,4,Bajo,0,0
EST01244,Licenciatura en Administración,3,Matutino,23,M,62.6,85.9,4,23,Sí,Sí,Medio tiempo,13,3.4,No,14,64.2,No,2,Medio,0,1
EST01245,Ingeniería Civil,7,Vespertino,17,F,72.4,85.0,0,35,No,No,No trabaja,0,8.4,Sí,1,77.1,No,1,Bajo,0,1
EST01246,Contador Público,3,Vespertino,17,F,87.7,85.6,4,32,Sí,Sí,No trabaja,0,6.4,Sí,9,100,No,2,Bajo,1,0
EST01247,Licenciatura en Administración,9,Vespertino,26,F,71.7,85.4,1,36,Sí,No,Medio tiempo,21,13.7,Sí,13,71.7,No,4,Medio,0,1
EST01248,Ingeniería Mecatrónica,5,Vespertino,21,F,92.1,85.2,0,29,No,Sí,No trabaja,0,11.5,Sí,15,86.3,No,4,Bajo,0,0
EST01249,Ingeniería Mecatrónica,4,Matutino,21,F,74.3,71.5,0,26,No,No,No trabaja,0,9.2,Sí,8,92.1,No,5,Bajo,0,1
EST01250,Ingeniería Industrial,1,Vespertino,19,F,93.2,82.0,0,29,Sí,No,No trabaja,0,2.4,Sí,0,66.2,No,4,Bajo,0,0
EST01251,Ingeniería en Gestión Empresarial,5,Matutino,18,M,75.6,89.2,2,28,Sí,No,Medio tiempo,23,12.7,Sí,1,63.3,No,4,Bajo,1,1
EST01252,Ingeniería Electromecánica,9,Vespertino,22,F,80.9,83.9,0,34,Sí,Sí,No trabaja,0,5.9,Sí,11,99.2,No,1,Bajo,0,0
EST01253,Ingeniería Civil,8,Vespertino,23,M,85.1,90.7,0,21,No,No,Medio tiempo,14,1.7,Sí,19,61.7,No,5,Bajo,0,1
EST01254,Ingeniería Civil,1,Vespertino,17,F,69.1,70.9,1,28,No,Sí,Tiempo completo,42,18.4,Sí,1,50.5,No,5,Alto,0,1
EST01255,Ingeniería Electromecánica,2,Matutino,19,F,86.9,93.3,0,23,No,No,Medio tiempo,23,13.1,No,8,75.1,Sí,4,Bajo,0,0
EST01256,Ingeniería en Sistemas Computacionales,6,Matutino,25,M,68.8,84.2,5,29,Sí,No,No trabaja,0,8.1,Sí,1,92.8,No,3,Medio,1,0
EST01257,Ingeniería Mecatrónica,8,Vespertino,22,F,73.3,83.6,0,29,No,Sí,No trabaja,0,1.7,No,8,94.9,No,3,Bajo,0,0
EST01258,Contador Público,2,Vespertino,21,F,67.9,75.9,1,36,No,No,No trabaja,0,6.2,No,5,64.2,No,3,Medio,1,0
EST01259,Ingeniería en Gestión Empresarial,10,Matutino,25,M,69.8,100,2,18,No,No,No trabaja,0,9.6,Sí,14,100,No,3,Bajo,0,1
EST01260,Ingeniería Industrial,6,Matutino,23,F,86.7,79.4,2,22,No,No,No trabaja,0,18.4,Sí,10,67.1,No,1,Bajo,0,0
EST01261,Ingeniería en Gestión Empresarial,5,Vespertino,24,F,91.0,71.1,0,21,No,No,Medio tiempo,28,3.3,Sí,14,75.4,Sí,5,Bajo,0,0
EST01262,Ingeniería Civil,9,Vespertino,23,M,78.4,69.1,2,26,No,No,Tiempo completo,34,0.5,Sí,9,57.5,No,5,Alto,0,0
EST01263,Ingeniería en Gestión Empresarial,4,Vespertino,18,M,80.8,77.7,5,32,No,No,Medio tiempo,20,4.7,No,14,92.9,Sí,3,Medio,0,0
EST01264,Ingeniería Electromecánica,4,Vespertino,21,F,67.9,96.2,5,36,No,No,Medio tiempo,10,0.5,Sí,7,90.3,No,2,Bajo,0,0
EST01265,Licenciatura en Administración,8,Matutino,25,M,84.3,83.8,0,19,No,Sí,Medio tiempo,27,5.7,Sí,11,93.4,No,3,Bajo,1,0
EST01266,Ingeniería en Gestión Empresarial,8,Vespertino,26,F,71.7,77.7,0,24,No,Sí,No trabaja,0,16.5,Sí,8,81.0,No,4,Bajo,0,0
EST01267,Licenciatura en Administración,3,Vespertino,20,F,72.9,89.4,2,28,No,No,No trabaja,0,7.4,No,4,76.2,No,4,Bajo,1,1
EST01268,Ingeniería Mecatrónica,4,Vespertino,20,M,74.8,92.5,1,19,No,No,Medio tiempo,20,9.3,Sí,2,83.3,Sí,3,Bajo,0,0
EST01269,Licenciatura en Administración,10,Vespertino,24,F,88.6,91.8,1,18,No,No,Medio tiempo,13,0.5,Sí,7,68.8,No,5,Bajo,0,1
EST01270,Ingeniería Civil,1,Vespertino,18,M,68.5,100,1,22,No,Sí,No trabaja,0,12.2,Sí,3,64.9,No,3,Bajo,0,0
EST01271,Ingeniería Electromecánica,4,Matutino,19,F,79.6,85.1,0,36,No,Sí,Medio tiempo,11,3.5,Sí,10,100,No,1,Bajo,0,0
EST01272,Ingeniería en Sistemas Computacionales,3,Matutino,22,M,90.6,79.7,0,20,No,No,Tiempo completo,30,15.2,Sí,10,85.1,No,5,Bajo,0,0
EST01273,Ingeniería en Sistemas Computacionales,8,Vespertino,19,F,67.8,68.6,1,23,No,No,No trabaja,0,1.6,Sí,6,86.0,Sí,2,Bajo,0,1
EST01274,Ingeniería en Gestión Empresarial,2,Matutino,21,F,64.9,81.4,1,33,No,No,Tiempo completo,34,14.5,Sí,8,91.7,No,4,Bajo,1,1
EST01275,Ingeniería Mecatrónica,9,Matutino,29,F,77.2,99.6,0,36,Sí,No,No trabaja,0,4.8,Sí,11,93.9,Sí,3,Bajo,0,0
EST01276,Ingeniería en Sistemas Computacionales,7,Vespertino,19,M,58.5,70.4,1,32,Sí,Sí,Tiempo completo,40,12.4,Sí,11,73.3,No,4,Medio,0,1
EST01277,Contador Público,2,Matutino,22,M,82.7,77.2,3,20,No,No,Tiempo completo,34,4.9,Sí,12,73.7,No,5,Medio,0,1
EST01278,Contador Público,1,Vespertino,17,F,47.0,100,0,22,No,No,Medio tiempo,12,15.2,No,8,84.6,No,4,Medio,0,1
EST01279,Licenciatura en Administración,4,Vespertino,20,M,71.4,81.3,0,32,Sí,No,Medio tiempo,12,4.8,Sí,11,82.5,No,5,Bajo,0,0
EST01280,Ingeniería Industrial,6,Matutino,24,F,79.4,94.4,1,29,No,No,Medio tiempo,11,10.7,Sí,9,66.2,No,3,Bajo,0,1
EST01281,Ingeniería en Sistemas Computacionales,6,Matutino,26,F,70.0,74.1,0,19,Sí,No,No trabaja,0,16.5,Sí,10,78.1,No,4,Medio,0,1
EST01282,Ingeniería Mecatrónica,1,Matutino,23,M,70.0,72.0,1,28,No,No,No trabaja,0,9.7,Sí,13,72.0,No,3,Bajo,0,0
EST01283,Ingeniería Electromecánica,3,Vespertino,22,M,89.9,91.3,0,29,Sí,Sí,Medio tiempo,15,16.2,Sí,17,84.4,No,3,Bajo,0,0
EST01284,Contador Público,7,Vespertino,21,M,79.7,65.9,1,19,No,No,Medio tiempo,10,11.0,Sí,8,75.3,No,4,Medio,1,1
EST01285,Ingeniería en Sistemas Computacionales,9,Matutino,24,M,71.4,83.6,1,35,No,Sí,No trabaja,0,19.8,Sí,2,69.6,No,3,Medio,0,1
EST01286,Ingeniería Industrial,2,Matutino,22,F,60.0,65.4,2,25,Sí,No,Tiempo completo,38,5.2,Sí,9,63.5,No,5,Alto,1,1
EST01287,Ingeniería Electromecánica,9,Matutino,23,F,61.7,67.8,2,18,Sí,No,No trabaja,0,7.8,Sí,5,74.5,No,3,Alto,0,0
EST01288,Ingeniería en Gestión Empresarial,9,Matutino,22,F,77.0,76.0,0,18,Sí,No,Medio tiempo,19,5.8,Sí,9,82.2,Sí,5,Bajo,0,0
EST01289,Ingeniería en Gestión Empresarial,3,Matutino,20,F,81.9,70.8,3,31,No,No,No trabaja,0,11.4,Sí,13,53.7,No,3,Alto,0,1
EST01290,Ingeniería en Gestión Empresarial,8,Vespertino,22,M,74.4,84.0,2,24,No,No,Tiempo completo,39,14.2,Sí,14,90.9,No,1,Bajo,0,0
EST01291,Ingeniería Industrial,10,Matutino,23,F,76.3,86.1,0,29,No,No,No trabaja,0,21.8,Sí,14,100,No,5,Bajo,0,0
EST01292,Ingeniería Mecatrónica,4,Matutino,25,F,82.1,83.1,0,22,No,No,Medio tiempo,20,6.7,Sí,14,78.8,No,3,Bajo,0,0
EST01293,Ingeniería en Gestión Empresarial,2,Vespertino,19,M,75.8,79.5,0,18,No,No,No trabaja,0,6.3,Sí,13,93.9,No,1,Bajo,0,0
EST01294,Contador Público,2,Vespertino,20,M,76.1,75.9,1,18,Sí,Sí,No trabaja,0,4.2,Sí,13,65.8,No,3,Bajo,1,1
EST01295,Contador Público,7,Matutino,24,M,82.8,94.5,0,35,No,No,No trabaja,0,6.2,Sí,9,80.0,Sí,3,Bajo,0,0
EST01296,Ingeniería en Gestión Empresarial,2,Matutino,21,F,82.6,83.4,0,33,No,No,No trabaja,0,12.4,Sí,2,51.7,No,4,Bajo,0,0
EST01297,Contador Público,1,Matutino,21,M,77.3,83.7,1,25,Sí,Sí,No trabaja,0,14.8,Sí,10,65.8,No,1,Bajo,0,0
EST01298,Ingeniería en Gestión Empresarial,4,Vespertino,22,F,83.2,87.1,0,36,No,No,Medio tiempo,24,6.7,Sí,3,69.2,No,1,Bajo,0,0
EST01299,Ingeniería en Gestión Empresarial,1,Vespertino,19,F,63.6,81.9,3,36,No,Sí,Medio tiempo,14,0.5,Sí,14,95.4,Sí,4,Medio,1,0
EST01300,Ingeniería Industrial,6,Vespertino,19,M,68.2,78.0,2,31,No,Sí,Tiempo completo,44,0.5,Sí,3,70.1,No,3,Alto,1,1
EST01301,Licenciatura en Administración,9,Vespertino,25,F,77.4,92.6,3,26,No,No,Medio tiempo,23,5.8,Sí,6,79.5,Sí,5,Medio,0,1
EST01302,Ingeniería en Sistemas Computacionales,2,Matutino,21,F,59.9,84.2,1,25,Sí,No,Medio tiempo,10,8.4,Sí,8,73.3,No,5,Bajo,0,1
EST01303,Ingeniería en Sistemas Computacionales,2,Vespertino,21,M,69.9,75.8,2,28,No,Sí,Medio tiempo,16,5.3,Sí,5,66.0,No,2,Medio,0,0
EST01304,Ingeniería Electromecánica,6,Vespertino,21,M,71.4,74.8,1,32,Sí,No,Tiempo completo,30,13.6,Sí,8,62.6,No,2,Medio,0,0
EST01305,Licenciatura en Administración,3,Vespertino,23,M,66.4,71.3,1,20,No,No,No trabaja,0,17.6,No,11,86.7,No,5,Medio,0,0
EST01306,Licenciatura en Administración,3,Matutino,21,F,76.0,84.5,2,35,Sí,No,No trabaja,0,7.4,Sí,0,75.7,No,3,Medio,0,1
EST01307,Ingeniería Mecatrónica,5,Vespertino,25,F,65.2,73.1,1,29,No,Sí,Tiempo completo,43,9.6,Sí,5,74.5,No,1,Medio,0,0
EST01308,Ingeniería Industrial,3,Matutino,22,M,75.3,92.1,5,26,No,No,No trabaja,0,6.0,Sí,11,78.5,No,1,Medio,0,0
EST01309,Ingeniería Mecatrónica,8,Vespertino,21,M,83.6,98.0,3,24,No,No,No trabaja,0,8.3,Sí,5,97.7,No,1,Bajo,1,0
EST01310,Ingeniería en Sistemas Computacionales,9,Matutino,20,M,68.7,66.0,1,24,Sí,Sí,Medio tiempo,15,4.7,Sí,8,78.9,Sí,1,Bajo,0,1
EST01311,Contador Público,7,Vespertino,24,F,76.7,72.9,2,27,Sí,Sí,Tiempo completo,32,10.7,Sí,13,78.5,No,5,Bajo,1,0
EST01312,Ingeniería Civil,5,Vespertino,19,M,68.5,99.5,2,22,Sí,No,No trabaja,0,5.5,Sí,13,77.4,Sí,4,Bajo,0,0
EST01313,Ingeniería Industrial,7,Matutino,24,F,66.4,100,5,24,No,No,No trabaja,0,1.4,Sí,9,60.9,No,1,Medio,0,0
EST01314,Ingeniería en Sistemas Computacionales,1,Vespertino,18,M,81.0,83.4,0,33,Sí,No,No trabaja,0,6.3,Sí,10,71.2,No,2,Bajo,0,0
EST01315,Ingeniería Industrial,5,Matutino,20,F,72.2,94.5,1,27,No,Sí,No trabaja,0,7.5,Sí,8,75.8,No,4,Bajo,0,0
EST01316,Licenciatura en Administración,10,Matutino,24,F,71.2,72.4,0,28,No,No,Medio tiempo,20,3.1,Sí,1,70.8,No,2,Medio,0,0
EST01317,Ingeniería Electromecánica,9,Matutino,23,M,90.4,70.7,0,25,No,No,Medio tiempo,16,4.7,Sí,0,70.9,No,4,Bajo,0,0
EST01318,Ingeniería Electromecánica,9,Vespertino,22,M,81.5,85.7,0,23,No,Sí,No trabaja,0,0.5,Sí,12,92.6,No,2,Bajo,1,0
EST01319,Ingeniería Electromecánica,5,Matutino,20,F,65.5,89.0,1,30,Sí,No,Medio tiempo,16,11.7,No,8,71.0,No,1,Bajo,0,0
EST01320,Ingeniería Electromecánica,7,Vespertino,23,M,97.2,73.1,5,25,No,Sí,No trabaja,0,7.0,Sí,1,97.3,No,3,Bajo,0,0
EST01321,Licenciatura en Administración,5,Vespertino,22,M,90.6,97.7,1,22,No,Sí,Medio tiempo,10,4.4,No,13,86.9,No,1,Bajo,0,0
EST01322,Ingeniería en Gestión Empresarial,4,Vespertino,21,M,93.8,86.4,0,18,No,No,Medio tiempo,11,4.8,Sí,15,100,No,4,Bajo,1,0
EST01323,Ingeniería Civil,7,Vespertino,24,F,75.5,100,5,32,Sí,No,No trabaja,0,1.1,Sí,11,59.6,No,5,Medio,0,0
EST01324,Licenciatura en Administración,2,Vespertino,21,M,75.7,88.8,0,33,No,No,No trabaja,0,1.5,Sí,11,100,Sí,5,Bajo,0,0
EST01325,Ingeniería en Sistemas Computacionales,2,Vespertino,24,F,74.1,77.0,2,36,Sí,Sí,Medio tiempo,24,7.0,Sí,5,70.2,No,5,Bajo,0,0
EST01326,Contador Público,5,Vespertino,21,F,85.9,95.2,1,32,No,No,No trabaja,0,0.5,Sí,4,92.8,No,1,Bajo,0,0
EST01327,Ingeniería Electromecánica,2,Vespertino,22,F,79.9,86.8,1,33,No,Sí,No trabaja,0,17.3,Sí,13,68.5,No,5,Bajo,1,1
EST01328,Ingeniería Mecatrónica,7,Vespertino,20,M,87.6,73.2,1,32,No,Sí,No trabaja,0,14.9,Sí,10,100,No,2,Bajo,0,0
EST01329,Ingeniería en Gestión Empresarial,10,Matutino,25,F,100,76.3,0,36,No,No,No trabaja,0,13.1,Sí,12,74.5,No,1,Bajo,0,0
EST01330,Licenciatura en Administración,3,Matutino,17,M,62.7,75.5,1,28,No,No,Tiempo completo,47,9.2,No,2,74.8,No,4,Alto,1,1
EST01331,Ingeniería en Gestión Empresarial,10,Matutino,21,M,68.8,81.9,8,20,No,No,Medio tiempo,14,3.1,Sí,6,83.0,Sí,2,Alto,1,1
EST01332,Ingeniería en Sistemas Computacionales,4,Vespertino,25,F,63.4,81.9,6,36,Sí,No,No trabaja,0,9.6,Sí,0,39.6,Sí,1,Alto,0,0
EST01333,Ingeniería Civil,5,Vespertino,19,M,83.1,81.5,0,19,No,Sí,No trabaja,0,4.0,Sí,12,75.7,No,4,Bajo,0,0
EST01334,Contador Público,8,Vespertino,21,F,69.7,85.4,3,24,Sí,No,No trabaja,0,12.7,Sí,12,87.4,No,4,Bajo,0,0
EST01335,Ingeniería Civil,1,Matutino,22,M,78.2,77.9,2,32,No,No,No trabaja,0,16.0,Sí,13,80.8,No,4,Medio,1,1
EST01336,Licenciatura en Administración,3,Matutino,20,M,62.0,85.6,1,24,No,Sí,No trabaja,0,15.0,Sí,14,84.0,No,2,Bajo,0,0
EST01337,Ingeniería Civil,5,Matutino,24,M,88.1,90.3,0,23,Sí,No,No trabaja,0,20.6,Sí,18,83.0,No,4,Bajo,0,0
EST01338,Ingeniería en Sistemas Computacionales,1,Vespertino,21,F,75.9,100,1,35,No,No,No trabaja,0,12.2,Sí,8,84.8,No,2,Bajo,0,1
EST01339,Licenciatura en Administración,8,Matutino,22,F,65.1,85.5,3,27,No,No,Medio tiempo,21,13.2,Sí,11,74.6,No,1,Medio,1,1
EST01340,Ingeniería Civil,8,Matutino,22,F,63.6,89.3,1,34,No,Sí,Medio tiempo,24,9.6,No,3,59.8,No,5,Medio,0,0
EST01341,Ingeniería Civil,4,Matutino,21,F,93.7,80.0,2,18,Sí,No,No trabaja,0,7.8,Sí,0,53.0,No,4,Bajo,0,0
EST01342,Ingeniería en Sistemas Computacionales,7,Vespertino,22,M,73.9,74.5,0,36,Sí,No,No trabaja,0,14.0,Sí,9,100,No,5,Bajo,0,0
EST01343,Ingeniería en Gestión Empresarial,7,Matutino,23,M,73.9,74.7,1,26,No,No,No trabaja,0,13.4,Sí,14,80.6,No,5,Bajo,0,0
EST01344,Ingeniería Electromecánica,7,Vespertino,19,M,78.6,85.1,0,22,No,No,No trabaja,0,12.5,Sí,7,94.7,No,2,Bajo,0,0
EST01345,Licenciatura en Administración,7,Vespertino,23,F,66.9,81.8,2,18,No,No,No trabaja,0,18.0,Sí,9,95.6,No,5,Medio,0,1
EST01346,Ingeniería en Sistemas Computacionales,8,Matutino,26,M,87.6,74.8,0,33,No,No,No trabaja,0,7.5,Sí,9,60.4,Sí,5,Medio,0,0
EST01347,Ingeniería en Sistemas Computacionales,10,Matutino,18,M,62.7,92.3,6,26,No,No,Tiempo completo,41,9.4,Sí,12,85.5,No,1,Alto,1,1
EST01348,Licenciatura en Administración,3,Matutino,19,M,70.4,61.8,1,25,No,No,Tiempo completo,32,4.0,Sí,4,79.0,No,3,Alto,0,0
EST01349,Ingeniería en Sistemas Computacionales,7,Matutino,22,F,74.9,100,4,23,Sí,No,No trabaja,0,6.9,Sí,3,61.9,No,4,Medio,0,1
EST01350,Ingeniería Industrial,3,Matutino,20,F,79.9,100,0,31,Sí,Sí,No trabaja,0,3.5,Sí,4,77.9,No,1,Bajo,0,0
EST01351,Contador Público,10,Matutino,20,M,81.3,83.3,1,28,No,Sí,No trabaja,0,0.5,Sí,8,87.3,No,1,Bajo,0,0
EST01352,Ingeniería en Sistemas Computacionales,1,Vespertino,22,F,75.1,69.6,0,25,No,Sí,No trabaja,0,14.1,Sí,5,81.9,Sí,4,Bajo,0,0
EST01353,Ingeniería en Gestión Empresarial,4,Matutino,24,F,87.3,83.4,1,30,No,No,No trabaja,0,16.6,Sí,10,88.8,No,4,Bajo,0,0
EST01354,Contador Público,6,Matutino,23,F,70.6,83.2,1,20,No,Sí,Medio tiempo,28,5.2,No,8,94.1,No,4,Bajo,0,1
EST01355,Ingeniería Mecatrónica,9,Vespertino,28,F,77.6,80.4,1,23,No,Sí,Medio tiempo,12,10.5,Sí,0,35.4,No,2,Medio,0,0
EST01356,Ingeniería Civil,8,Matutino,25,M,69.4,81.5,1,31,No,No,Medio tiempo,21,6.3,Sí,11,84.5,No,3,Bajo,1,0
EST01357,Licenciatura en Administración,2,Vespertino,19,F,55.7,74.7,2,25,Sí,No,No trabaja,0,17.2,Sí,2,58.2,No,1,Alto,1,0
EST01358,Ingeniería en Sistemas Computacionales,7,Matutino,23,M,94.5,76.4,3,30,No,No,Medio tiempo,27,19.4,Sí,9,84.2,Sí,5,Bajo,0,1
EST01359,Ingeniería Mecatrónica,2,Matutino,21,F,81.5,60.5,3,18,Sí,No,Medio tiempo,10,10.5,Sí,11,86.1,Sí,3,Medio,0,1
EST01360,Ingeniería en Gestión Empresarial,2,Vespertino,24,F,79.6,82.3,0,36,No,No,No trabaja,0,11.5,Sí,13,80.4,No,5,Bajo,0,0
EST01361,Ingeniería en Gestión Empresarial,5,Vespertino,19,F,68.1,84.4,1,18,Sí,No,Medio tiempo,27,13.8,Sí,5,55.4,No,1,Medio,0,1
EST01362,Ingeniería Civil,9,Vespertino,19,F,59.9,78.5,7,34,Sí,Sí,Tiempo completo,41,11.9,Sí,14,100,No,3,Alto,0,1
EST01363,Contador Público,2,Matutino,20,M,89.4,97.0,0,35,No,No,No trabaja,0,3.1,Sí,15,77.7,No,5,Bajo,0,0
EST01364,Ingeniería en Gestión Empresarial,5,Matutino,24,M,73.8,73.3,0,34,Sí,Sí,Tiempo completo,36,19.7,No,13,55.5,No,3,Medio,0,1
EST01365,Ingeniería en Sistemas Computacionales,6,Matutino,24,F,66.7,83.1,1,27,No,No,No trabaja,0,9.3,Sí,3,80.2,Sí,1,Medio,1,1
EST01366,Ingeniería Electromecánica,5,Matutino,21,M,82.2,69.0,2,24,No,Sí,Tiempo completo,32,0.5,Sí,10,48.9,No,5,Alto,0,1
EST01367,Ingeniería Mecatrónica,2,Matutino,18,F,79.7,86.3,0,36,No,No,No trabaja,0,12.3,No,13,68.0,No,5,Medio,0,0
EST01368,Contador Público,4,Vespertino,19,M,55.9,83.7,2,22,Sí,No,Medio tiempo,21,14.2,Sí,4,81.9,No,3,Medio,0,1
EST01369,Ingeniería en Gestión Empresarial,9,Matutino,21,F,86.9,100,0,26,No,Sí,No trabaja,0,7.2,Sí,12,72.1,Sí,5,Bajo,0,0
EST01370,Ingeniería en Gestión Empresarial,5,Vespertino,20,M,76.6,87.6,3,24,No,No,No trabaja,0,0.5,Sí,6,64.1,Sí,4,Medio,0,0
EST01371,Contador Público,3,Matutino,20,M,90.0,84.4,0,27,Sí,Sí,Medio tiempo,12,7.7,No,9,86.5,No,2,Bajo,0,0
EST01372,Ingeniería Electromecánica,4,Matutino,24,M,76.9,91.4,1,32,Sí,Sí,No trabaja,0,13.5,Sí,6,90.6,Sí,2,Bajo,0,0
EST01373,Ingeniería Electromecánica,4,Vespertino,20,M,67.8,66.7,2,34,No,No,Medio tiempo,27,16.7,Sí,11,100,Sí,4,Medio,0,0
EST01374,Ingeniería en Gestión Empresarial,10,Vespertino,23,F,82.4,78.1,0,28,Sí,No,No trabaja,0,15.3,Sí,0,84.7,No,1,Bajo,0,0
EST01375,Ingeniería Civil,7,Vespertino,21,M,51.1,95.9,0,32,No,No,No trabaja,0,15.3,Sí,11,99.6,No,4,Medio,1,0
EST01376,Ingeniería Mecatrónica,9,Matutino,26,F,55.6,81.8,3,24,No,No,Medio tiempo,26,16.8,No,14,74.6,No,2,Alto,0,1
EST01377,Ingeniería Mecatrónica,1,Vespertino,17,F,71.5,82.6,1,35,Sí,Sí,Tiempo completo,47,18.1,Sí,8,51.8,No,2,Bajo,0,0
EST01378,Ingeniería Industrial,1,Vespertino,20,F,74.9,76.6,0,31,No,No,No trabaja,0,2.3,Sí,9,74.2,No,2,Bajo,0,0
EST01379,Licenciatura en Administración,10,Vespertino,25,M,82.8,93.7,1,33,No,No,Medio tiempo,16,16.3,Sí,12,65.8,No,4,Bajo,0,0
EST01380,Ingeniería Industrial,4,Vespertino,22,F,83.8,80.4,2,22,Sí,No,Medio tiempo,17,11.5,No,9,65.5,No,1,Bajo,0,0
EST01381,Ingeniería en Sistemas Computacionales,1,Matutino,21,F,80.4,90.1,5,33,No,No,No trabaja,0,10.9,Sí,14,80.7,Sí,3,Medio,1,0
EST01382,Contador Público,2,Vespertino,21,M,74.5,82.1,5,33,Sí,Sí,Medio tiempo,10,0.5,Sí,10,94.1,No,5,Bajo,0,0
EST01383,Ingeniería Civil,7,Vespertino,22,M,81.2,91.8,1,19,No,No,No trabaja,0,10.5,Sí,17,68.3,Sí,4,Bajo,0,0
EST01384,Ingeniería en Gestión Empresarial,2,Vespertino,18,F,80.4,86.5,5,33,Sí,No,No trabaja,0,15.9,Sí,15,78.6,Sí,1,Bajo,0,0
EST01385,Licenciatura en Administración,7,Vespertino,22,M,88.2,83.0,2,36,Sí,Sí,Medio tiempo,25,7.4,Sí,3,93.6,No,4,Bajo,0,0
EST01386,Ingeniería Mecatrónica,7,Matutino,23,M,77.0,72.0,1,30,No,No,Medio tiempo,21,13.9,Sí,4,90.4,No,3,Bajo,0,0
EST01387,Ingeniería Civil,5,Vespertino,25,F,69.3,86.1,2,34,No,Sí,Medio tiempo,14,2.4,Sí,5,96.5,No,2,Bajo,0,0
EST01388,Licenciatura en Administración,5,Matutino,22,F,71.7,91.3,0,21,Sí,No,No trabaja,0,2.2,Sí,9,54.2,No,5,Medio,0,1
EST01389,Ingeniería en Sistemas Computacionales,8,Matutino,22,M,88.0,100,0,21,Sí,Sí,No trabaja,0,9.5,Sí,14,67.9,No,2,Bajo,0,0
EST01390,Ingeniería Civil,4,Vespertino,23,M,87.8,71.5,0,22,No,No,No trabaja,0,5.9,Sí,3,77.2,Sí,4,Bajo,0,0
EST01391,Ingeniería Electromecánica,2,Matutino,21,M,73.8,92.8,5,26,No,No,No trabaja,0,8.1,Sí,7,62.4,No,5,Medio,1,1
EST01392,Ingeniería en Sistemas Computacionales,7,Matutino,22,M,71.9,82.8,0,29,No,No,No trabaja,0,13.2,Sí,12,76.4,Sí,4,Bajo,0,1
EST01393,Contador Público,9,Vespertino,21,F,73.4,75.5,3,30,No,No,No trabaja,0,17.7,No,13,83.3,No,5,Medio,0,1
EST01394,Ingeniería Electromecánica,2,Matutino,22,M,66.3,73.1,3,21,No,Sí,Tiempo completo,44,6.6,No,13,75.1,No,5,Alto,1,1
EST01395,Ingeniería Electromecánica,8,Vespertino,21,F,82.8,100,0,27,No,No,No trabaja,0,8.7,Sí,4,96.0,No,4,Bajo,0,0
EST01396,Ingeniería Civil,2,Vespertino,17,F,62.3,91.2,2,26,No,No,Medio tiempo,22,5.3,Sí,14,99.4,No,1,Bajo,0,0
EST01397,Ingeniería Civil,1,Matutino,26,F,85.1,95.5,2,21,No,No,No trabaja,0,8.6,Sí,5,92.1,No,3,Bajo,0,0
EST01398,Contador Público,7,Matutino,23,F,98.3,63.5,2,26,No,No,Tiempo completo,41,23.9,Sí,13,84.0,No,3,Medio,1,1
EST01399,Licenciatura en Administración,4,Matutino,17,F,79.6,86.2,6,30,No,Sí,No trabaja,0,4.1,Sí,2,70.4,Sí,5,Medio,0,0
EST01400,Ingeniería en Sistemas Computacionales,6,Vespertino,18,F,64.2,74.6,1,28,Sí,No,Tiempo completo,41,7.2,Sí,13,97.1,No,5,Medio,0,1
EST01401,Ingeniería Mecatrónica,7,Vespertino,24,F,71.9,68.1,2,20,Sí,Sí,No trabaja,0,2.6,Sí,5,73.2,No,4,Bajo,1,0
EST01402,Licenciatura en Administración,5,Vespertino,21,F,70.7,83.4,2,28,No,Sí,Medio tiempo,20,2.4,Sí,8,63.7,No,3,Medio,0,1
EST01403,Licenciatura en Administración,1,Vespertino,22,M,69.5,90.6,4,22,No,Sí,No trabaja,0,6.5,Sí,12,74.7,No,2,Medio,0,0
EST01404,Ingeniería Electromecánica,6,Matutino,19,F,76.6,61.5,1,19,Sí,No,No trabaja,0,18.0,Sí,0,58.1,No,3,Bajo,0,0
EST01405,Contador Público,8,Vespertino,26,F,81.1,69.7,1,22,Sí,Sí,No trabaja,0,3.5,Sí,9,87.5,No,3,Bajo,0,0
EST01406,Ingeniería Electromecánica,10,Matutino,22,F,58.9,87.2,5,26,Sí,No,Tiempo completo,34,11.2,Sí,14,100,No,4,Medio,0,0
EST01407,Ingeniería Electromecánica,6,Vespertino,20,M,85.8,69.4,4,33,No,No,Tiempo completo,35,5.2,Sí,13,79.9,No,5,Medio,0,0
EST01408,Ingeniería Electromecánica,10,Matutino,25,F,73.1,72.4,2,20,No,Sí,No trabaja,0,10.2,Sí,9,72.2,No,3,Medio,0,1
EST01409,Ingeniería Civil,2,Vespertino,23,M,80.8,71.7,1,20,Sí,No,Medio tiempo,10,10.8,Sí,13,83.2,No,3,Bajo,1,0
EST01410,Ingeniería Civil,4,Matutino,23,M,62.6,80.2,4,35,No,No,Medio tiempo,15,6.7,Sí,3,53.4,No,2,Alto,0,1
EST01411,Ingeniería en Gestión Empresarial,7,Vespertino,22,F,76.2,84.7,1,22,No,Sí,Medio tiempo,27,21.4,Sí,6,72.5,No,1,Medio,0,1
EST01412,Ingeniería Mecatrónica,8,Vespertino,20,M,81.5,76.4,1,23,Sí,No,No trabaja,0,12.6,Sí,8,76.3,No,4,Bajo,0,0
EST01413,Ingeniería Civil,10,Vespertino,23,M,74.1,100,2,36,No,Sí,Medio tiempo,22,19.9,Sí,13,65.0,No,5,Bajo,0,0
EST01414,Contador Público,7,Matutino,23,F,75.3,96.8,3,25,No,No,Medio tiempo,28,8.2,Sí,3,53.5,No,2,Medio,0,1
EST01415,Contador Público,8,Vespertino,21,M,68.6,92.7,5,30,No,Sí,No trabaja,0,0.5,No,10,100,No,3,Bajo,0,0
EST01416,Ingeniería en Sistemas Computacionales,1,Vespertino,18,F,75.7,65.9,0,31,Sí,No,Tiempo completo,45,19.0,Sí,6,55.6,No,3,Alto,1,1
EST01417,Contador Público,8,Vespertino,21,M,98.0,98.6,0,18,No,Sí,No trabaja,0,9.8,Sí,10,74.9,No,5,Bajo,0,0
EST01418,Ingeniería Industrial,5,Matutino,25,M,67.2,63.5,0,18,No,No,Tiempo completo,43,3.1,Sí,14,99.7,Sí,4,Medio,0,1
EST01419,Licenciatura en Administración,3,Matutino,18,M,64.6,75.7,0,28,No,No,No trabaja,0,4.6,Sí,7,90.8,No,3,Bajo,0,0
EST01420,Ingeniería Electromecánica,4,Vespertino,23,F,59.0,86.8,2,25,Sí,No,No trabaja,0,5.0,Sí,1,88.3,No,4,Bajo,1,0
EST01421,Ingeniería en Gestión Empresarial,5,Vespertino,22,M,81.1,86.0,0,25,No,No,No trabaja,0,5.2,Sí,7,70.4,No,2,Bajo,0,0
EST01422,Ingeniería Industrial,7,Vespertino,22,F,73.3,85.5,0,25,No,Sí,No trabaja,0,10.1,Sí,14,77.3,No,4,Bajo,0,1
EST01423,Licenciatura en Administración,7,Vespertino,25,M,83.1,90.1,1,24,No,Sí,No trabaja,0,11.0,Sí,7,84.8,No,2,Bajo,0,0
EST01424,Ingeniería en Sistemas Computacionales,6,Vespertino,18,M,64.6,70.9,1,26,Sí,Sí,Tiempo completo,43,7.2,Sí,10,71.3,No,4,Alto,0,0
EST01425,Ingeniería en Sistemas Computacionales,3,Matutino,19,F,88.0,88.0,0,29,No,Sí,No trabaja,0,20.1,Sí,8,85.0,No,3,Bajo,0,0
EST01426,Ingeniería Electromecánica,4,Vespertino,21,M,80.1,82.9,1,21,No,No,No trabaja,0,7.1,Sí,0,80.6,Sí,4,Bajo,0,0
EST01427,Ingeniería Mecatrónica,9,Matutino,26,M,74.8,87.3,0,32,No,No,No trabaja,0,0.5,Sí,5,69.1,No,3,Bajo,0,0
EST01428,Ingeniería Civil,1,Matutino,23,M,79.0,89.6,6,30,Sí,Sí,Tiempo completo,48,7.9,Sí,7,92.0,No,5,Medio,1,1
EST01429,Ingeniería Electromecánica,6,Matutino,24,F,73.4,76.9,0,35,No,No,Tiempo completo,41,8.3,Sí,5,55.8,No,4,Medio,0,0
EST01430,Contador Público,1,Matutino,24,M,74.4,81.7,4,25,No,Sí,Medio tiempo,12,7.5,Sí,0,66.7,No,1,Medio,0,1
EST01431,Ingeniería en Gestión Empresarial,1,Matutino,25,M,61.7,88.4,3,20,Sí,No,Medio tiempo,15,0.5,Sí,9,60.9,No,5,Medio,0,1
EST01432,Licenciatura en Administración,7,Vespertino,22,M,60.8,95.4,7,22,Sí,No,No trabaja,0,10.3,No,13,92.9,No,3,Medio,0,1
EST01433,Ingeniería en Gestión Empresarial,5,Matutino,21,M,69.2,89.7,0,35,Sí,No,No trabaja,0,10.5,Sí,1,52.5,No,5,Bajo,0,0
EST01434,Ingeniería Civil,6,Vespertino,21,F,79.1,89.0,0,24,Sí,No,No trabaja,0,4.8,Sí,6,93.5,No,1,Bajo,0,0
EST01435,Ingeniería Industrial,10,Matutino,18,F,75.1,96.7,0,30,No,Sí,No trabaja,0,2.6,Sí,8,88.6,No,1,Bajo,0,0
EST01436,Licenciatura en Administración,3,Vespertino,20,M,76.7,89.4,1,24,Sí,Sí,Medio tiempo,25,7.2,Sí,5,89.3,No,1,Bajo,0,0
EST01437,Ingeniería Civil,2,Vespertino,19,M,71.5,67.2,0,19,Sí,No,Tiempo completo,30,3.3,Sí,7,76.2,No,3,Bajo,0,1
EST01438,Ingeniería Electromecánica,4,Matutino,24,F,81.2,82.2,1,33,Sí,Sí,No trabaja,0,4.4,Sí,13,56.4,No,5,Bajo,1,0
EST01439,Ingeniería en Sistemas Computacionales,4,Vespertino,17,M,76.1,88.4,3,32,No,Sí,Medio tiempo,23,2.6,Sí,12,69.9,Sí,2,Medio,0,1
EST01440,Ingeniería Electromecánica,5,Matutino,24,F,65.6,86.3,1,21,No,No,No trabaja,0,12.5,Sí,0,86.7,No,5,Bajo,0,0
EST01441,Ingeniería Industrial,4,Matutino,21,F,74.3,95.1,1,21,Sí,No,No trabaja,0,0.5,Sí,11,54.5,No,5,Bajo,0,1
EST01442,Ingeniería Industrial,7,Vespertino,24,F,70.3,100,0,21,No,Sí,No trabaja,0,0.5,No,5,75.7,No,3,Bajo,0,0
EST01443,Ingeniería Civil,10,Vespertino,27,F,75.6,86.4,4,28,No,No,Medio tiempo,17,9.3,Sí,4,77.6,No,4,Medio,0,0
EST01444,Ingeniería Civil,10,Matutino,26,M,68.1,71.9,2,23,Sí,Sí,No trabaja,0,11.5,Sí,10,92.0,Sí,3,Medio,0,0
EST01445,Licenciatura en Administración,7,Vespertino,21,M,66.6,94.2,1,20,Sí,Sí,No trabaja,0,6.8,Sí,6,72.5,No,4,Bajo,0,0
EST01446,Licenciatura en Administración,8,Matutino,19,F,86.4,73.1,0,27,Sí,No,Medio tiempo,19,5.2,Sí,9,91.4,Sí,5,Bajo,0,1
EST01447,Ingeniería Industrial,4,Vespertino,20,F,80.9,84.2,2,21,No,No,Medio tiempo,19,3.3,Sí,14,86.4,No,2,Bajo,0,0
EST01448,Contador Público,10,Vespertino,20,F,83.6,94.4,1,21,No,No,Medio tiempo,14,13.8,No,8,75.7,No,5,Bajo,0,0
EST01449,Ingeniería Mecatrónica,2,Matutino,21,F,62.9,95.8,3,27,Sí,No,No trabaja,0,7.3,Sí,4,100,No,3,Bajo,0,0
EST01450,Ingeniería Electromecánica,7,Matutino,24,F,95.2,73.9,0,35,No,Sí,Medio tiempo,15,6.6,Sí,12,96.8,No,2,Bajo,0,0
EST01451,Ingeniería Civil,10,Vespertino,20,M,71.0,84.4,1,23,No,Sí,Medio tiempo,25,0.5,No,13,80.9,No,4,Bajo,0,0
EST01452,Licenciatura en Administración,2,Matutino,19,M,64.5,81.2,3,36,Sí,Sí,Tiempo completo,34,0.5,Sí,13,53.1,No,2,Alto,0,1
EST01453,Ingeniería Mecatrónica,4,Matutino,21,F,64.9,69.6,2,26,Sí,No,Tiempo completo,36,5.6,Sí,14,79.2,No,4,Alto,1,1
EST01454,Licenciatura en Administración,10,Matutino,24,M,71.9,91.9,0,18,No,Sí,Medio tiempo,28,10.1,Sí,13,83.1,No,2,Bajo,1,0
EST01455,Ingeniería Electromecánica,10,Vespertino,21,M,75.4,74.1,2,25,No,Sí,No trabaja,0,2.1,Sí,0,82.1,No,4,Bajo,0,0
EST01456,Licenciatura en Administración,5,Matutino,22,M,70.7,68.1,0,21,No,Sí,No trabaja,0,13.9,Sí,3,57.7,No,2,Bajo,0,1
EST01457,Contador Público,8,Vespertino,20,M,84.5,77.5,0,22,Sí,No,No trabaja,0,16.5,Sí,4,100,No,1,Bajo,0,0
EST01458,Ingeniería en Sistemas Computacionales,4,Matutino,22,F,83.3,64.8,0,27,No,Sí,No trabaja,0,20.0,Sí,11,72.4,No,5,Bajo,0,1
EST01459,Ingeniería Mecatrónica,8,Vespertino,24,M,66.4,100,1,19,No,Sí,Tiempo completo,36,7.0,Sí,11,77.5,No,2,Bajo,0,1
EST01460,Ingeniería Industrial,9,Matutino,23,M,80.0,83.0,1,32,Sí,No,Medio tiempo,11,15.2,Sí,8,80.9,No,5,Bajo,0,0
EST01461,Ingeniería Civil,3,Matutino,20,M,71.9,93.8,2,27,Sí,Sí,Tiempo completo,30,17.0,Sí,1,78.1,No,1,Bajo,0,0
EST01462,Ingeniería Industrial,1,Vespertino,21,M,87.6,95.9,2,22,No,No,No trabaja,0,11.0,Sí,5,71.2,No,3,Bajo,0,0
EST01463,Ingeniería Industrial,8,Vespertino,23,M,93.7,74.1,0,33,No,No,Medio tiempo,24,6.7,Sí,1,75.3,No,4,Bajo,0,0
EST01464,Ingeniería Mecatrónica,1,Vespertino,18,M,68.9,90.4,4,25,Sí,No,No trabaja,0,8.8,Sí,8,62.0,No,5,Medio,0,0
EST01465,Ingeniería Electromecánica,1,Matutino,17,M,91.2,95.2,0,22,Sí,No,Tiempo completo,40,1.4,Sí,18,82.5,No,5,Bajo,0,0
EST01466,Licenciatura en Administración,5,Matutino,23,M,78.0,83.1,1,26,Sí,Sí,Medio tiempo,24,7.5,No,10,92.5,No,4,Bajo,0,0
EST01467,Licenciatura en Administración,5,Vespertino,25,M,54.9,89.2,4,22,No,No,Medio tiempo,26,4.5,Sí,12,100,No,4,Alto,1,1
EST01468,Ingeniería en Sistemas Computacionales,5,Matutino,22,M,66.8,92.8,2,35,No,No,Medio tiempo,12,0.7,Sí,14,87.9,No,3,Bajo,0,0
EST01469,Contador Público,7,Vespertino,24,M,88.3,61.2,0,26,No,No,No trabaja,0,12.1,Sí,6,75.2,Sí,3,Bajo,1,0
EST01470,Ingeniería en Sistemas Computacionales,4,Matutino,22,F,78.3,92.6,0,31,No,Sí,Medio tiempo,19,14.6,Sí,9,100,No,4,Bajo,0,0
EST01471,Ingeniería en Sistemas Computacionales,4,Matutino,21,F,88.7,74.4,3,23,Sí,No,Medio tiempo,24,24.2,Sí,0,69.5,No,5,Medio,1,1
EST01472,Contador Público,5,Matutino,22,M,73.7,86.9,0,25,No,No,Tiempo completo,42,10.9,Sí,7,75.0,No,1,Medio,0,0
EST01473,Ingeniería en Sistemas Computacionales,6,Matutino,20,F,70.8,80.3,3,22,Sí,Sí,No trabaja,0,12.6,Sí,0,59.4,No,1,Medio,1,1
EST01474,Ingeniería Mecatrónica,3,Matutino,22,F,76.1,74.5,0,22,Sí,No,Medio tiempo,23,8.3,Sí,6,100,Sí,2,Bajo,0,0
EST01475,Ingeniería Electromecánica,5,Matutino,18,M,72.9,82.7,1,29,Sí,Sí,Medio tiempo,20,13.8,Sí,1,63.4,No,3,Medio,0,1
EST01476,Ingeniería Civil,3,Matutino,19,F,81.9,79.7,1,28,Sí,Sí,Medio tiempo,26,13.7,Sí,12,77.7,No,3,Bajo,0,1
EST01477,Ingeniería en Gestión Empresarial,4,Vespertino,21,M,62.3,67.4,1,19,Sí,Sí,Tiempo completo,41,19.6,Sí,4,80.5,No,4,Medio,0,0
EST01478,Contador Público,5,Vespertino,24,M,64.9,67.2,2,30,Sí,Sí,No trabaja,0,16.0,Sí,1,67.4,Sí,4,Alto,1,1
EST01479,Licenciatura en Administración,4,Vespertino,24,F,68.5,86.1,1,29,No,Sí,Medio tiempo,17,11.7,Sí,14,88.0,No,3,Bajo,0,0
EST01480,Ingeniería en Sistemas Computacionales,4,Matutino,19,F,66.9,75.6,6,35,No,Sí,Medio tiempo,28,15.3,Sí,2,69.0,No,5,Alto,0,1
EST01481,Contador Público,5,Vespertino,23,M,80.8,98.2,1,27,No,No,Medio tiempo,21,6.7,Sí,16,75.8,No,1,Bajo,0,0
EST01482,Ingeniería Electromecánica,1,Matutino,21,M,80.1,62.5,0,30,Sí,No,Tiempo completo,34,24.1,Sí,5,83.1,No,4,Medio,0,0
EST01483,Licenciatura en Administración,1,Matutino,19,F,73.3,80.8,4,34,No,No,No trabaja,0,0.5,Sí,2,39.5,No,3,Alto,1,1
EST01484,Ingeniería Civil,6,Vespertino,22,M,90.0,74.0,1,20,No,No,No trabaja,0,18.8,Sí,5,83.6,No,5,Bajo,0,0
EST01485,Ingeniería Industrial,5,Matutino,24,M,74.4,88.0,0,18,Sí,No,Tiempo completo,48,3.8,Sí,0,50.5,Sí,3,Bajo,0,0
EST01486,Ingeniería en Sistemas Computacionales,8,Matutino,24,F,82.2,78.9,0,28,Sí,Sí,No trabaja,0,3.3,Sí,12,93.5,No,2,Bajo,0,0
EST01487,Ingeniería en Sistemas Computacionales,9,Matutino,20,F,82.5,87.0,2,34,No,Sí,Medio tiempo,25,14.0,Sí,16,76.0,No,4,Bajo,0,0
EST01488,Ingeniería en Sistemas Computacionales,3,Matutino,22,M,79.3,67.9,0,31,No,No,Tiempo completo,33,19.6,Sí,14,49.6,Sí,5,Medio,0,0
EST01489,Ingeniería Industrial,4,Matutino,23,M,71.8,97.5,0,18,No,Sí,No trabaja,0,11.1,Sí,9,82.2,Sí,4,Bajo,0,0
EST01490,Ingeniería Mecatrónica,4,Vespertino,19,M,93.7,97.4,0,22,Sí,Sí,No trabaja,0,11.6,Sí,15,75.5,No,3,Bajo,0,0
EST01491,Ingeniería Electromecánica,7,Matutino,25,M,81.5,74.4,4,30,No,No,Medio tiempo,19,16.6,Sí,0,40.7,No,5,Alto,1,1
EST01492,Licenciatura en Administración,9,Vespertino,20,F,59.1,62.5,2,25,No,No,No trabaja,0,11.8,No,7,53.3,No,4,Alto,1,1
EST01493,Ingeniería Mecatrónica,5,Matutino,22,M,82.2,80.5,4,35,Sí,No,No trabaja,0,7.0,Sí,7,86.0,No,2,Bajo,0,0
EST01494,Ingeniería en Gestión Empresarial,6,Vespertino,22,M,57.6,51.0,2,22,No,Sí,Tiempo completo,48,5.3,Sí,14,69.6,No,2,Alto,1,1
EST01495,Licenciatura en Administración,8,Vespertino,23,F,77.2,84.8,1,18,No,Sí,No trabaja,0,6.1,Sí,5,100,No,4,Bajo,0,1
EST01496,Ingeniería Civil,1,Matutino,21,F,68.4,83.0,5,32,No,Sí,Medio tiempo,22,6.3,Sí,12,48.2,No,5,Alto,0,1
EST01497,Ingeniería en Sistemas Computacionales,8,Vespertino,23,M,79.8,68.1,3,33,No,No,Medio tiempo,17,8.0,Sí,14,90.8,No,1,Medio,1,0
EST01498,Contador Público,4,Vespertino,17,M,71.2,85.7,1,27,No,No,Tiempo completo,45,13.7,Sí,11,72.6,No,3,Medio,0,0
EST01499,Ingeniería Electromecánica,2,Vespertino,21,M,72.0,71.2,2,23,Sí,Sí,Medio tiempo,15,12.6,Sí,9,82.5,No,2,Bajo,1,0
EST01500,Ingeniería Mecatrónica,1,Vespertino,19,M,83.5,80.5,1,30,No,No,Tiempo completo,41,0.5,No,4,66.1,No,4,Medio,0,1
EST01501,Ingeniería Electromecánica,6,Vespertino,20,M,64.6,97.2,3,19,No,No,Medio tiempo,22,3.3,Sí,2,85.6,No,4,Medio,1,0
EST01502,Licenciatura en Administración,6,Matutino,23,M,68.3,79.9,1,27,No,No,Medio tiempo,27,11.4,Sí,2,74.6,No,5,Medio,0,1
EST01503,Ingeniería Mecatrónica,10,Vespertino,23,M,84.0,92.0,5,24,No,Sí,Medio tiempo,18,4.7,Sí,6,83.9,No,4,Bajo,0,0
EST01504,Ingeniería Civil,10,Matutino,23,F,73.5,75.2,0,35,Sí,Sí,No trabaja,0,10.2,Sí,8,68.5,No,3,Bajo,0,0
EST01505,Ingeniería Industrial,6,Matutino,21,M,53.2,90.4,1,28,Sí,No,Tiempo completo,41,15.1,No,6,100,No,2,Medio,0,1
EST01506,Licenciatura en Administración,9,Vespertino,22,F,55.8,74.2,6,22,Sí,No,No trabaja,0,7.1,No,6,93.0,No,1,Alto,0,1
EST01507,Ingeniería Civil,7,Vespertino,24,M,63.6,85.9,1,20,No,No,Medio tiempo,25,14.6,Sí,0,94.1,No,4,Medio,1,0
EST01508,Licenciatura en Administración,3,Matutino,23,M,70.4,68.0,3,30,Sí,No,No trabaja,0,22.8,Sí,4,91.0,No,3,Bajo,0,1
EST01509,Contador Público,6,Vespertino,19,F,74.7,74.2,1,20,No,Sí,Medio tiempo,21,13.6,Sí,0,72.8,No,2,Medio,0,0
EST01510,Ingeniería Electromecánica,2,Vespertino,21,M,77.7,85.7,4,24,No,No,Medio tiempo,16,7.7,Sí,3,81.2,No,4,Medio,0,0
EST01511,Ingeniería en Gestión Empresarial,1,Matutino,20,F,87.5,91.3,0,28,No,No,No trabaja,0,9.5,Sí,6,82.7,No,4,Bajo,0,0
EST01512,Licenciatura en Administración,5,Vespertino,19,M,74.0,82.3,1,21,Sí,No,No trabaja,0,12.9,Sí,6,76.5,No,3,Bajo,0,0
EST01513,Ingeniería Mecatrónica,10,Vespertino,24,F,83.6,62.4,1,35,No,Sí,Tiempo completo,41,17.5,Sí,10,85.2,No,2,Bajo,0,1
EST01514,Ingeniería Industrial,3,Matutino,21,F,75.2,69.7,4,27,No,No,No trabaja,0,22.2,Sí,1,66.1,No,5,Alto,1,0
EST01515,Contador Público,6,Matutino,25,M,76.5,90.7,0,36,No,Sí,No trabaja,0,11.7,Sí,6,72.9,Sí,3,Bajo,0,0
EST01516,Ingeniería en Sistemas Computacionales,1,Vespertino,19,M,60.6,83.0,3,35,Sí,No,No trabaja,0,6.4,Sí,7,96.9,No,4,Medio,0,1
EST01517,Ingeniería en Sistemas Computacionales,1,Matutino,17,M,71.7,75.0,0,28,Sí,No,No trabaja,0,2.2,Sí,5,75.3,No,4,Bajo,0,0
EST01518,Ingeniería en Sistemas Computacionales,4,Vespertino,21,F,63.7,56.1,4,20,Sí,No,No trabaja,0,15.2,Sí,11,74.1,Sí,3,Alto,1,1
EST01519,Ingeniería Industrial,9,Vespertino,25,M,70.4,89.5,0,19,No,No,No trabaja,0,15.1,Sí,10,100,No,5,Bajo,0,0
EST01520,Ingeniería Mecatrónica,3,Vespertino,20,F,68.9,98.4,2,24,No,No,No trabaja,0,1.8,Sí,2,75.3,Sí,2,Medio,1,0
EST01521,Ingeniería Civil,1,Matutino,18,F,79.0,85.4,2,29,No,No,No trabaja,0,4.4,Sí,2,57.5,Sí,5,Alto,0,1
EST01522,Ingeniería Industrial,5,Vespertino,23,F,80.2,77.8,0,35,No,No,No trabaja,0,4.4,Sí,14,94.0,No,5,Medio,0,0
EST01523,Ingeniería en Sistemas Computacionales,1,Vespertino,18,M,81.6,100,2,36,No,No,No trabaja,0,8.8,Sí,9,75.1,No,5,Bajo,0,0
EST01524,Licenciatura en Administración,6,Matutino,20,F,81.3,100,2,33,Sí,Sí,Medio tiempo,15,16.3,Sí,9,100,No,2,Bajo,0,0
EST01525,Ingeniería Electromecánica,8,Matutino,23,F,74.3,81.6,4,27,No,Sí,No trabaja,0,17.4,Sí,11,68.7,No,4,Alto,0,1
EST01526,Contador Público,9,Vespertino,25,F,84.9,73.3,2,29,Sí,Sí,No trabaja,0,6.1,No,6,73.1,No,3,Bajo,0,0
EST01527,Ingeniería en Sistemas Computacionales,9,Matutino,22,F,75.7,94.4,0,24,No,Sí,Medio tiempo,27,4.9,Sí,7,62.4,No,2,Bajo,0,0
EST01528,Ingeniería Industrial,3,Matutino,21,M,79.9,84.2,0,24,Sí,No,No trabaja,0,8.4,Sí,3,68.9,No,1,Bajo,0,0
EST01529,Ingeniería en Sistemas Computacionales,10,Matutino,25,F,81.8,100,0,18,No,No,No trabaja,0,12.3,No,5,74.0,No,4,Bajo,0,0
EST01530,Ingeniería en Sistemas Computacionales,1,Matutino,19,F,72.7,71.7,6,34,No,No,Tiempo completo,42,0.8,Sí,7,100,No,2,Alto,1,1
EST01531,Ingeniería Industrial,8,Matutino,25,M,91.2,73.3,1,34,Sí,No,No trabaja,0,3.5,Sí,13,60.3,No,2,Bajo,0,0
EST01532,Ingeniería Mecatrónica,4,Matutino,23,F,80.9,97.9,0,29,Sí,No,No trabaja,0,14.8,Sí,12,86.2,No,2,Bajo,0,0
EST01533,Ingeniería Industrial,2,Vespertino,18,M,85.0,76.6,2,20,No,No,No trabaja,0,10.1,Sí,8,100,No,2,Bajo,0,0
EST01534,Contador Público,3,Matutino,21,F,63.4,90.2,0,36,Sí,No,No trabaja,0,11.4,Sí,7,69.3,No,4,Bajo,0,1
EST01535,Ingeniería en Sistemas Computacionales,6,Matutino,24,F,85.0,84.1,0,35,Sí,Sí,No trabaja,0,12.4,Sí,14,77.0,No,3,Bajo,0,0
EST01536,Ingeniería en Gestión Empresarial,1,Matutino,17,F,70.0,94.1,2,18,Sí,Sí,Medio tiempo,22,5.5,Sí,14,86.4,No,1,Bajo,0,0
EST01537,Ingeniería Mecatrónica,9,Matutino,22,F,82.3,86.5,3,30,No,Sí,No trabaja,0,7.8,Sí,7,71.1,No,2,Bajo,1,0
EST01538,Ingeniería Industrial,8,Vespertino,24,F,68.2,98.7,2,34,No,Sí,Medio tiempo,24,3.6,Sí,3,60.9,No,5,Bajo,0,1
EST01539,Ingeniería en Sistemas Computacionales,5,Vespertino,20,F,85.8,93.8,2,28,No,Sí,Medio tiempo,26,8.3,Sí,12,67.8,Sí,1,Bajo,0,1
EST01540,Contador Público,1,Matutino,17,F,84.9,75.8,2,22,No,Sí,No trabaja,0,9.8,Sí,10,82.4,No,4,Bajo,0,0
EST01541,Ingeniería en Gestión Empresarial,9,Matutino,20,M,64.9,70.7,2,23,No,Sí,Tiempo completo,34,12.2,No,2,43.8,No,5,Alto,1,0
EST01542,Ingeniería en Sistemas Computacionales,3,Vespertino,25,F,80.4,75.8,0,35,Sí,No,Medio tiempo,22,11.1,Sí,2,63.8,No,5,Bajo,0,0
EST01543,Licenciatura en Administración,3,Matutino,18,M,72.7,100,3,27,No,Sí,Medio tiempo,22,4.4,No,6,78.7,Sí,4,Medio,0,1
EST01544,Ingeniería en Sistemas Computacionales,2,Vespertino,20,M,83.3,100,0,34,No,Sí,No trabaja,0,6.0,No,5,87.3,No,3,Bajo,0,0
EST01545,Ingeniería Industrial,5,Matutino,21,F,75.4,100,0,27,Sí,Sí,No trabaja,0,13.9,Sí,13,97.5,No,5,Bajo,0,0
EST01546,Ingeniería Electromecánica,7,Matutino,17,F,72.0,95.5,3,30,Sí,Sí,No trabaja,0,8.5,No,9,68.4,No,4,Bajo,0,0
EST01547,Licenciatura en Administración,4,Vespertino,19,F,80.6,68.9,1,34,Sí,No,No trabaja,0,15.1,Sí,4,64.0,No,3,Medio,0,1
EST01548,Ingeniería en Gestión Empresarial,9,Matutino,22,F,97.3,77.1,1,30,No,No,No trabaja,0,18.8,Sí,4,83.2,No,4,Bajo,0,0
EST01549,Contador Público,1,Vespertino,17,M,73.3,78.7,0,27,No,Sí,No trabaja,0,13.7,Sí,14,91.5,No,5,Bajo,0,0
EST01550,Ingeniería en Sistemas Computacionales,7,Vespertino,23,M,82.8,78.9,6,20,No,Sí,No trabaja,0,9.1,Sí,0,92.1,No,1,Bajo,0,0
EST01551,Contador Público,9,Matutino,22,F,73.3,82.4,0,32,No,No,No trabaja,0,6.8,Sí,12,68.0,No,5,Bajo,0,0
EST01552,Ingeniería Electromecánica,3,Matutino,23,M,88.2,85.0,3,23,Sí,No,No trabaja,0,5.4,Sí,13,67.6,No,4,Bajo,0,0
EST01553,Licenciatura en Administración,10,Vespertino,21,M,63.8,83.7,2,36,No,No,Medio tiempo,16,10.4,No,13,68.0,No,5,Medio,0,1
EST01554,Ingeniería en Gestión Empresarial,5,Matutino,24,M,80.7,77.4,0,25,Sí,Sí,Medio tiempo,27,11.0,Sí,12,79.1,Sí,3,Bajo,0,0
EST01555,Contador Público,10,Vespertino,23,M,88.3,85.2,3,23,Sí,Sí,No trabaja,0,9.5,Sí,7,78.5,No,4,Bajo,0,0
EST01556,Ingeniería Electromecánica,2,Matutino,21,M,72.7,77.5,0,28,Sí,Sí,No trabaja,0,6.8,Sí,4,72.0,No,5,Bajo,0,0
EST01557,Ingeniería en Sistemas Computacionales,8,Vespertino,27,M,64.1,77.9,3,28,Sí,Sí,No trabaja,0,2.5,Sí,2,97.5,No,3,Bajo,0,0
EST01558,Ingeniería en Sistemas Computacionales,2,Vespertino,21,F,70.6,99.0,0,23,Sí,No,Medio tiempo,28,0.5,No,9,73.4,No,5,Bajo,0,0
EST01559,Ingeniería en Sistemas Computacionales,3,Matutino,22,M,78.5,74.9,2,22,Sí,No,No trabaja,0,1.0,Sí,6,70.7,No,3,Bajo,0,0
EST01560,Licenciatura en Administración,2,Matutino,19,M,71.2,88.3,2,23,Sí,Sí,No trabaja,0,1.7,Sí,0,62.3,No,3,Bajo,0,0
EST01561,Ingeniería Industrial,9,Vespertino,21,F,67.0,71.1,4,33,Sí,No,Medio tiempo,22,8.4,No,14,83.5,No,2,Alto,0,0
EST01562,Ingeniería Civil,1,Vespertino,20,M,67.6,71.1,4,25,No,No,No trabaja,0,11.5,Sí,8,60.0,No,1,Alto,1,1
EST01563,Contador Público,8,Vespertino,20,M,71.9,90.5,0,19,Sí,No,No trabaja,0,9.1,Sí,14,88.6,No,4,Bajo,0,0
EST01564,Licenciatura en Administración,2,Matutino,21,F,66.9,72.7,1,24,No,Sí,Medio tiempo,21,7.1,Sí,14,93.6,No,5,Medio,1,0
EST01565,Licenciatura en Administración,6,Matutino,20,M,71.1,89.4,1,21,No,Sí,No trabaja,0,9.7,Sí,4,76.3,No,1,Bajo,1,0
EST01566,Contador Público,5,Matutino,21,F,74.9,90.2,0,28,No,No,No trabaja,0,4.4,No,14,86.1,Sí,4,Bajo,0,0
EST01567,Licenciatura en Administración,9,Matutino,19,F,75.0,81.5,1,36,No,Sí,No trabaja,0,11.9,Sí,4,88.4,Sí,5,Bajo,0,0
EST01568,Ingeniería Industrial,10,Vespertino,21,M,68.3,69.5,7,33,No,Sí,Tiempo completo,43,19.2,Sí,5,72.4,No,2,Alto,1,1
EST01569,Licenciatura en Administración,1,Matutino,21,M,81.7,64.7,0,27,No,No,Tiempo completo,37,5.8,Sí,7,51.3,No,3,Medio,1,0
EST01570,Ingeniería en Sistemas Computacionales,4,Matutino,20,M,69.7,89.2,5,29,Sí,No,No trabaja,0,11.2,Sí,2,62.9,No,1,Medio,1,0
EST01571,Contador Público,8,Vespertino,27,F,85.7,88.0,1,28,No,No,No trabaja,0,1.7,Sí,11,94.8,No,5,Bajo,0,0
EST01572,Ingeniería en Sistemas Computacionales,10,Matutino,20,M,72.6,98.2,0,20,Sí,No,No trabaja,0,13.8,Sí,9,61.7,No,3,Bajo,0,0
EST01573,Ingeniería Industrial,9,Matutino,21,F,86.1,77.8,2,27,No,No,Medio tiempo,12,14.9,Sí,12,77.7,No,4,Bajo,0,0
EST01574,Contador Público,4,Matutino,17,F,59.0,97.1,1,36,No,No,No trabaja,0,3.0,Sí,6,82.0,No,2,Bajo,1,1
EST01575,Ingeniería en Sistemas Computacionales,2,Vespertino,17,F,80.1,68.8,0,22,Sí,No,Medio tiempo,26,19.2,Sí,0,58.2,No,1,Medio,0,0
EST01576,Contador Público,10,Vespertino,25,M,78.2,97.1,2,27,No,No,Medio tiempo,10,16.1,Sí,2,64.0,No,1,Bajo,0,0
EST01577,Ingeniería Civil,6,Vespertino,24,F,65.2,74.2,3,22,No,Sí,No trabaja,0,12.7,No,8,66.1,No,1,Alto,0,1
EST01578,Ingeniería Industrial,3,Matutino,17,F,79.8,98.4,4,27,No,No,Medio tiempo,16,11.2,Sí,8,91.4,No,4,Bajo,0,0
EST01579,Ingeniería Electromecánica,6,Matutino,24,M,81.3,67.8,0,21,No,No,Medio tiempo,15,24.4,Sí,2,67.1,No,1,Bajo,0,0
EST01580,Ingeniería en Gestión Empresarial,2,Vespertino,24,F,71.0,85.0,2,28,Sí,No,No trabaja,0,12.2,Sí,13,89.1,No,1,Bajo,1,0
EST01581,Ingeniería Civil,9,Matutino,27,F,67.9,90.7,0,31,No,Sí,No trabaja,0,1.9,Sí,7,70.9,No,4,Bajo,0,0
EST01582,Contador Público,2,Vespertino,18,F,64.0,69.7,1,32,No,No,Tiempo completo,34,1.2,Sí,12,100,No,3,Medio,0,0
EST01583,Contador Público,6,Vespertino,25,F,72.8,92.3,0,24,Sí,No,Medio tiempo,28,10.0,Sí,3,47.9,No,5,Bajo,0,0
EST01584,Ingeniería Civil,7,Matutino,25,M,90.2,94.7,1,31,Sí,No,No trabaja,0,5.4,Sí,13,37.3,No,4,Bajo,1,0
EST01585,Ingeniería Civil,4,Matutino,22,M,74.3,85.6,0,26,No,No,No trabaja,0,7.8,No,14,71.6,Sí,4,Medio,0,0
EST01586,Ingeniería en Sistemas Computacionales,6,Vespertino,21,M,71.5,93.1,1,20,No,No,Medio tiempo,16,4.5,Sí,11,66.7,No,1,Bajo,0,0
EST01587,Ingeniería en Gestión Empresarial,4,Matutino,21,M,84.2,94.1,3,31,Sí,No,Medio tiempo,11,1.8,Sí,9,87.1,No,1,Bajo,0,0
EST01588,Ingeniería Electromecánica,1,Matutino,20,M,87.5,89.6,3,19,No,No,Medio tiempo,24,3.2,Sí,14,92.0,No,1,Bajo,0,0
EST01589,Ingeniería Electromecánica,8,Vespertino,22,F,81.9,86.8,0,25,Sí,No,Medio tiempo,11,15.1,Sí,5,77.7,No,2,Bajo,0,0
EST01590,Ingeniería Mecatrónica,6,Matutino,26,F,69.9,77.9,2,36,Sí,Sí,No trabaja,0,18.5,Sí,10,85.3,No,1,Medio,0,0
EST01591,Contador Público,8,Vespertino,23,M,86.0,73.3,0,24,No,No,Medio tiempo,26,7.7,Sí,13,99.5,No,1,Bajo,0,0
EST01592,Ingeniería Civil,1,Matutino,18,F,76.4,77.9,2,25,No,No,Medio tiempo,28,8.6,Sí,14,89.2,No,4,Bajo,0,0
EST01593,Ingeniería Industrial,4,Matutino,21,M,69.8,90.1,1,35,No,Sí,No trabaja,0,6.5,Sí,2,75.8,Sí,4,Bajo,0,0
EST01594,Licenciatura en Administración,8,Vespertino,25,F,67.6,92.0,2,26,No,No,No trabaja,0,10.5,Sí,7,77.5,No,1,Bajo,0,0
EST01595,Ingeniería Civil,7,Vespertino,20,M,60.9,89.0,3,34,No,No,Medio tiempo,13,6.1,Sí,13,72.1,No,2,Alto,0,1
EST01596,Ingeniería en Sistemas Computacionales,2,Vespertino,24,F,78.2,71.8,0,31,Sí,No,Medio tiempo,20,5.8,Sí,6,78.2,No,2,Bajo,0,0
EST01597,Ingeniería en Sistemas Computacionales,10,Matutino,21,F,79.5,94.3,0,25,No,Sí,Medio tiempo,17,8.9,Sí,4,81.3,No,1,Bajo,0,0
EST01598,Ingeniería Mecatrónica,4,Vespertino,18,F,68.1,100,2,30,Sí,Sí,No trabaja,0,0.5,Sí,8,100,No,1,Bajo,0,0
EST01599,Ingeniería Mecatrónica,8,Matutino,20,M,84.6,77.0,2,24,No,No,Medio tiempo,26,15.2,Sí,0,72.0,No,4,Medio,0,1
EST01600,Ingeniería Mecatrónica,7,Matutino,18,F,91.5,93.6,5,25,Sí,Sí,Medio tiempo,14,3.8,Sí,14,98.0,No,3,Bajo,0,0
EST01601,Ingeniería Electromecánica,2,Vespertino,20,F,87.0,92.7,0,18,Sí,Sí,Medio tiempo,15,14.7,No,17,67.1,No,2,Bajo,0,0
EST01602,Ingeniería en Sistemas Computacionales,5,Vespertino,18,M,69.7,78.6,1,22,No,Sí,No trabaja,0,4.2,Sí,12,70.6,No,5,Medio,0,0
EST01603,Licenciatura en Administración,7,Vespertino,23,M,78.8,85.8,0,29,No,No,No trabaja,0,8.0,Sí,2,43.0,No,5,Bajo,0,0
EST01604,Contador Público,4,Matutino,20,M,83.1,82.8,2,25,No,Sí,No trabaja,0,11.7,Sí,11,91.3,Sí,4,Bajo,0,0
EST01605,Ingeniería en Gestión Empresarial,5,Matutino,20,F,74.7,88.4,1,30,No,No,No trabaja,0,4.3,Sí,12,75.8,No,1,Bajo,0,0
EST01606,Licenciatura en Administración,5,Matutino,21,M,89.0,100,0,21,No,No,No trabaja,0,9.4,Sí,12,76.4,No,4,Bajo,0,0
EST01607,Ingeniería en Sistemas Computacionales,1,Matutino,23,M,71.8,78.1,1,21,No,Sí,No trabaja,0,0.5,Sí,11,63.1,No,3,Medio,0,0
EST01608,Contador Público,7,Vespertino,20,M,66.6,79.4,1,29,Sí,No,Tiempo completo,37,7.6,Sí,4,79.8,Sí,1,Medio,0,0
EST01609,Ingeniería Mecatrónica,10,Vespertino,25,F,73.1,93.1,1,21,No,No,Tiempo completo,30,9.7,Sí,1,70.3,No,1,Bajo,0,1
EST01610,Ingeniería Mecatrónica,5,Matutino,24,F,79.3,72.3,3,29,Sí,No,No trabaja,0,18.3,Sí,13,69.0,Sí,3,Medio,0,1
EST01611,Contador Público,3,Vespertino,25,F,78.0,70.5,0,27,Sí,Sí,No trabaja,0,6.4,Sí,3,81.2,Sí,3,Bajo,0,0
EST01612,Contador Público,3,Matutino,18,M,62.7,85.1,2,35,No,No,No trabaja,0,6.3,No,11,73.0,No,2,Medio,0,0
EST01613,Ingeniería Industrial,5,Vespertino,19,F,74.5,76.0,3,21,Sí,No,No trabaja,0,0.5,Sí,0,76.4,No,1,Bajo,0,1
EST01614,Ingeniería en Sistemas Computacionales,8,Vespertino,22,F,78.8,78.9,0,30,No,No,Medio tiempo,12,15.6,Sí,14,70.7,No,3,Bajo,0,0
EST01615,Ingeniería en Gestión Empresarial,4,Vespertino,20,M,62.5,94.0,5,26,Sí,No,No trabaja,0,13.7,Sí,0,55.7,No,2,Medio,1,0
EST01616,Licenciatura en Administración,3,Vespertino,22,F,79.2,75.2,5,29,Sí,No,Medio tiempo,13,9.1,Sí,14,65.7,No,5,Alto,0,1
EST01617,Ingeniería Industrial,7,Matutino,20,M,75.5,91.5,0,34,Sí,Sí,No trabaja,0,13.3,Sí,9,83.8,No,1,Bajo,0,0
EST01618,Licenciatura en Administración,3,Vespertino,24,M,83.4,78.3,3,20,Sí,No,No trabaja,0,11.3,Sí,9,87.9,No,4,Bajo,0,0
EST01619,Ingeniería en Gestión Empresarial,4,Vespertino,21,F,67.5,97.3,6,36,No,No,Medio tiempo,23,7.7,Sí,7,83.5,No,3,Alto,1,1
EST01620,Ingeniería Electromecánica,1,Vespertino,17,M,73.1,88.6,5,28,No,Sí,Medio tiempo,28,11.4,Sí,10,80.3,No,1,Medio,0,1
EST01621,Ingeniería Industrial,9,Vespertino,21,M,66.4,75.3,1,35,No,No,Tiempo completo,48,0.5,Sí,7,100,No,5,Medio,1,1
EST01622,Licenciatura en Administración,8,Matutino,22,F,78.6,70.0,3,34,No,No,Medio tiempo,28,8.3,Sí,10,91.4,No,4,Medio,1,0
EST01623,Ingeniería en Sistemas Computacionales,9,Vespertino,25,M,77.2,96.2,0,30,No,No,Tiempo completo,36,14.4,Sí,0,50.5,No,3,Bajo,0,0
EST01624,Ingeniería Electromecánica,5,Matutino,25,M,77.8,100,2,27,No,No,No trabaja,0,9.3,Sí,0,28.3,No,2,Medio,0,1
EST01625,Licenciatura en Administración,5,Matutino,20,M,88.6,100,0,33,No,No,No trabaja,0,10.2,Sí,17,60.2,No,5,Bajo,0,0
EST01626,Licenciatura en Administración,9,Vespertino,24,F,71.7,86.3,0,31,No,No,Tiempo completo,45,1.0,No,7,60.3,No,3,Medio,0,1
EST01627,Ingeniería Electromecánica,4,Matutino,21,F,92.0,93.7,0,33,No,No,No trabaja,0,24.4,Sí,7,82.1,Sí,3,Bajo,0,0
EST01628,Ingeniería en Gestión Empresarial,2,Vespertino,17,M,84.7,84.0,1,18,No,No,No trabaja,0,13.2,Sí,3,49.5,No,2,Bajo,0,1
EST01629,Ingeniería Mecatrónica,8,Matutino,24,F,75.8,80.5,0,19,No,No,Tiempo completo,42,13.4,No,6,90.1,No,5,Bajo,0,0
EST01630,Ingeniería en Sistemas Computacionales,7,Matutino,20,M,74.7,78.5,0,22,Sí,No,No trabaja,0,18.7,Sí,12,69.9,No,1,Bajo,0,0
EST01631,Licenciatura en Administración,5,Matutino,20,F,85.2,78.2,2,34,No,No,No trabaja,0,17.7,Sí,14,97.9,Sí,4,Bajo,0,1
EST01632,Ingeniería en Sistemas Computacionales,6,Vespertino,22,M,71.7,90.2,3,22,No,No,Medio tiempo,24,11.9,Sí,5,93.1,No,5,Medio,0,0
EST01633,Ingeniería en Gestión Empresarial,1,Vespertino,21,M,76.9,89.0,0,36,No,No,No trabaja,0,8.2,Sí,13,99.2,No,3,Bajo,0,0
EST01634,Contador Público,10,Matutino,24,M,81.6,85.6,2,36,No,No,No trabaja,0,5.8,Sí,11,98.5,No,3,Bajo,0,0
EST01635,Ingeniería Civil,2,Matutino,19,M,66.8,75.8,1,31,No,No,Medio tiempo,20,10.1,Sí,6,79.7,No,1,Medio,0,0
EST01636,Contador Público,6,Matutino,22,M,69.5,77.7,2,35,No,Sí,Tiempo completo,44,11.7,Sí,0,60.3,No,1,Medio,0,0
EST01637,Ingeniería Industrial,3,Vespertino,18,F,61.8,82.3,1,28,No,Sí,No trabaja,0,8.3,Sí,14,86.1,Sí,3,Bajo,1,1
EST01638,Ingeniería en Sistemas Computacionales,6,Matutino,18,F,88.5,80.8,2,31,No,No,No trabaja,0,5.8,Sí,9,65.2,No,3,Bajo,0,0
EST01639,Ingeniería Industrial,7,Vespertino,20,F,83.9,63.7,0,29,No,Sí,Tiempo completo,32,6.4,No,13,87.6,No,3,Medio,0,0
EST01640,Ingeniería Electromecánica,10,Vespertino,20,M,89.3,93.2,0,29,No,No,No trabaja,0,2.2,Sí,16,82.8,No,2,Bajo,0,0
EST01641,Ingeniería Industrial,4,Matutino,20,M,77.0,84.1,0,30,Sí,Sí,Medio tiempo,19,16.7,Sí,11,77.1,No,4,Bajo,0,0
EST01642,Ingeniería Mecatrónica,4,Matutino,20,M,73.9,69.9,2,29,No,No,Tiempo completo,47,9.6,Sí,5,67.0,No,1,Medio,0,1
EST01643,Ingeniería Civil,5,Matutino,19,M,82.2,81.7,0,31,No,No,Medio tiempo,25,8.3,Sí,5,75.2,No,5,Bajo,0,0
EST01644,Ingeniería Mecatrónica,8,Vespertino,22,M,80.0,81.1,2,29,No,No,Medio tiempo,12,6.0,Sí,10,100,No,2,Bajo,0,1
EST01645,Ingeniería Mecatrónica,9,Matutino,25,F,79.1,82.6,2,36,Sí,No,Medio tiempo,10,12.5,Sí,7,84.2,No,3,Bajo,1,0
EST01646,Ingeniería Electromecánica,4,Matutino,22,F,95.3,79.9,1,31,No,No,Medio tiempo,13,9.8,Sí,7,92.4,No,4,Bajo,0,0
EST01647,Ingeniería Industrial,2,Matutino,19,M,81.8,78.7,1,33,No,No,No trabaja,0,16.3,Sí,12,76.4,No,4,Bajo,0,0
EST01648,Ingeniería Mecatrónica,6,Matutino,17,F,58.9,86.5,2,28,Sí,Sí,No trabaja,0,1.2,No,1,56.0,No,4,Medio,1,0
EST01649,Ingeniería Electromecánica,7,Matutino,22,F,87.0,66.3,0,18,No,No,Medio tiempo,22,14.8,Sí,12,74.2,No,5,Bajo,0,0
EST01650,Ingeniería Civil,6,Vespertino,19,M,78.7,98.4,0,28,Sí,No,Medio tiempo,17,11.2,Sí,1,80.2,No,3,Bajo,0,0
EST01651,Ingeniería en Gestión Empresarial,8,Matutino,19,M,74.5,77.5,0,36,Sí,No,No trabaja,0,7.7,No,1,80.0,No,2,Bajo,0,0
EST01652,Ingeniería en Sistemas Computacionales,2,Vespertino,18,M,65.7,97.0,2,32,No,No,No trabaja,0,10.7,Sí,11,62.5,Sí,5,Medio,0,1
EST01653,Ingeniería en Sistemas Computacionales,9,Matutino,23,M,83.3,86.2,0,33,Sí,No,No trabaja,0,9.2,Sí,7,81.6,No,5,Bajo,1,0
EST01654,Ingeniería en Gestión Empresarial,2,Matutino,20,M,73.2,98.5,1,27,No,No,Medio tiempo,21,8.4,Sí,11,69.5,No,2,Bajo,0,0
EST01655,Ingeniería Electromecánica,9,Matutino,26,M,90.0,89.7,3,26,Sí,Sí,No trabaja,0,0.5,Sí,7,83.7,No,3,Bajo,0,0
EST01656,Ingeniería en Gestión Empresarial,4,Vespertino,24,F,75.3,90.1,0,27,No,No,No trabaja,0,3.0,Sí,9,76.3,Sí,4,Bajo,0,1
EST01657,Ingeniería Mecatrónica,9,Matutino,25,F,69.6,76.9,3,22,No,Sí,No trabaja,0,7.3,Sí,14,87.3,Sí,4,Medio,0,1
EST01658,Ingeniería Civil,6,Vespertino,19,F,52.9,100,1,29,Sí,Sí,Medio tiempo,11,13.1,Sí,7,77.9,No,2,Bajo,0,1
EST01659,Ingeniería Industrial,1,Vespertino,21,M,79.5,86.4,2,24,No,Sí,Medio tiempo,22,17.2,Sí,10,88.1,No,1,Bajo,0,0
EST01660,Ingeniería en Gestión Empresarial,6,Vespertino,21,F,85.0,77.5,6,19,No,No,Medio tiempo,12,4.6,Sí,3,55.8,No,4,Alto,1,1
EST01661,Ingeniería Electromecánica,1,Vespertino,17,F,74.8,51.5,2,25,No,Sí,Tiempo completo,46,8.2,Sí,5,89.2,No,3,Medio,0,1
EST01662,Contador Público,8,Vespertino,22,M,48.3,88.7,6,21,Sí,No,No trabaja,0,9.4,Sí,11,46.0,No,1,Alto,1,1
EST01663,Ingeniería Civil,4,Matutino,21,F,73.7,100,0,29,No,Sí,No trabaja,0,12.1,Sí,1,56.0,No,1,Bajo,0,0
EST01664,Licenciatura en Administración,2,Vespertino,21,M,73.8,80.6,2,29,No,No,No trabaja,0,0.5,Sí,11,64.9,No,5,Medio,0,0
EST01665,Ingeniería Civil,1,Matutino,20,F,65.2,81.1,1,29,No,No,Medio tiempo,17,1.5,Sí,9,75.0,No,2,Bajo,0,0
EST01666,Ingeniería en Gestión Empresarial,5,Vespertino,21,F,77.6,61.4,1,29,No,Sí,No trabaja,0,14.6,Sí,0,64.2,No,1,Medio,0,0
EST01667,Licenciatura en Administración,1,Vespertino,17,M,87.0,72.1,1,26,Sí,Sí,Medio tiempo,13,6.7,No,6,90.5,No,5,Bajo,0,0
EST01668,Contador Público,7,Matutino,24,M,68.6,94.3,6,33,No,Sí,No trabaja,0,0.5,No,13,96.9,No,2,Alto,1,0
EST01669,Ingeniería Industrial,10,Matutino,22,M,73.8,92.4,0,27,Sí,No,No trabaja,0,12.1,Sí,14,74.9,Sí,2,Bajo,0,0
EST01670,Contador Público,3,Matutino,20,M,59.8,70.8,1,32,No,No,No trabaja,0,23.5,Sí,7,92.1,No,1,Medio,1,0
EST01671,Licenciatura en Administración,9,Vespertino,24,M,50.5,67.9,3,20,No,No,Tiempo completo,41,2.3,Sí,3,72.7,No,5,Alto,1,1
EST01672,Ingeniería Mecatrónica,2,Matutino,21,M,87.9,90.2,1,34,No,No,No trabaja,0,13.7,Sí,10,64.6,No,5,Bajo,0,0
EST01673,Ingeniería en Sistemas Computacionales,1,Matutino,20,M,71.0,81.4,0,36,Sí,Sí,No trabaja,0,9.8,Sí,3,65.7,Sí,3,Medio,0,0
EST01674,Ingeniería Industrial,3,Matutino,19,F,79.4,77.3,0,36,No,Sí,Medio tiempo,23,6.1,Sí,0,28.6,No,2,Bajo,0,0
EST01675,Ingeniería en Sistemas Computacionales,9,Vespertino,19,M,88.0,82.9,4,25,Sí,No,Medio tiempo,26,5.2,Sí,14,72.3,No,4,Medio,0,1
EST01676,Contador Público,7,Vespertino,25,M,78.1,67.8,0,29,No,Sí,No trabaja,0,10.2,Sí,7,76.6,Sí,1,Bajo,0,0
EST01677,Ingeniería en Sistemas Computacionales,2,Matutino,23,F,82.1,90.9,0,28,No,No,Medio tiempo,14,5.4,Sí,12,80.9,Sí,5,Bajo,0,0
EST01678,Ingeniería en Gestión Empresarial,3,Vespertino,21,F,65.8,59.1,2,18,No,No,Medio tiempo,28,4.0,Sí,11,78.3,No,4,Alto,1,1
EST01679,Contador Público,6,Vespertino,23,M,64.2,98.5,2,32,Sí,No,No trabaja,0,14.7,Sí,12,86.6,No,1,Bajo,0,0
EST01680,Ingeniería en Sistemas Computacionales,3,Vespertino,22,M,93.2,100,0,20,Sí,No,No trabaja,0,3.5,Sí,6,83.5,No,2,Bajo,0,1
EST01681,Licenciatura en Administración,9,Matutino,25,F,63.9,77.1,2,33,No,No,Tiempo completo,43,10.6,Sí,14,65.8,No,1,Alto,0,1
EST01682,Ingeniería Industrial,1,Vespertino,23,M,72.7,90.0,2,35,No,No,No trabaja,0,5.5,Sí,11,76.9,No,1,Bajo,0,0
EST01683,Ingeniería en Gestión Empresarial,3,Matutino,19,M,79.5,83.3,0,29,Sí,Sí,Medio tiempo,14,14.9,Sí,7,78.9,No,3,Bajo,0,0
EST01684,Ingeniería en Sistemas Computacionales,9,Matutino,20,F,89.0,91.7,0,26,No,No,No trabaja,0,13.0,Sí,14,85.9,No,4,Bajo,0,0
EST01685,Ingeniería Mecatrónica,3,Vespertino,25,F,72.7,84.8,3,34,No,Sí,Tiempo completo,42,10.8,Sí,14,65.4,No,5,Bajo,0,0
EST01686,Ingeniería Mecatrónica,5,Vespertino,20,F,92.0,86.2,1,23,Sí,No,No trabaja,0,15.4,Sí,16,67.0,No,3,Bajo,0,0
EST01687,Ingeniería en Sistemas Computacionales,1,Vespertino,18,F,80.7,69.3,0,28,Sí,No,No trabaja,0,15.3,No,0,61.4,Sí,5,Bajo,0,0
EST01688,Ingeniería Civil,2,Vespertino,23,F,63.3,80.1,0,29,Sí,No,Tiempo completo,43,0.5,No,6,76.0,No,1,Medio,0,1
EST01689,Ingeniería Mecatrónica,6,Matutino,21,M,79.6,60.6,4,36,No,No,Medio tiempo,24,10.5,Sí,7,81.3,Sí,2,Alto,0,1
EST01690,Ingeniería en Gestión Empresarial,2,Vespertino,23,F,87.9,100,2,26,No,Sí,Medio tiempo,25,4.0,Sí,16,53.8,No,3,Bajo,0,0
EST01691,Ingeniería Industrial,6,Matutino,20,M,77.5,75.8,5,26,Sí,No,Medio tiempo,26,11.1,Sí,10,95.3,Sí,4,Medio,0,0
EST01692,Ingeniería en Gestión Empresarial,9,Matutino,23,M,61.9,81.9,1,33,No,No,No trabaja,0,16.1,Sí,0,62.9,Sí,2,Medio,0,0
EST01693,Ingeniería Electromecánica,1,Matutino,19,M,83.1,87.4,2,31,No,Sí,No trabaja,0,10.2,Sí,15,84.8,Sí,4,Bajo,0,0
EST01694,Ingeniería en Sistemas Computacionales,10,Vespertino,23,M,74.8,83.9,3,34,No,Sí,Medio tiempo,25,12.2,Sí,11,90.1,Sí,5,Medio,0,1
EST01695,Ingeniería en Sistemas Computacionales,3,Matutino,17,F,80.4,92.5,4,31,No,No,No trabaja,0,10.0,Sí,12,73.5,No,2,Medio,1,0
EST01696,Ingeniería Electromecánica,7,Vespertino,20,M,65.8,72.7,2,29,No,No,Medio tiempo,14,3.9,Sí,7,97.5,No,5,Medio,0,1
EST01697,Ingeniería Electromecánica,10,Matutino,25,M,80.0,84.8,2,24,No,No,Medio tiempo,24,6.1,Sí,7,79.7,No,2,Bajo,1,1
EST01698,Ingeniería Civil,4,Matutino,22,F,80.2,78.7,0,35,Sí,Sí,No trabaja,0,12.1,Sí,1,75.6,No,5,Bajo,0,0
EST01699,Licenciatura en Administración,4,Matutino,22,F,75.5,88.2,2,18,No,No,Medio tiempo,27,12.1,Sí,12,67.2,No,2,Medio,0,1
EST01700,Ingeniería en Sistemas Computacionales,5,Vespertino,22,F,92.2,100,4,21,No,No,Medio tiempo,19,9.8,Sí,11,100,No,5,Bajo,0,0
EST01701,Ingeniería Civil,6,Matutino,23,F,86.1,76.5,1,30,Sí,Sí,Medio tiempo,11,8.1,Sí,9,85.8,No,5,Bajo,0,0
EST01702,Ingeniería Mecatrónica,7,Vespertino,20,F,75.2,85.9,1,24,Sí,Sí,No trabaja,0,11.8,Sí,10,87.7,No,2,Bajo,0,1
EST01703,Ingeniería en Sistemas Computacionales,10,Matutino,24,M,96.0,81.8,1,28,No,No,No trabaja,0,9.3,Sí,7,66.2,No,2,Bajo,0,1
EST01704,Ingeniería Mecatrónica,8,Matutino,18,F,64.3,77.2,3,19,Sí,No,No trabaja,0,6.4,Sí,9,72.0,No,2,Medio,0,0
EST01705,Ingeniería en Gestión Empresarial,6,Vespertino,22,M,89.1,90.5,1,26,No,No,Medio tiempo,21,11.5,Sí,8,66.0,No,1,Bajo,0,0
EST01706,Licenciatura en Administración,1,Vespertino,21,F,77.7,57.6,1,19,No,Sí,Medio tiempo,21,4.3,Sí,1,60.4,Sí,4,Alto,1,1
EST01707,Ingeniería en Sistemas Computacionales,5,Matutino,22,M,84.6,89.1,1,24,No,No,Medio tiempo,28,11.8,Sí,17,81.2,No,1,Bajo,0,0
EST01708,Contador Público,1,Matutino,22,M,76.9,93.7,3,22,Sí,No,No trabaja,0,11.8,Sí,0,75.0,No,2,Bajo,0,0
EST01709,Ingeniería Electromecánica,1,Vespertino,20,M,87.0,84.7,0,25,No,Sí,No trabaja,0,0.9,No,2,86.2,No,1,Bajo,0,0
EST01710,Licenciatura en Administración,3,Vespertino,23,F,73.8,74.5,0,31,Sí,Sí,No trabaja,0,14.5,No,6,93.6,No,5,Bajo,0,0
EST01711,Ingeniería en Gestión Empresarial,8,Vespertino,24,F,81.6,92.5,4,33,No,Sí,No trabaja,0,11.5,Sí,14,100,No,2,Medio,0,0
EST01712,Ingeniería Industrial,7,Matutino,27,M,75.6,77.5,0,31,No,Sí,Tiempo completo,33,18.3,Sí,1,88.3,No,3,Bajo,0,0
EST01713,Ingeniería Industrial,10,Matutino,22,M,69.2,97.2,1,18,No,No,No trabaja,0,3.5,Sí,10,88.1,No,5,Bajo,0,1
EST01714,Ingeniería en Sistemas Computacionales,7,Matutino,23,F,83.2,65.3,0,23,Sí,Sí,No trabaja,0,20.8,Sí,3,85.6,No,2,Bajo,0,1
EST01715,Ingeniería Industrial,10,Matutino,21,M,70.2,64.3,4,27,Sí,Sí,No trabaja,0,0.5,Sí,6,88.5,No,1,Medio,1,0
EST01716,Ingeniería Industrial,2,Vespertino,22,M,76.6,89.7,1,27,Sí,Sí,Medio tiempo,23,4.3,No,1,73.1,No,5,Bajo,0,0
EST01717,Licenciatura en Administración,2,Vespertino,19,M,76.4,91.5,0,25,Sí,Sí,No trabaja,0,6.1,Sí,6,82.1,No,4,Bajo,1,1
EST01718,Licenciatura en Administración,5,Matutino,25,M,60.7,55.0,2,35,No,No,Tiempo completo,33,16.0,Sí,10,91.4,No,3,Alto,0,1
EST01719,Contador Público,1,Matutino,17,F,63.1,68.5,1,29,No,Sí,Tiempo completo,38,5.4,Sí,13,66.3,No,3,Medio,0,1
EST01720,Contador Público,9,Vespertino,26,F,100,85.7,0,18,Sí,No,No trabaja,0,21.3,Sí,13,62.6,No,3,Bajo,0,0
EST01721,Ingeniería en Sistemas Computacionales,10,Vespertino,23,M,61.5,83.8,0,30,No,Sí,No trabaja,0,10.1,No,11,95.8,No,2,Bajo,0,0
EST01722,Ingeniería Industrial,2,Vespertino,21,M,100,88.5,6,19,No,No,No trabaja,0,7.8,Sí,15,88.1,No,5,Bajo,0,0
EST01723,Licenciatura en Administración,10,Matutino,24,F,73.1,84.5,0,24,No,No,No trabaja,0,6.6,Sí,5,100,Sí,4,Bajo,0,0
EST01724,Ingeniería Industrial,5,Matutino,23,M,79.1,91.3,3,21,No,Sí,Medio tiempo,25,18.9,Sí,4,81.6,No,4,Bajo,1,0
EST01725,Ingeniería en Gestión Empresarial,5,Matutino,19,F,82.9,83.9,4,28,Sí,Sí,Medio tiempo,19,14.2,Sí,13,100,Sí,3,Bajo,0,0
EST01726,Ingeniería en Gestión Empresarial,8,Matutino,20,F,79.1,99.8,5,20,Sí,No,No trabaja,0,14.5,Sí,2,83.6,No,2,Bajo,1,0
EST01727,Ingeniería en Sistemas Computacionales,2,Matutino,19,F,89.1,78.7,2,21,Sí,Sí,No trabaja,0,9.6,No,2,74.9,No,3,Bajo,1,0
EST01728,Ingeniería Civil,9,Vespertino,26,M,74.0,96.5,3,25,No,No,No trabaja,0,1.2,Sí,8,99.8,No,5,Bajo,0,0
EST01729,Ingeniería Mecatrónica,2,Matutino,21,F,90.1,83.6,0,29,Sí,No,No trabaja,0,8.1,Sí,3,82.2,No,5,Bajo,0,0
EST01730,Ingeniería Civil,9,Matutino,24,M,55.9,77.0,2,33,No,No,Tiempo completo,37,17.1,Sí,0,90.4,No,2,Alto,0,0
EST01731,Ingeniería Electromecánica,9,Matutino,21,F,81.1,83.8,4,35,Sí,No,Medio tiempo,15,0.5,Sí,7,67.1,No,5,Medio,0,0
EST01732,Licenciatura en Administración,4,Vespertino,23,M,74.4,86.5,0,31,No,No,No trabaja,0,11.5,Sí,7,100,No,2,Bajo,0,0
EST01733,Ingeniería Industrial,2,Matutino,20,F,57.4,70.7,2,33,No,Sí,Tiempo completo,48,0.5,Sí,7,100,No,1,Medio,1,1
EST01734,Ingeniería Mecatrónica,1,Matutino,19,F,78.9,70.7,0,26,No,Sí,No trabaja,0,22.1,Sí,3,82.1,Sí,2,Medio,0,1
EST01735,Ingeniería Mecatrónica,10,Matutino,21,M,83.8,50.3,0,29,No,No,Medio tiempo,24,19.9,Sí,13,71.9,No,1,Bajo,0,0
EST01736,Licenciatura en Administración,1,Matutino,17,M,92.9,83.9,2,20,No,Sí,Medio tiempo,18,4.8,Sí,7,78.0,Sí,4,Medio,1,1
EST01737,Licenciatura en Administración,2,Vespertino,23,M,88.3,88.9,2,25,Sí,No,No trabaja,0,4.9,Sí,2,69.5,No,2,Bajo,1,0
EST01738,Ingeniería en Sistemas Computacionales,7,Vespertino,23,M,76.9,100,0,27,Sí,No,Medio tiempo,18,9.3,Sí,4,79.5,No,5,Bajo,0,0
EST01739,Ingeniería Civil,5,Vespertino,20,F,82.2,76.2,0,19,Sí,No,No trabaja,0,13.6,Sí,3,46.7,No,2,Bajo,1,0
EST01740,Ingeniería Mecatrónica,2,Vespertino,18,M,71.8,75.3,4,32,No,No,No trabaja,0,16.2,Sí,14,96.3,No,3,Bajo,0,0
EST01741,Ingeniería en Gestión Empresarial,8,Vespertino,25,F,82.3,91.7,0,27,No,No,Medio tiempo,17,1.3,Sí,6,50.5,No,2,Bajo,0,0
EST01742,Ingeniería Mecatrónica,5,Vespertino,24,F,83.5,70.0,1,26,No,No,No trabaja,0,13.5,Sí,10,71.9,No,1,Bajo,0,0
EST01743,Ingeniería en Gestión Empresarial,6,Matutino,21,M,61.3,71.3,4,36,Sí,No,Tiempo completo,48,4.4,Sí,11,67.8,No,1,Alto,1,0
EST01744,Ingeniería Civil,8,Vespertino,21,M,73.4,84.9,3,29,Sí,Sí,No trabaja,0,1.2,Sí,1,79.2,No,2,Bajo,0,0
EST01745,Contador Público,8,Vespertino,17,F,86.9,96.7,1,24,Sí,No,Medio tiempo,12,15.7,Sí,12,49.9,Sí,3,Bajo,0,0
EST01746,Ingeniería en Gestión Empresarial,6,Matutino,24,M,64.8,85.4,5,33,No,No,Medio tiempo,16,10.0,Sí,14,85.1,Sí,4,Alto,0,0
EST01747,Ingeniería en Gestión Empresarial,1,Matutino,27,F,75.4,98.0,2,35,Sí,Sí,Medio tiempo,21,5.2,Sí,12,76.0,No,5,Bajo,0,0
EST01748,Ingeniería Electromecánica,9,Vespertino,20,M,82.1,95.7,5,18,No,No,No trabaja,0,16.6,Sí,7,100,No,4,Bajo,0,0
EST01749,Ingeniería Mecatrónica,8,Vespertino,24,F,56.2,78.5,7,31,No,No,No trabaja,0,15.2,Sí,0,68.9,No,5,Alto,1,1
EST01750,Ingeniería en Gestión Empresarial,7,Vespertino,22,M,70.8,77.9,0,29,Sí,Sí,No trabaja,0,12.7,Sí,7,92.8,No,4,Bajo,0,0
EST01751,Contador Público,5,Matutino,19,M,73.8,89.2,0,20,Sí,No,Medio tiempo,10,5.9,Sí,9,77.0,No,2,Bajo,0,1
EST01752,Ingeniería en Sistemas Computacionales,1,Matutino,21,M,76.3,82.0,1,23,No,Sí,Medio tiempo,28,18.5,Sí,4,77.5,Sí,4,Bajo,0,0
EST01753,Licenciatura en Administración,10,Matutino,25,M,62.0,73.1,1,36,Sí,Sí,No trabaja,0,15.2,Sí,1,70.2,No,1,Medio,0,0
EST01754,Ingeniería en Sistemas Computacionales,6,Vespertino,25,M,63.8,81.6,2,23,No,No,No trabaja,0,8.1,No,4,70.1,No,2,Alto,1,1
EST01755,Licenciatura en Administración,1,Matutino,26,F,79.1,76.1,4,28,Sí,No,Tiempo completo,45,10.0,Sí,2,46.2,No,1,Alto,1,0
EST01756,Ingeniería Civil,8,Matutino,20,M,86.0,75.6,3,20,No,No,Medio tiempo,25,13.7,Sí,13,67.2,No,5,Medio,0,1
EST01757,Contador Público,10,Matutino,23,M,71.4,100,0,28,No,No,Medio tiempo,15,9.4,Sí,1,71.5,Sí,4,Bajo,1,0
EST01758,Ingeniería en Gestión Empresarial,2,Matutino,23,M,64.8,84.6,1,28,Sí,No,No trabaja,0,16.8,Sí,9,84.4,Sí,2,Medio,1,0
EST01759,Licenciatura en Administración,9,Vespertino,21,F,63.0,61.4,2,29,No,No,Tiempo completo,32,13.7,Sí,0,80.9,No,1,Bajo,0,0
EST01760,Ingeniería en Gestión Empresarial,4,Vespertino,22,M,88.3,92.1,2,35,No,Sí,Medio tiempo,11,20.1,No,5,100,No,1,Bajo,0,0
EST01761,Ingeniería Civil,9,Vespertino,20,M,75.5,64.8,0,35,No,Sí,Tiempo completo,31,19.0,Sí,0,71.2,No,1,Medio,0,0
EST01762,Ingeniería Industrial,10,Vespertino,19,M,81.1,66.4,2,26,No,No,No trabaja,0,0.5,Sí,12,65.9,No,5,Medio,1,1
EST01763,Licenciatura en Administración,7,Matutino,21,M,60.4,97.4,4,21,No,Sí,No trabaja,0,14.1,Sí,12,54.6,No,1,Medio,0,1
EST01764,Ingeniería en Gestión Empresarial,2,Matutino,19,F,61.3,73.1,2,30,No,Sí,No trabaja,0,16.3,Sí,8,56.1,No,1,Alto,1,1
EST01765,Ingeniería Industrial,5,Vespertino,21,M,64.4,80.3,3,28,No,No,Medio tiempo,22,0.6,Sí,3,54.3,No,5,Alto,1,1
EST01766,Ingeniería en Gestión Empresarial,1,Vespertino,20,F,88.7,81.8,1,19,No,No,No trabaja,0,10.7,No,1,78.4,No,4,Bajo,0,0
EST01767,Ingeniería en Gestión Empresarial,7,Vespertino,22,M,93.6,88.2,0,20,No,No,No trabaja,0,0.5,Sí,18,61.4,No,3,Bajo,0,1
EST01768,Ingeniería en Gestión Empresarial,8,Vespertino,23,M,87.1,78.5,0,31,No,No,No trabaja,0,13.4,Sí,11,100,No,4,Bajo,0,0
EST01769,Ingeniería Electromecánica,10,Matutino,23,F,67.2,75.4,6,26,No,Sí,No trabaja,0,9.9,No,0,89.7,No,3,Alto,1,0
EST01770,Ingeniería Electromecánica,5,Vespertino,19,F,78.9,80.6,0,21,No,No,No trabaja,0,1.6,Sí,13,78.4,No,4,Bajo,0,1
EST01771,Ingeniería Industrial,7,Matutino,21,M,59.8,69.9,2,32,No,Sí,Medio tiempo,24,0.5,No,12,100,Sí,3,Alto,0,0
EST01772,Licenciatura en Administración,9,Vespertino,26,M,72.2,83.5,0,19,No,Sí,Medio tiempo,11,4.4,Sí,2,68.4,No,4,Bajo,0,1
EST01773,Ingeniería Electromecánica,1,Vespertino,17,F,89.0,76.7,0,21,No,No,Medio tiempo,27,4.0,Sí,0,61.2,No,5,Bajo,0,0
EST01774,Ingeniería Civil,10,Matutino,27,M,89.1,84.1,2,33,No,Sí,No trabaja,0,6.2,Sí,6,77.5,No,4,Bajo,0,0
EST01775,Ingeniería en Sistemas Computacionales,5,Vespertino,18,F,74.9,85.7,1,18,Sí,No,Medio tiempo,20,10.7,Sí,7,70.0,No,1,Bajo,1,0
EST01776,Ingeniería en Sistemas Computacionales,6,Matutino,22,M,72.4,75.6,0,23,No,Sí,Tiempo completo,40,7.2,Sí,8,77.4,No,5,Bajo,0,0
EST01777,Ingeniería Mecatrónica,9,Vespertino,26,F,83.1,89.9,1,29,Sí,Sí,No trabaja,0,14.1,Sí,7,89.3,No,1,Bajo,0,0
EST01778,Ingeniería Electromecánica,2,Matutino,20,M,64.1,84.7,1,20,Sí,Sí,No trabaja,0,11.0,Sí,9,60.8,No,1,Bajo,0,0
EST01779,Ingeniería Mecatrónica,7,Vespertino,19,F,82.7,73.0,0,31,Sí,No,No trabaja,0,11.3,Sí,12,87.5,No,2,Bajo,0,0
EST01780,Ingeniería en Gestión Empresarial,4,Vespertino,20,M,58.3,74.4,2,29,No,No,Medio tiempo,12,6.8,No,3,76.9,No,4,Alto,0,0
EST01781,Ingeniería Electromecánica,6,Vespertino,21,F,73.2,88.9,1,21,No,Sí,Medio tiempo,28,8.0,Sí,9,66.8,No,3,Bajo,0,0
EST01782,Ingeniería en Sistemas Computacionales,3,Matutino,22,F,86.3,91.9,0,18,No,Sí,No trabaja,0,9.2,Sí,14,71.2,Sí,2,Bajo,0,0
EST01783,Contador Público,7,Vespertino,19,M,67.4,85.7,2,24,No,Sí,Medio tiempo,22,8.4,Sí,0,46.0,No,3,Alto,0,0
EST01784,Ingeniería Mecatrónica,4,Matutino,21,M,80.7,93.8,1,29,Sí,No,No trabaja,0,7.8,No,16,82.7,No,5,Bajo,0,0
EST01785,Contador Público,4,Vespertino,17,F,86.4,80.8,0,30,No,No,No trabaja,0,12.5,Sí,8,74.8,No,5,Bajo,0,0
EST01786,Ingeniería Electromecánica,3,Vespertino,22,M,71.0,67.5,1,32,No,No,No trabaja,0,16.9,Sí,7,89.2,No,1,Medio,0,1
EST01787,Ingeniería en Sistemas Computacionales,10,Vespertino,24,M,86.9,76.6,0,31,No,No,Medio tiempo,11,5.9,Sí,5,51.6,No,3,Bajo,0,1
EST01788,Ingeniería en Sistemas Computacionales,3,Matutino,21,F,97.1,85.8,1,27,Sí,No,No trabaja,0,17.7,Sí,6,64.2,No,3,Bajo,0,0
EST01789,Licenciatura en Administración,4,Vespertino,23,M,56.0,86.1,2,24,No,No,No trabaja,0,12.9,Sí,4,97.7,Sí,3,Bajo,0,0
EST01790,Ingeniería Mecatrónica,5,Vespertino,20,M,81.5,90.0,2,29,No,No,No trabaja,0,6.3,Sí,14,75.7,No,5,Bajo,0,0
EST01791,Ingeniería en Gestión Empresarial,9,Vespertino,22,F,85.8,94.4,2,34,No,No,Medio tiempo,20,3.1,Sí,18,78.0,No,4,Bajo,0,0
EST01792,Ingeniería Electromecánica,6,Vespertino,20,F,70.9,85.4,0,18,Sí,No,Medio tiempo,11,11.1,Sí,12,81.4,No,4,Bajo,0,0
EST01793,Contador Público,9,Matutino,26,F,68.6,89.5,2,31,No,No,Medio tiempo,26,8.4,Sí,0,71.1,No,3,Medio,1,0
EST01794,Ingeniería Civil,8,Matutino,21,F,72.7,82.0,0,31,No,No,No trabaja,0,0.5,Sí,4,94.2,Sí,1,Bajo,0,1
EST01795,Ingeniería en Sistemas Computacionales,10,Matutino,26,M,70.2,100,4,25,Sí,No,No trabaja,0,9.3,Sí,1,54.6,No,3,Medio,0,0
EST01796,Ingeniería Electromecánica,3,Matutino,22,F,71.5,66.8,0,24,Sí,No,No trabaja,0,6.2,Sí,6,95.5,No,4,Bajo,0,0
EST01797,Ingeniería en Sistemas Computacionales,8,Matutino,20,M,81.5,100,0,19,No,No,Medio tiempo,12,2.5,Sí,10,99.4,No,1,Bajo,0,0
EST01798,Ingeniería Electromecánica,10,Vespertino,23,F,64.5,98.9,1,34,No,Sí,Tiempo completo,41,2.8,Sí,9,79.7,No,2,Bajo,0,0
EST01799,Licenciatura en Administración,6,Vespertino,24,F,86.2,99.1,1,23,No,No,No trabaja,0,5.4,Sí,2,39.8,Sí,3,Medio,0,0
EST01800,Ingeniería Mecatrónica,10,Vespertino,21,M,71.7,75.2,0,33,No,No,No trabaja,0,10.3,No,11,77.6,No,5,Medio,0,0
EST01801,Ingeniería en Gestión Empresarial,3,Vespertino,18,M,77.2,90.2,0,20,Sí,Sí,Tiempo completo,45,1.3,Sí,9,60.9,No,5,Bajo,0,0
EST01802,Ingeniería Civil,2,Vespertino,19,F,62.7,87.3,6,27,No,No,No trabaja,0,6.6,Sí,1,89.4,No,5,Alto,1,0
EST01803,Ingeniería Electromecánica,4,Vespertino,20,M,71.3,100,2,32,No,Sí,No trabaja,0,4.0,Sí,8,84.0,No,2,Bajo,0,0
EST01804,Licenciatura en Administración,10,Vespertino,23,M,77.4,82.0,0,27,No,No,Medio tiempo,10,22.9,Sí,1,87.3,No,1,Bajo,0,0
EST01805,Ingeniería Civil,8,Vespertino,23,F,59.1,66.2,1,26,No,No,No trabaja,0,9.7,No,13,85.4,Sí,1,Bajo,0,1
EST01806,Ingeniería en Gestión Empresarial,10,Matutino,23,M,55.9,85.9,1,36,No,No,No trabaja,0,16.0,Sí,13,89.0,No,2,Bajo,0,0
EST01807,Ingeniería Electromecánica,5,Matutino,24,F,73.0,78.8,0,31,No,No,Tiempo completo,41,0.9,Sí,5,90.0,No,5,Bajo,0,0
EST01808,Ingeniería en Gestión Empresarial,2,Vespertino,18,F,78.5,83.1,0,20,No,No,Tiempo completo,32,1.4,Sí,6,76.2,No,2,Bajo,0,0
EST01809,Ingeniería en Sistemas Computacionales,1,Matutino,18,M,74.2,78.5,0,34,No,No,Tiempo completo,46,9.1,Sí,0,82.1,Sí,4,Bajo,0,0
EST01810,Contador Público,10,Matutino,24,F,78.9,70.2,1,33,Sí,Sí,Medio tiempo,25,15.7,Sí,1,98.0,No,4,Bajo,0,0
EST01811,Ingeniería Mecatrónica,1,Vespertino,18,F,76.3,97.8,2,30,No,No,No trabaja,0,16.3,Sí,5,100.0,No,5,Bajo,0,0
EST01812,Ingeniería Electromecánica,4,Vespertino,24,F,58.6,90.9,3,34,Sí,No,Medio tiempo,24,9.3,Sí,10,70.4,Sí,3,Alto,0,1
EST01813,Ingeniería Industrial,1,Matutino,22,M,73.0,100,0,20,No,Sí,No trabaja,0,12.9,Sí,12,69.3,No,1,Bajo,1,1
EST01814,Licenciatura en Administración,1,Vespertino,21,F,64.7,83.1,2,29,No,Sí,No trabaja,0,28.4,Sí,14,84.7,No,3,Medio,0,1
EST01815,Ingeniería en Sistemas Computacionales,6,Matutino,20,F,85.4,77.3,2,21,Sí,Sí,Medio tiempo,14,11.2,Sí,7,63.7,No,3,Bajo,0,0
EST01816,Licenciatura en Administración,4,Vespertino,22,F,74.9,78.3,1,31,Sí,No,No trabaja,0,20.2,Sí,3,84.4,Sí,2,Bajo,0,0
EST01817,Ingeniería en Sistemas Computacionales,7,Vespertino,24,F,82.2,85.8,1,36,No,No,No trabaja,0,14.7,Sí,15,68.1,No,5,Bajo,0,0
EST01818,Contador Público,8,Matutino,20,F,85.5,100,0,33,No,No,Medio tiempo,18,5.5,Sí,9,64.8,No,2,Bajo,0,0
EST01819,Ingeniería Civil,8,Vespertino,18,M,83.1,80.9,2,18,No,No,Medio tiempo,23,0.5,Sí,0,51.4,No,3,Medio,0,0
EST01820,Licenciatura en Administración,1,Matutino,20,F,82.6,87.6,2,20,Sí,No,No trabaja,0,5.4,Sí,11,89.4,No,1,Bajo,0,0
EST01821,Ingeniería Industrial,4,Vespertino,24,F,66.2,93.3,1,25,Sí,No,Medio tiempo,15,14.1,Sí,10,84.4,Sí,1,Bajo,0,0
EST01822,Contador Público,10,Matutino,28,F,85.7,87.4,2,20,Sí,No,No trabaja,0,11.1,Sí,12,59.2,No,3,Bajo,0,1
EST01823,Ingeniería Industrial,10,Matutino,19,F,58.6,69.5,4,20,No,No,No trabaja,0,13.6,No,10,61.9,Sí,1,Alto,1,1
EST01824,Ingeniería Mecatrónica,10,Vespertino,23,M,77.7,74.8,0,18,Sí,No,No trabaja,0,9.3,Sí,10,60.1,No,5,Bajo,0,0
EST01825,Ingeniería Mecatrónica,5,Matutino,22,F,85.0,89.1,1,31,Sí,No,No trabaja,0,9.4,Sí,6,66.8,No,4,Bajo,0,0
EST01826,Ingeniería Electromecánica,10,Vespertino,26,F,81.9,87.5,3,22,No,No,Tiempo completo,32,0.5,Sí,17,70.1,No,1,Bajo,0,1
EST01827,Ingeniería Mecatrónica,4,Vespertino,21,M,75.0,80.3,0,28,No,No,No trabaja,0,4.3,Sí,9,80.9,No,5,Bajo,0,1
EST01828,Licenciatura en Administración,6,Matutino,24,M,78.5,87.6,2,22,No,No,No trabaja,0,20.7,Sí,11,84.1,No,4,Bajo,1,0
EST01829,Licenciatura en Administración,8,Vespertino,21,F,68.1,87.7,2,27,No,No,No trabaja,0,14.7,Sí,2,60.4,No,1,Medio,1,0
EST01830,Licenciatura en Administración,6,Vespertino,22,M,93.1,65.9,2,30,Sí,No,No trabaja,0,1.1,Sí,0,54.0,Sí,3,Medio,1,1
EST01831,Ingeniería Industrial,7,Vespertino,22,F,77.5,54.2,0,27,No,No,No trabaja,0,9.9,Sí,13,91.5,No,4,Bajo,0,0
EST01832,Contador Público,9,Vespertino,23,F,85.2,74.7,1,36,No,No,Tiempo completo,48,15.7,Sí,1,65.5,No,5,Bajo,0,0
EST01833,Licenciatura en Administración,8,Vespertino,24,M,79.8,91.5,4,22,Sí,Sí,Medio tiempo,22,0.6,Sí,14,68.4,No,1,Bajo,0,0
EST01834,Ingeniería Mecatrónica,10,Vespertino,25,M,78.3,78.6,1,26,Sí,No,No trabaja,0,14.0,No,0,88.3,No,1,Bajo,0,1
EST01835,Contador Público,3,Vespertino,24,M,74.4,76.5,1,29,No,No,No trabaja,0,9.9,Sí,5,70.2,No,1,Bajo,0,0
EST01836,Contador Público,10,Vespertino,24,F,63.9,62.5,4,18,No,No,Medio tiempo,27,10.9,Sí,1,73.9,No,1,Alto,1,0
EST01837,Contador Público,1,Matutino,20,F,74.5,100,0,33,Sí,Sí,No trabaja,0,2.9,Sí,1,70.1,No,5,Bajo,0,0
EST01838,Contador Público,4,Matutino,21,F,88.8,74.3,0,36,No,Sí,Medio tiempo,26,6.7,Sí,9,94.3,No,5,Bajo,0,0
EST01839,Ingeniería Mecatrónica,2,Matutino,17,F,72.9,69.0,0,30,Sí,Sí,Medio tiempo,25,3.7,Sí,11,69.1,No,1,Bajo,1,1
EST01840,Ingeniería Mecatrónica,2,Vespertino,18,F,84.8,74.4,1,20,No,No,No trabaja,0,7.9,Sí,9,83.2,No,4,Bajo,0,1
EST01841,Licenciatura en Administración,3,Vespertino,22,F,95.9,86.5,1,23,No,Sí,No trabaja,0,14.2,Sí,4,66.1,Sí,1,Bajo,0,1
EST01842,Ingeniería Civil,8,Matutino,24,F,71.2,83.1,0,30,Sí,Sí,Medio tiempo,19,19.5,Sí,7,52.3,Sí,3,Medio,0,1
EST01843,Ingeniería en Sistemas Computacionales,10,Matutino,19,F,95.2,88.2,0,28,No,Sí,Medio tiempo,21,13.7,No,4,92.1,No,3,Bajo,0,0
EST01844,Licenciatura en Administración,2,Vespertino,21,F,86.6,67.9,0,18,No,No,No trabaja,0,11.5,Sí,1,62.2,No,5,Bajo,0,0
EST01845,Ingeniería en Sistemas Computacionales,4,Vespertino,22,M,73.5,88.2,0,35,Sí,Sí,No trabaja,0,25.6,Sí,6,90.6,No,5,Bajo,0,0
EST01846,Ingeniería Civil,2,Vespertino,20,F,83.7,77.0,2,27,No,Sí,No trabaja,0,9.4,Sí,11,80.1,Sí,3,Bajo,1,0
EST01847,Ingeniería en Sistemas Computacionales,3,Matutino,21,M,67.9,85.0,2,32,No,No,No trabaja,0,11.3,No,1,84.9,No,1,Bajo,0,0
EST01848,Licenciatura en Administración,1,Vespertino,17,F,74.2,63.4,2,35,No,No,Medio tiempo,26,16.3,Sí,10,46.9,Sí,2,Alto,0,1
EST01849,Ingeniería en Gestión Empresarial,2,Matutino,21,M,73.9,100,2,33,Sí,No,No trabaja,0,3.8,Sí,14,68.9,No,1,Bajo,0,0
EST01850,Licenciatura en Administración,10,Vespertino,20,F,72.5,67.0,0,26,Sí,No,No trabaja,0,20.9,No,7,74.9,No,4,Bajo,0,1
EST01851,Ingeniería en Sistemas Computacionales,10,Matutino,23,F,80.5,89.4,0,33,Sí,No,No trabaja,0,11.0,Sí,8,88.6,No,1,Bajo,0,0
EST01852,Ingeniería Industrial,4,Vespertino,21,F,82.0,73.6,0,32,No,Sí,Tiempo completo,47,2.4,Sí,5,79.3,Sí,3,Bajo,0,0
EST01853,Contador Público,10,Matutino,28,F,80.4,82.4,3,30,Sí,No,Medio tiempo,23,11.2,No,4,77.1,No,4,Bajo,0,0
EST01854,Licenciatura en Administración,7,Matutino,22,M,69.5,100,2,18,No,No,Tiempo completo,31,10.6,Sí,9,90.7,Sí,3,Bajo,0,0
EST01855,Ingeniería Industrial,5,Matutino,17,M,78.6,75.0,1,35,No,Sí,Medio tiempo,14,6.9,Sí,1,77.0,Sí,5,Bajo,0,0
EST01856,Ingeniería Civil,10,Matutino,24,F,71.7,78.6,0,31,No,Sí,Tiempo completo,45,4.6,Sí,7,79.0,No,5,Bajo,0,0
EST01857,Ingeniería en Sistemas Computacionales,6,Matutino,24,M,69.8,96.8,2,36,No,Sí,No trabaja,0,0.5,Sí,1,77.6,No,3,Bajo,0,0
EST01858,Ingeniería Civil,2,Vespertino,20,M,77.6,92.3,0,33,Sí,Sí,No trabaja,0,3.2,No,4,97.4,Sí,5,Bajo,0,0
EST01859,Ingeniería Industrial,10,Matutino,22,M,74.5,85.9,1,25,Sí,No,Medio tiempo,13,14.4,Sí,9,84.9,No,2,Bajo,0,0
EST01860,Contador Público,1,Vespertino,21,F,82.4,76.1,0,24,No,Sí,No trabaja,0,1.2,Sí,8,91.4,Sí,2,Bajo,0,0
EST01861,Ingeniería Industrial,4,Vespertino,23,F,75.0,75.8,3,18,No,Sí,Medio tiempo,27,3.7,Sí,4,66.4,No,1,Medio,1,1
EST01862,Ingeniería Industrial,5,Vespertino,25,M,57.4,62.0,1,18,No,No,Tiempo completo,44,4.6,No,10,58.6,No,1,Alto,1,1
EST01863,Licenciatura en Administración,8,Matutino,18,F,82.1,70.1,1,27,Sí,No,No trabaja,0,16.3,No,6,85.1,No,3,Bajo,0,1
EST01864,Ingeniería Civil,5,Vespertino,26,M,76.2,90.6,0,32,No,No,No trabaja,0,12.0,Sí,12,95.3,No,1,Bajo,0,0
EST01865,Ingeniería en Sistemas Computacionales,4,Matutino,21,F,71.1,84.5,0,33,Sí,Sí,No trabaja,0,0.5,Sí,11,99.6,Sí,3,Bajo,0,0
EST01866,Ingeniería en Gestión Empresarial,3,Matutino,18,F,83.4,98.0,1,19,No,Sí,Medio tiempo,21,0.8,Sí,4,77.9,Sí,5,Bajo,0,0
EST01867,Ingeniería Industrial,8,Vespertino,21,M,89.7,76.1,1,20,Sí,No,No trabaja,0,11.0,Sí,11,100,No,4,Bajo,0,0
EST01868,Ingeniería Civil,8,Matutino,20,F,68.0,63.2,2,36,No,No,Tiempo completo,31,4.5,No,2,67.8,No,2,Alto,0,1
EST01869,Ingeniería Industrial,6,Vespertino,23,F,74.9,82.8,1,30,No,Sí,No trabaja,0,0.5,Sí,1,58.7,No,4,Medio,0,1
EST01870,Ingeniería en Gestión Empresarial,2,Matutino,23,M,72.9,88.0,0,35,No,No,No trabaja,0,10.8,Sí,1,56.2,No,3,Bajo,0,0
EST01871,Contador Público,4,Vespertino,19,M,74.4,98.9,1,26,No,Sí,Medio tiempo,28,1.7,Sí,14,54.1,No,4,Medio,0,0
EST01872,Licenciatura en Administración,7,Matutino,24,M,84.5,77.9,0,26,No,No,No trabaja,0,5.0,Sí,8,82.6,No,4,Bajo,0,0
EST01873,Ingeniería Civil,8,Vespertino,21,F,71.5,84.6,0,19,Sí,No,No trabaja,0,20.3,No,7,85.3,No,1,Bajo,0,0
EST01874,Ingeniería Industrial,7,Matutino,21,M,75.7,100,2,18,Sí,No,Medio tiempo,16,0.5,Sí,7,81.3,No,1,Bajo,0,0
EST01875,Ingeniería en Sistemas Computacionales,9,Vespertino,21,F,85.7,65.5,2,20,Sí,No,Medio tiempo,13,19.8,Sí,9,79.2,No,1,Medio,0,1
EST01876,Licenciatura en Administración,1,Matutino,22,M,79.2,89.5,0,18,No,Sí,No trabaja,0,5.0,Sí,10,58.8,Sí,4,Bajo,0,1
EST01877,Licenciatura en Administración,6,Vespertino,22,M,73.2,56.0,5,20,No,No,No trabaja,0,18.2,Sí,3,84.9,No,1,Alto,1,1
EST01878,Licenciatura en Administración,7,Vespertino,22,F,94.4,63.8,0,28,No,Sí,No trabaja,0,6.5,Sí,5,80.0,No,4,Bajo,0,0
EST01879,Ingeniería Mecatrónica,7,Matutino,21,F,70.6,78.9,0,21,No,No,Medio tiempo,19,12.2,Sí,12,74.4,No,4,Medio,0,1
EST01880,Contador Público,4,Vespertino,19,F,91.2,70.2,1,23,Sí,No,No trabaja,0,8.2,Sí,11,89.5,Sí,5,Bajo,0,0
EST01881,Ingeniería Civil,2,Matutino,21,M,84.6,78.5,0,35,No,No,No trabaja,0,11.0,Sí,3,83.3,No,1,Bajo,0,0
EST01882,Ingeniería en Gestión Empresarial,2,Vespertino,23,M,90.3,76.7,1,24,No,No,No trabaja,0,15.7,Sí,11,92.6,No,4,Bajo,0,0
EST01883,Contador Público,8,Vespertino,21,F,68.2,64.2,2,27,Sí,No,Medio tiempo,10,14.8,Sí,14,81.4,No,3,Medio,0,0
EST01884,Ingeniería Industrial,4,Vespertino,20,M,79.1,72.0,0,20,No,No,Medio tiempo,28,12.1,Sí,4,97.5,No,5,Bajo,1,0
EST01885,Ingeniería Electromecánica,10,Matutino,22,M,69.4,90.1,3,20,Sí,Sí,No trabaja,0,0.5,Sí,5,81.6,No,2,Medio,0,0
EST01886,Ingeniería en Gestión Empresarial,6,Matutino,23,F,75.2,88.5,0,21,No,No,Tiempo completo,42,5.8,Sí,0,43.5,Sí,5,Medio,0,1
EST01887,Ingeniería Industrial,4,Matutino,22,F,100,56.0,2,30,No,No,Tiempo completo,42,2.1,Sí,1,63.9,No,5,Bajo,0,0
EST01888,Contador Público,2,Vespertino,23,M,86.6,98.0,1,34,No,No,No trabaja,0,2.8,Sí,6,81.7,No,2,Bajo,0,0
EST01889,Ingeniería en Sistemas Computacionales,6,Matutino,20,F,84.1,91.1,3,19,No,No,Medio tiempo,28,11.9,Sí,14,94.7,No,2,Bajo,0,0
EST01890,Ingeniería en Sistemas Computacionales,1,Matutino,21,M,69.6,88.7,0,23,No,Sí,No trabaja,0,4.0,Sí,3,98.4,No,5,Bajo,0,0
EST01891,Ingeniería Industrial,6,Vespertino,20,F,66.3,71.2,2,25,Sí,No,No trabaja,0,17.1,No,13,66.3,No,1,Alto,0,1
EST01892,Ingeniería Electromecánica,5,Vespertino,17,F,86.2,71.2,2,19,No,No,No trabaja,0,14.0,Sí,4,90.9,No,2,Bajo,1,0
EST01893,Ingeniería en Gestión Empresarial,4,Matutino,20,F,75.1,100,0,19,Sí,No,No trabaja,0,4.6,Sí,12,59.9,No,3,Bajo,0,0
EST01894,Ingeniería Electromecánica,1,Matutino,24,F,70.8,67.1,5,28,No,No,Medio tiempo,26,0.5,Sí,10,81.3,No,3,Alto,0,1
EST01895,Contador Público,1,Vespertino,19,F,81.9,77.8,2,19,No,Sí,Medio tiempo,26,2.3,Sí,4,69.8,No,3,Bajo,1,0
EST01896,Ingeniería Mecatrónica,5,Matutino,21,M,72.9,85.3,0,21,No,No,Medio tiempo,23,0.5,Sí,12,77.8,No,1,Bajo,0,0
EST01897,Ingeniería Civil,1,Matutino,22,M,75.7,100,0,18,No,No,No trabaja,0,14.0,Sí,4,79.7,No,3,Bajo,0,0
EST01898,Ingeniería Civil,2,Vespertino,21,M,60.8,74.4,1,23,No,Sí,Medio tiempo,17,8.2,Sí,2,70.7,No,2,Medio,0,1
EST01899,Licenciatura en Administración,7,Matutino,23,M,71.9,82.0,5,25,No,No,No trabaja,0,5.7,Sí,9,71.9,Sí,4,Alto,0,1
EST01900,Licenciatura en Administración,8,Vespertino,21,F,78.5,94.9,0,20,No,Sí,Medio tiempo,28,8.3,Sí,8,69.9,No,5,Bajo,0,0
EST01901,Ingeniería Electromecánica,7,Matutino,24,M,72.5,77.3,0,35,No,No,Tiempo completo,35,0.5,Sí,8,57.2,Sí,4,Medio,0,0
EST01902,Ingeniería Mecatrónica,1,Vespertino,17,F,93.2,60.6,0,35,Sí,No,No trabaja,0,23.2,No,7,85.1,Sí,1,Bajo,0,1
EST01903,Ingeniería Electromecánica,1,Vespertino,20,M,78.1,88.3,2,33,No,No,No trabaja,0,11.8,Sí,9,73.5,No,1,Bajo,0,0
EST01904,Ingeniería Mecatrónica,7,Matutino,26,M,63.9,84.9,2,29,Sí,No,No trabaja,0,7.6,Sí,11,77.3,Sí,1,Bajo,0,0
EST01905,Ingeniería Civil,1,Matutino,22,F,91.4,93.1,0,30,No,Sí,No trabaja,0,11.7,No,7,98.8,Sí,1,Bajo,0,0
EST01906,Ingeniería Civil,2,Vespertino,19,M,79.4,90.5,0,32,No,No,No trabaja,0,9.2,No,3,53.3,No,4,Bajo,1,1
EST01907,Ingeniería Industrial,1,Matutino,17,F,75.3,68.2,1,32,Sí,Sí,No trabaja,0,11.8,Sí,5,83.2,No,5,Bajo,0,0
EST01908,Licenciatura en Administración,8,Vespertino,22,F,68.0,71.6,6,20,No,No,Medio tiempo,17,9.4,Sí,0,76.7,No,3,Alto,0,0
EST01909,Ingeniería en Gestión Empresarial,9,Vespertino,18,M,75.5,90.4,0,24,Sí,No,No trabaja,0,6.1,Sí,9,85.6,No,3,Bajo,0,1
EST01910,Ingeniería Mecatrónica,7,Vespertino,21,M,79.0,79.8,0,34,Sí,No,No trabaja,0,12.8,Sí,1,94.4,No,3,Bajo,0,0
EST01911,Licenciatura en Administración,9,Matutino,26,F,69.6,69.3,1,35,No,No,Tiempo completo,37,14.8,Sí,8,71.9,No,5,Bajo,0,1
EST01912,Ingeniería Electromecánica,4,Matutino,19,M,67.7,66.8,7,31,No,Sí,Tiempo completo,34,12.1,Sí,3,67.4,No,1,Alto,0,1
EST01913,Ingeniería Industrial,1,Vespertino,20,M,83.3,90.7,3,27,No,Sí,Medio tiempo,23,0.5,No,13,87.6,No,3,Medio,0,1
EST01914,Ingeniería en Gestión Empresarial,7,Vespertino,21,F,92.1,87.4,5,25,No,Sí,Medio tiempo,28,0.5,Sí,13,99.0,Sí,4,Medio,0,0
EST01915,Ingeniería en Sistemas Computacionales,8,Matutino,18,F,77.7,79.1,0,36,No,No,Medio tiempo,22,24.9,Sí,11,98.8,No,2,Bajo,0,0
EST01916,Ingeniería Civil,4,Vespertino,22,F,69.4,97.9,1,18,No,No,No trabaja,0,10.7,Sí,9,69.3,Sí,1,Bajo,0,0
EST01917,Ingeniería Civil,5,Matutino,20,F,72.3,89.5,0,31,No,No,Medio tiempo,26,11.9,Sí,2,81.0,No,2,Bajo,0,0
EST01918,Ingeniería Electromecánica,3,Matutino,22,M,65.6,79.5,2,35,Sí,No,Medio tiempo,10,14.7,No,4,74.0,Sí,2,Medio,0,1
EST01919,Ingeniería Industrial,3,Vespertino,19,M,81.7,70.7,5,26,Sí,No,No trabaja,0,8.6,Sí,7,62.2,No,3,Alto,1,1
EST01920,Contador Público,9,Vespertino,24,F,65.4,94.6,1,32,Sí,Sí,No trabaja,0,7.9,Sí,10,82.8,Sí,2,Bajo,0,0
EST01921,Licenciatura en Administración,9,Matutino,20,M,84.1,91.5,1,25,Sí,Sí,No trabaja,0,9.6,Sí,13,62.7,No,2,Bajo,0,0
EST01922,Ingeniería Mecatrónica,5,Matutino,21,F,71.1,82.7,2,21,Sí,Sí,Tiempo completo,37,9.7,Sí,1,51.9,No,3,Alto,0,1
EST01923,Ingeniería Civil,6,Vespertino,20,F,91.8,74.5,0,34,No,No,Medio tiempo,14,25.8,Sí,3,74.6,Sí,4,Bajo,0,0
EST01924,Ingeniería Electromecánica,1,Matutino,20,F,83.8,72.0,2,28,No,No,No trabaja,0,7.8,Sí,4,100,No,3,Bajo,0,0
EST01925,Contador Público,6,Vespertino,24,F,79.6,83.8,0,36,No,No,No trabaja,0,7.5,Sí,10,100,No,2,Bajo,0,1
EST01926,Ingeniería Civil,1,Matutino,19,F,77.4,69.8,0,24,Sí,No,Medio tiempo,22,12.4,Sí,1,99.0,No,2,Bajo,0,1
EST01927,Ingeniería Mecatrónica,4,Vespertino,19,F,100,79.2,0,22,No,Sí,No trabaja,0,15.0,Sí,2,59.6,No,1,Bajo,0,0
EST01928,Contador Público,4,Vespertino,17,M,64.9,85.2,2,20,Sí,Sí,Medio tiempo,22,6.2,Sí,2,67.7,No,5,Bajo,0,0
EST01929,Ingeniería en Gestión Empresarial,3,Matutino,20,F,83.3,69.5,1,20,Sí,No,Tiempo completo,32,17.7,Sí,9,53.2,No,3,Medio,0,0
EST01930,Ingeniería Electromecánica,2,Vespertino,18,F,67.1,73.3,1,26,No,No,Medio tiempo,15,10.1,Sí,1,74.4,Sí,5,Medio,0,0
EST01931,Licenciatura en Administración,9,Vespertino,20,M,86.0,100,1,30,Sí,Sí,No trabaja,0,7.5,Sí,10,98.2,No,4,Bajo,0,0
EST01932,Ingeniería en Sistemas Computacionales,6,Vespertino,22,M,65.1,89.0,2,28,Sí,Sí,No trabaja,0,6.7,Sí,13,100,No,3,Bajo,0,1
EST01933,Ingeniería Electromecánica,7,Matutino,24,F,75.8,76.0,1,27,No,Sí,No trabaja,0,9.0,Sí,10,89.3,No,3,Bajo,0,0
EST01934,Contador Público,8,Matutino,22,M,70.8,64.2,3,35,No,No,No trabaja,0,13.4,Sí,4,71.9,No,4,Alto,1,0
EST01935,Ingeniería Civil,6,Vespertino,23,F,65.6,58.5,2,34,Sí,No,Tiempo completo,33,14.5,Sí,4,80.0,Sí,1,Alto,1,0
EST01936,Ingeniería en Gestión Empresarial,6,Vespertino,22,M,64.9,81.0,1,30,No,No,Tiempo completo,35,26.3,Sí,5,100,No,4,Medio,0,0
EST01937,Ingeniería Mecatrónica,7,Vespertino,24,F,77.1,98.3,0,25,Sí,Sí,No trabaja,0,3.9,Sí,7,72.6,No,3,Bajo,0,0
EST01938,Ingeniería Electromecánica,5,Vespertino,25,M,76.3,72.6,3,21,No,Sí,No trabaja,0,9.4,Sí,8,93.1,Sí,2,Medio,0,0
EST01939,Licenciatura en Administración,10,Vespertino,22,F,71.5,97.4,3,32,No,No,Medio tiempo,13,13.3,Sí,1,39.3,No,2,Medio,0,1
EST01940,Ingeniería Civil,7,Matutino,23,F,74.2,75.5,6,24,No,Sí,Tiempo completo,46,2.4,Sí,4,74.6,No,1,Alto,1,1
EST01941,Ingeniería Industrial,7,Matutino,21,M,72.8,72.9,0,31,No,Sí,Medio tiempo,22,2.0,Sí,2,64.9,No,5,Bajo,1,0
EST01942,Licenciatura en Administración,4,Matutino,22,M,99.3,66.0,4,28,No,No,No trabaja,0,13.7,Sí,8,84.6,No,2,Bajo,0,0
EST01943,Ingeniería Industrial,3,Vespertino,19,M,75.7,77.0,1,27,Sí,No,No trabaja,0,8.6,Sí,11,84.0,No,5,Bajo,0,1
EST01944,Ingeniería Mecatrónica,6,Matutino,23,M,90.6,83.3,2,28,Sí,No,No trabaja,0,8.2,No,12,80.5,No,4,Bajo,0,0
EST01945,Ingeniería en Sistemas Computacionales,3,Matutino,22,F,90.7,84.3,1,25,No,No,No trabaja,0,11.7,Sí,4,85.0,No,4,Bajo,0,0
EST01946,Contador Público,4,Matutino,21,F,83.4,85.4,0,29,No,No,Medio tiempo,15,3.0,Sí,16,79.6,No,4,Bajo,0,0
EST01947,Ingeniería Industrial,8,Matutino,20,M,72.7,82.6,0,22,No,No,No trabaja,0,1.8,Sí,3,62.2,No,3,Medio,1,1
EST01948,Licenciatura en Administración,4,Matutino,21,F,82.1,81.2,0,23,Sí,Sí,Tiempo completo,30,0.5,Sí,0,66.5,No,5,Bajo,0,0
EST01949,Ingeniería Civil,4,Vespertino,20,F,57.1,76.8,3,34,No,No,No trabaja,0,13.2,Sí,9,78.1,No,2,Medio,1,0
EST01950,Ingeniería Civil,4,Matutino,17,F,84.8,84.5,3,29,Sí,No,No trabaja,0,12.9,Sí,7,82.9,No,3,Bajo,0,0
EST01951,Licenciatura en Administración,9,Matutino,21,M,73.9,84.1,0,20,No,No,Tiempo completo,45,4.8,Sí,13,89.5,No,2,Bajo,1,0
EST01952,Contador Público,4,Vespertino,18,F,66.7,82.6,1,26,Sí,No,Medio tiempo,14,3.5,No,12,89.8,No,2,Medio,1,1
EST01953,Ingeniería Mecatrónica,3,Vespertino,21,F,56.2,91.6,2,26,No,Sí,Medio tiempo,11,12.4,Sí,5,99.2,No,2,Medio,1,0
EST01954,Licenciatura en Administración,4,Matutino,17,F,88.9,74.5,0,33,No,No,Medio tiempo,25,0.5,Sí,4,100,No,3,Bajo,0,0
EST01955,Ingeniería en Gestión Empresarial,8,Vespertino,22,M,66.1,78.3,0,22,No,Sí,No trabaja,0,11.2,Sí,3,89.5,No,1,Bajo,0,0
EST01956,Ingeniería en Gestión Empresarial,4,Vespertino,21,M,82.9,99.2,0,27,Sí,No,Medio tiempo,27,12.1,Sí,11,95.7,No,4,Bajo,0,0
EST01957,Ingeniería Civil,4,Matutino,23,M,69.1,85.7,2,21,No,Sí,No trabaja,0,22.4,Sí,4,92.8,No,1,Bajo,0,0
EST01958,Ingeniería Electromecánica,6,Vespertino,21,F,87.1,86.2,0,24,Sí,No,Medio tiempo,17,9.5,Sí,11,100,No,3,Bajo,0,0
EST01959,Ingeniería Civil,4,Vespertino,17,M,84.6,85.0,0,26,Sí,No,Medio tiempo,12,8.2,Sí,7,73.7,No,5,Bajo,0,0
EST01960,Ingeniería en Gestión Empresarial,3,Matutino,22,F,64.3,72.1,2,27,No,No,No trabaja,0,17.4,Sí,10,82.2,No,1,Medio,0,1
EST01961,Licenciatura en Administración,7,Vespertino,25,M,71.6,75.0,2,26,No,No,Medio tiempo,14,11.2,No,1,80.0,No,1,Medio,0,0
EST01962,Ingeniería Mecatrónica,5,Matutino,23,M,88.3,55.7,1,27,No,No,No trabaja,0,15.9,Sí,3,80.3,No,5,Medio,0,0
EST01963,Ingeniería Mecatrónica,1,Vespertino,18,F,73.4,79.8,2,24,No,No,No trabaja,0,19.6,Sí,5,97.9,No,2,Medio,0,1
EST01964,Ingeniería Industrial,6,Vespertino,18,F,70.3,77.6,3,30,Sí,Sí,Medio tiempo,21,7.2,No,7,78.5,Sí,1,Alto,1,1
EST01965,Contador Público,5,Vespertino,22,F,63.5,81.5,2,21,Sí,No,No trabaja,0,14.3,Sí,13,98.7,Sí,4,Bajo,0,0
EST01966,Ingeniería Mecatrónica,2,Matutino,20,F,68.2,69.4,1,20,No,Sí,No trabaja,0,2.1,Sí,12,77.1,No,1,Medio,1,0
EST01967,Ingeniería en Sistemas Computacionales,7,Vespertino,24,F,75.6,77.7,0,29,No,No,No trabaja,0,10.6,Sí,0,71.5,No,3,Bajo,0,0
EST01968,Ingeniería en Sistemas Computacionales,7,Vespertino,24,F,74.7,85.8,0,22,No,Sí,No trabaja,0,7.8,Sí,7,89.7,No,1,Bajo,0,0
EST01969,Ingeniería Industrial,6,Matutino,25,M,80.3,89.3,0,30,Sí,No,No trabaja,0,17.8,Sí,18,84.0,No,3,Bajo,0,0
EST01970,Licenciatura en Administración,6,Matutino,24,M,69.5,81.1,1,27,No,No,No trabaja,0,15.4,Sí,8,59.8,Sí,1,Medio,0,0
EST01971,Ingeniería Mecatrónica,6,Matutino,22,F,78.1,65.5,0,26,No,No,Medio tiempo,28,3.3,Sí,0,76.2,No,2,Bajo,0,0
EST01972,Ingeniería Industrial,10,Matutino,21,F,62.7,95.5,3,24,Sí,No,No trabaja,0,0.5,No,5,85.4,No,1,Bajo,0,0
EST01973,Contador Público,10,Vespertino,25,F,49.0,71.2,4,33,No,Sí,Tiempo completo,31,0.5,No,8,77.2,Sí,2,Alto,1,1
EST01974,Ingeniería Mecatrónica,5,Matutino,17,M,71.1,79.5,0,23,No,No,No trabaja,0,8.8,No,12,76.7,No,2,Bajo,0,1
EST01975,Ingeniería en Gestión Empresarial,3,Vespertino,20,M,87.0,80.8,0,20,No,Sí,Medio tiempo,22,0.5,Sí,0,70.8,Sí,4,Bajo,0,0
EST01976,Ingeniería en Gestión Empresarial,7,Vespertino,22,M,58.3,69.0,2,30,No,No,No trabaja,0,15.0,Sí,7,59.7,No,5,Alto,1,1
EST01977,Ingeniería en Sistemas Computacionales,6,Matutino,21,F,70.7,71.5,0,29,No,No,No trabaja,0,7.2,Sí,14,75.0,No,1,Medio,0,0
EST01978,Ingeniería Mecatrónica,5,Matutino,19,M,76.0,82.1,0,36,Sí,Sí,No trabaja,0,12.0,Sí,10,59.0,No,5,Bajo,0,0
EST01979,Contador Público,8,Vespertino,21,F,90.4,81.2,0,18,No,Sí,No trabaja,0,6.2,Sí,10,84.8,No,1,Bajo,0,0
EST01980,Ingeniería Industrial,6,Vespertino,18,F,53.9,87.0,2,32,No,Sí,Tiempo completo,40,20.3,Sí,14,45.7,No,5,Alto,1,1
EST01981,Licenciatura en Administración,4,Vespertino,18,M,69.7,83.3,0,24,No,No,No trabaja,0,0.5,Sí,1,75.8,Sí,1,Bajo,0,0
EST01982,Ingeniería Civil,5,Matutino,22,F,84.9,90.6,0,18,No,No,Medio tiempo,21,3.4,Sí,10,70.6,Sí,3,Medio,0,0
EST01983,Contador Público,2,Vespertino,21,F,68.2,93.1,2,23,No,Sí,Tiempo completo,44,8.1,Sí,4,82.5,No,3,Bajo,0,0
EST01984,Licenciatura en Administración,7,Vespertino,26,F,91.4,66.0,0,35,Sí,No,Medio tiempo,28,2.0,Sí,7,61.2,No,2,Bajo,0,0
EST01985,Ingeniería Civil,8,Matutino,20,F,77.5,72.9,0,24,Sí,No,Medio tiempo,11,15.0,Sí,11,84.2,No,2,Bajo,1,1
EST01986,Ingeniería Mecatrónica,8,Vespertino,23,M,87.7,95.8,2,34,No,Sí,Medio tiempo,12,12.4,Sí,8,93.6,No,2,Bajo,0,0
EST01987,Ingeniería en Gestión Empresarial,9,Matutino,22,M,66.6,80.9,5,27,No,No,Medio tiempo,21,6.0,Sí,0,57.8,No,2,Medio,0,1
EST01988,Ingeniería Electromecánica,7,Vespertino,22,F,74.3,89.7,1,25,No,No,Tiempo completo,39,8.2,Sí,5,70.8,No,1,Bajo,0,0
EST01989,Ingeniería en Sistemas Computacionales,5,Vespertino,17,F,78.7,80.1,2,20,Sí,No,No trabaja,0,7.5,Sí,8,100,No,2,Medio,0,0
EST01990,Ingeniería Civil,4,Vespertino,20,M,80.5,75.9,1,22,Sí,Sí,Medio tiempo,19,7.9,Sí,3,51.7,No,4,Bajo,1,0
EST01991,Ingeniería en Gestión Empresarial,8,Vespertino,22,M,75.0,69.9,0,32,Sí,No,No trabaja,0,10.4,Sí,6,90.0,No,4,Bajo,0,0
EST01992,Ingeniería Industrial,7,Matutino,23,M,82.9,82.1,0,28,Sí,No,Medio tiempo,18,13.2,Sí,8,90.0,No,2,Bajo,0,0
EST01993,Contador Público,2,Vespertino,22,F,71.3,100,0,36,Sí,Sí,No trabaja,0,4.7,Sí,6,71.0,No,4,Bajo,0,0
EST01994,Contador Público,3,Vespertino,17,M,78.5,100,0,29,Sí,No,No trabaja,0,7.9,Sí,3,54.3,Sí,2,Bajo,0,1
EST01995,Licenciatura en Administración,7,Vespertino,23,M,68.9,99.7,1,36,No,No,No trabaja,0,12.9,Sí,8,83.4,No,3,Bajo,0,0
EST01996,Licenciatura en Administración,4,Vespertino,19,F,84.8,85.6,0,30,Sí,Sí,No trabaja,0,2.0,Sí,17,52.2,No,4,Bajo,0,0
EST01997,Ingeniería en Gestión Empresarial,7,Matutino,22,F,61.3,89.9,1,26,No,Sí,No trabaja,0,7.1,Sí,10,83.8,Sí,5,Bajo,0,0
EST01998,Ingeniería en Gestión Empresarial,4,Vespertino,19,F,80.7,66.3,1,30,No,Sí,Medio tiempo,11,20.3,No,14,66.7,No,3,Medio,0,0
EST01999,Ingeniería en Gestión Empresarial,7,Matutino,25,F,82.6,91.0,1,35,Sí,Sí,No trabaja,0,1.6,Sí,19,100,Sí,1,Bajo,0,0
EST02000,Ingeniería en Gestión Empresarial,2,Matutino,20,F,83.3,76.8,0,31,No,Sí,No trabaja,0,0.5,Sí,11,88.2,No,2,Bajo,0,0
EST02001,Contador Público,8,Vespertino,24,F,76.2,86.5,0,32,Sí,No,No trabaja,0,17.7,No,13,63.3,No,2,Bajo,0,0
EST02002,Ingeniería Mecatrónica,6,Vespertino,18,F,69.6,69.6,1,22,No,No,Tiempo completo,34,6.9,Sí,7,91.1,Sí,1,Bajo,0,0
EST02003,Ingeniería Mecatrónica,3,Matutino,17,M,73.2,84.7,1,24,No,Sí,No trabaja,0,5.0,Sí,1,76.3,No,1,Medio,0,0
EST02004,Ingeniería Civil,7,Vespertino,23,F,78.1,80.1,0,27,No,Sí,Medio tiempo,21,13.5,Sí,7,69.1,Sí,2,Medio,0,0
EST02005,Licenciatura en Administración,10,Vespertino,21,M,72.8,88.8,3,24,Sí,No,No trabaja,0,9.8,Sí,5,58.3,No,2,Medio,0,1
EST02006,Ingeniería Civil,7,Vespertino,22,M,67.8,65.1,4,36,Sí,No,Tiempo completo,39,17.5,No,0,54.0,No,5,Alto,1,1
EST02007,Ingeniería Mecatrónica,2,Matutino,19,M,89.6,88.2,1,23,Sí,Sí,No trabaja,0,6.6,Sí,12,74.5,Sí,3,Bajo,0,1
EST02008,Ingeniería Mecatrónica,10,Matutino,20,F,62.6,67.6,3,20,No,No,No trabaja,0,3.2,Sí,12,100,No,3,Medio,1,1
EST02009,Ingeniería Electromecánica,1,Matutino,21,M,81.3,89.8,4,33,Sí,Sí,Tiempo completo,46,5.0,Sí,4,72.0,No,2,Bajo,0,0
EST02010,Ingeniería Mecatrónica,10,Matutino,23,F,75.2,95.2,0,36,Sí,No,Medio tiempo,11,2.2,Sí,14,89.3,No,4,Bajo,0,0
EST02011,Contador Público,1,Matutino,25,M,83.8,83.4,0,27,No,Sí,Medio tiempo,10,0.5,Sí,13,100,No,2,Bajo,0,0
EST02012,Ingeniería en Sistemas Computacionales,10,Vespertino,24,F,64.5,88.9,3,35,No,No,No trabaja,0,9.6,No,13,48.3,No,1,Medio,0,0
EST02013,Ingeniería Electromecánica,10,Vespertino,25,M,72.4,81.1,2,19,No,No,No trabaja,0,10.7,Sí,14,84.7,No,4,Bajo,0,0
EST02014,Ingeniería Industrial,2,Matutino,18,F,81.6,74.7,0,18,No,No,No trabaja,0,14.7,Sí,10,90.1,No,4,Bajo,0,0
EST02015,Contador Público,9,Matutino,22,M,67.1,68.3,5,33,No,Sí,No trabaja,0,28.7,No,3,48.5,No,5,Alto,1,1
EST02016,Ingeniería Civil,2,Matutino,26,M,62.7,87.2,1,26,No,No,Medio tiempo,19,14.0,Sí,11,64.1,Sí,1,Medio,0,1
EST02017,Ingeniería Industrial,9,Matutino,23,M,69.6,76.5,1,24,No,No,No trabaja,0,20.6,Sí,8,83.6,No,3,Bajo,0,0
EST02018,Licenciatura en Administración,6,Matutino,21,M,66.8,70.4,4,19,Sí,Sí,Medio tiempo,23,3.4,Sí,13,90.5,Sí,2,Alto,1,0
EST02019,Ingeniería Industrial,8,Vespertino,23,M,61.1,74.3,2,20,Sí,Sí,No trabaja,0,10.7,Sí,6,88.0,No,1,Bajo,0,1
EST02020,Ingeniería en Sistemas Computacionales,1,Matutino,23,F,73.5,92.2,5,32,No,Sí,Tiempo completo,30,12.7,Sí,2,70.0,No,4,Alto,1,1
EST02021,Ingeniería Electromecánica,4,Vespertino,20,F,73.1,73.2,1,36,No,No,Medio tiempo,10,21.4,Sí,0,63.3,No,5,Alto,0,0
EST02022,Ingeniería Mecatrónica,9,Matutino,21,F,71.9,73.0,4,21,No,No,No trabaja,0,10.7,Sí,13,99.1,No,1,Medio,0,0
EST02023,Ingeniería Industrial,6,Vespertino,20,M,73.2,76.1,1,22,Sí,Sí,Medio tiempo,21,15.5,Sí,8,62.1,No,2,Medio,0,0
EST02024,Ingeniería en Sistemas Computacionales,3,Matutino,19,F,74.8,78.5,0,33,No,No,No trabaja,0,3.8,Sí,1,81.5,No,2,Bajo,0,1
EST02025,Licenciatura en Administración,4,Matutino,22,M,82.3,84.3,0,32,No,Sí,Medio tiempo,17,21.2,Sí,8,72.8,No,2,Bajo,0,0
EST02026,Ingeniería Mecatrónica,3,Vespertino,21,F,68.7,73.9,3,23,Sí,No,No trabaja,0,8.7,Sí,10,65.0,No,4,Medio,1,1
EST02027,Ingeniería en Gestión Empresarial,7,Vespertino,20,F,80.5,84.5,0,21,No,Sí,Medio tiempo,22,5.0,Sí,4,77.6,No,5,Bajo,0,0
EST02028,Ingeniería en Sistemas Computacionales,2,Matutino,23,M,91.2,73.2,2,22,Sí,No,Medio tiempo,10,18.1,Sí,8,92.2,No,3,Bajo,0,0
EST02029,Ingeniería Industrial,7,Vespertino,22,M,67.6,85.0,1,20,No,Sí,No trabaja,0,0.7,Sí,1,57.4,No,5,Medio,1,1
EST02030,Ingeniería Industrial,6,Vespertino,24,F,72.6,75.6,1,27,No,Sí,No trabaja,0,6.2,Sí,11,73.7,Sí,2,Bajo,0,0
EST02031,Ingeniería en Gestión Empresarial,6,Matutino,21,M,65.5,81.5,0,22,No,No,Medio tiempo,12,8.8,Sí,13,80.9,No,4,Medio,0,0
EST02032,Ingeniería en Gestión Empresarial,10,Matutino,21,F,86.3,92.3,0,20,No,No,No trabaja,0,12.5,Sí,16,77.8,No,4,Bajo,0,0
EST02033,Contador Público,8,Vespertino,21,F,87.3,65.0,0,31,No,No,Medio tiempo,17,11.2,Sí,13,76.4,No,5,Medio,0,0
EST02034,Licenciatura en Administración,6,Vespertino,19,F,81.8,71.7,5,18,No,No,Medio tiempo,11,4.1,Sí,1,58.2,Sí,1,Alto,1,0
EST02035,Ingeniería Mecatrónica,2,Matutino,18,M,70.9,96.1,1,28,No,Sí,No trabaja,0,5.6,Sí,1,57.1,No,3,Bajo,0,0
EST02036,Ingeniería Electromecánica,3,Vespertino,21,F,82.2,84.2,0,23,No,Sí,Medio tiempo,10,14.0,Sí,2,57.5,Sí,1,Bajo,0,0
EST02037,Ingeniería en Sistemas Computacionales,10,Vespertino,21,F,90.1,81.4,2,24,No,Sí,No trabaja,0,10.3,Sí,0,66.3,Sí,2,Bajo,0,0
EST02038,Ingeniería Industrial,6,Vespertino,21,F,78.6,82.7,3,23,Sí,No,No trabaja,0,14.5,Sí,9,71.9,Sí,1,Medio,1,0
EST02039,Ingeniería Mecatrónica,4,Matutino,23,M,82.8,77.5,0,25,Sí,No,No trabaja,0,12.2,Sí,4,77.8,No,2,Bajo,0,0
EST02040,Ingeniería en Sistemas Computacionales,5,Matutino,24,M,61.8,67.5,4,30,No,Sí,No trabaja,0,13.3,Sí,4,93.6,Sí,3,Alto,1,1
EST02041,Ingeniería en Gestión Empresarial,9,Vespertino,27,F,87.9,100,0,24,No,Sí,No trabaja,0,5.4,Sí,8,91.4,No,3,Bajo,0,0
EST02042,Ingeniería en Sistemas Computacionales,7,Matutino,21,M,66.2,88.9,1,22,No,Sí,Medio tiempo,23,5.6,Sí,3,75.5,Sí,2,Medio,0,1
EST02043,Contador Público,2,Vespertino,17,F,91.7,79.7,1,29,Sí,No,No trabaja,0,2.6,Sí,1,62.4,No,2,Bajo,0,1
EST02044,Contador Público,8,Matutino,22,M,81.5,83.0,2,30,Sí,Sí,Medio tiempo,15,12.6,Sí,8,83.9,No,2,Bajo,0,0
EST02045,Contador Público,6,Vespertino,21,F,80.8,73.0,0,23,No,No,Medio tiempo,25,5.3,Sí,2,75.3,No,1,Bajo,0,0
EST02046,Ingeniería Mecatrónica,6,Matutino,21,M,81.1,89.3,0,26,No,No,No trabaja,0,8.3,No,18,98.1,No,4,Bajo,0,0
EST02047,Contador Público,1,Vespertino,19,M,67.4,85.2,1,30,No,Sí,No trabaja,0,6.9,Sí,6,69.5,No,2,Medio,1,0
EST02048,Contador Público,6,Matutino,22,F,77.1,82.5,1,18,No,Sí,No trabaja,0,9.6,Sí,8,100,No,4,Bajo,0,0
EST02049,Ingeniería Industrial,4,Vespertino,20,M,92.0,76.8,3,28,Sí,No,Medio tiempo,17,19.9,Sí,7,92.2,Sí,4,Bajo,0,0
EST02050,Ingeniería Civil,7,Matutino,23,M,83.9,71.9,0,31,No,No,No trabaja,0,13.0,Sí,10,63.3,No,5,Bajo,0,0
EST02051,Ingeniería en Sistemas Computacionales,5,Matutino,20,F,80.7,78.4,0,26,Sí,No,No trabaja,0,5.9,Sí,7,82.8,No,3,Bajo,0,0
EST02052,Ingeniería Mecatrónica,2,Vespertino,22,M,85.0,100,1,32,Sí,Sí,No trabaja,0,8.9,Sí,3,61.9,No,5,Bajo,0,0
EST02053,Contador Público,3,Vespertino,22,F,94.6,76.3,0,22,No,No,No trabaja,0,0.5,Sí,6,72.6,No,1,Bajo,0,0
EST02054,Ingeniería Industrial,4,Matutino,20,F,85.9,82.5,0,19,No,No,Medio tiempo,13,3.5,Sí,14,85.8,No,3,Bajo,0,0
EST02055,Ingeniería Industrial,7,Vespertino,25,M,84.3,79.2,0,32,No,No,No trabaja,0,0.8,Sí,11,85.8,No,1,Bajo,0,0
EST02056,Licenciatura en Administración,2,Vespertino,21,M,61.6,67.8,3,26,No,No,No trabaja,0,17.9,No,4,86.7,No,3,Alto,0,1
EST02057,Ingeniería Industrial,10,Vespertino,24,F,81.7,81.0,1,18,No,No,Tiempo completo,38,15.7,Sí,3,70.0,No,3,Medio,0,0
EST02058,Licenciatura en Administración,7,Matutino,25,F,80.2,77.9,0,29,Sí,No,No trabaja,0,8.1,Sí,10,93.4,No,1,Bajo,0,0
EST02059,Ingeniería Mecatrónica,6,Vespertino,25,F,58.6,71.0,2,34,No,Sí,Medio tiempo,14,15.8,No,5,61.7,No,2,Alto,0,0
EST02060,Ingeniería Industrial,7,Matutino,21,F,74.8,89.7,4,31,Sí,Sí,No trabaja,0,12.7,Sí,3,47.1,Sí,4,Alto,1,0
EST02061,Licenciatura en Administración,5,Matutino,22,M,74.9,68.0,2,29,No,No,Medio tiempo,17,18.0,Sí,12,87.9,No,4,Medio,0,0
EST02062,Ingeniería en Sistemas Computacionales,7,Vespertino,24,M,66.3,68.8,6,28,No,Sí,Tiempo completo,31,15.2,Sí,14,55.5,No,2,Alto,0,0
EST02063,Ingeniería Mecatrónica,6,Vespertino,22,M,69.2,87.3,4,19,Sí,Sí,No trabaja,0,12.0,Sí,13,55.6,No,1,Medio,1,1
EST02064,Ingeniería en Sistemas Computacionales,10,Vespertino,24,F,77.3,92.8,1,34,Sí,Sí,Medio tiempo,22,10.7,Sí,1,75.2,No,1,Bajo,0,0
EST02065,Ingeniería Electromecánica,4,Vespertino,18,M,68.9,90.5,3,36,Sí,No,Medio tiempo,13,7.0,Sí,5,77.0,No,4,Bajo,0,0
EST02066,Contador Público,7,Matutino,21,M,71.4,78.9,5,26,No,Sí,Medio tiempo,23,9.0,Sí,12,100,No,3,Medio,0,0
EST02067,Ingeniería Mecatrónica,10,Vespertino,21,F,75.5,76.4,0,24,No,No,Medio tiempo,24,8.0,Sí,12,59.0,Sí,3,Bajo,0,0
EST02068,Ingeniería Electromecánica,3,Matutino,19,F,53.9,76.3,0,29,Sí,No,Medio tiempo,24,13.1,Sí,10,74.9,No,2,Bajo,0,1
EST02069,Licenciatura en Administración,5,Vespertino,17,F,63.6,78.1,1,36,Sí,No,No trabaja,0,14.9,No,11,68.7,No,4,Bajo,1,0
EST02070,Ingeniería en Sistemas Computacionales,8,Matutino,25,M,82.4,86.5,1,22,Sí,Sí,Tiempo completo,43,0.5,Sí,6,93.2,Sí,3,Bajo,0,0
EST02071,Ingeniería Industrial,2,Vespertino,17,M,75.1,90.7,1,18,Sí,No,No trabaja,0,13.7,Sí,14,66.0,No,3,Bajo,0,0
EST02072,Ingeniería Electromecánica,5,Matutino,22,F,70.6,81.7,2,31,Sí,No,Medio tiempo,17,5.1,Sí,9,90.3,No,5,Bajo,0,1
EST02073,Ingeniería Mecatrónica,5,Matutino,22,F,78.9,81.3,0,36,Sí,No,No trabaja,0,11.9,Sí,4,88.3,No,3,Bajo,0,0
EST02074,Ingeniería Civil,4,Vespertino,20,F,70.1,69.4,1,31,No,Sí,Tiempo completo,44,0.5,Sí,9,80.3,No,2,Medio,0,0
EST02075,Ingeniería Industrial,2,Matutino,17,F,74.2,94.1,1,18,No,No,No trabaja,0,5.0,No,2,76.6,No,5,Bajo,0,0
EST02076,Contador Público,5,Vespertino,19,F,66.3,82.9,3,27,No,No,No trabaja,0,0.5,Sí,10,91.1,No,2,Medio,0,1
EST02077,Ingeniería Industrial,8,Vespertino,21,F,78.5,78.6,3,25,No,No,Medio tiempo,10,5.7,Sí,3,46.9,No,3,Medio,1,0
EST02078,Ingeniería en Gestión Empresarial,4,Matutino,22,M,75.1,79.3,0,30,No,No,No trabaja,0,16.1,Sí,9,74.3,No,3,Bajo,0,0
EST02079,Licenciatura en Administración,3,Matutino,24,F,63.7,76.3,1,21,No,No,Tiempo completo,41,13.0,Sí,13,65.8,No,3,Medio,0,1
EST02080,Ingeniería en Gestión Empresarial,8,Vespertino,22,M,82.8,97.7,0,33,Sí,Sí,Medio tiempo,26,7.7,Sí,14,89.5,No,2,Bajo,0,0
EST02081,Licenciatura en Administración,8,Vespertino,27,F,61.6,84.5,5,24,No,Sí,No trabaja,0,8.5,Sí,12,87.5,No,1,Alto,0,0
EST02082,Ingeniería Mecatrónica,2,Matutino,18,F,66.1,78.6,6,29,No,Sí,Medio tiempo,16,9.4,Sí,1,57.1,No,3,Alto,1,1
EST02083,Ingeniería Electromecánica,5,Matutino,21,F,98.9,68.7,0,31,No,No,Medio tiempo,23,2.0,Sí,12,64.5,No,5,Bajo,0,0
EST02084,Licenciatura en Administración,6,Vespertino,21,F,65.4,73.9,1,28,Sí,No,Medio tiempo,21,9.0,Sí,5,80.8,No,4,Medio,0,0
EST02085,Contador Público,9,Vespertino,27,M,91.9,88.6,0,27,No,No,No trabaja,0,9.2,Sí,8,75.1,No,3,Bajo,0,0
EST02086,Ingeniería Mecatrónica,9,Vespertino,24,M,88.5,86.4,0,23,No,No,No trabaja,0,10.0,Sí,16,74.0,No,2,Bajo,0,0
EST02087,Contador Público,3,Vespertino,19,F,68.2,67.9,5,29,No,No,Tiempo completo,39,12.7,Sí,8,56.7,No,4,Alto,1,0
EST02088,Licenciatura en Administración,9,Vespertino,20,F,72.6,78.6,1,28,Sí,Sí,No trabaja,0,5.4,No,0,64.7,No,5,Bajo,0,0
EST02089,Ingeniería Civil,2,Matutino,24,M,74.9,73.8,0,18,Sí,No,No trabaja,0,15.1,Sí,12,71.8,No,5,Medio,1,0
EST02090,Ingeniería Electromecánica,1,Matutino,21,M,68.8,96.7,0,27,Sí,No,No trabaja,0,4.3,Sí,10,70.3,Sí,3,Bajo,0,0
EST02091,Contador Público,6,Vespertino,18,M,98.6,100,0,19,No,Sí,No trabaja,0,4.1,Sí,11,94.0,No,3,Bajo,0,0
EST02092,Contador Público,1,Vespertino,23,M,76.4,76.9,0,28,No,No,No trabaja,0,13.9,Sí,12,65.2,No,2,Medio,1,0
EST02093,Ingeniería en Sistemas Computacionales,7,Matutino,24,F,70.2,77.8,0,34,No,No,Medio tiempo,22,4.9,Sí,7,79.5,No,3,Bajo,0,0
EST02094,Ingeniería Mecatrónica,1,Vespertino,18,M,63.0,71.8,3,24,Sí,No,Medio tiempo,20,15.0,Sí,5,66.7,No,3,Medio,0,1
EST02095,Ingeniería en Gestión Empresarial,9,Vespertino,23,F,63.8,70.9,5,24,Sí,Sí,Medio tiempo,12,6.9,Sí,3,67.8,Sí,4,Alto,1,1
EST02096,Ingeniería Industrial,3,Vespertino,17,M,67.5,68.8,3,23,Sí,No,No trabaja,0,8.8,Sí,0,88.2,Sí,5,Bajo,0,0
EST02097,Ingeniería Civil,6,Matutino,19,F,76.6,81.5,0,28,No,Sí,No trabaja,0,4.6,Sí,9,100,No,1,Bajo,0,0
EST02098,Ingeniería Mecatrónica,5,Matutino,18,F,78.6,86.6,5,19,No,Sí,Medio tiempo,13,9.1,Sí,11,72.9,No,3,Medio,0,1
EST02099,Ingeniería Civil,4,Matutino,23,F,70.7,77.5,4,33,No,Sí,No trabaja,0,5.6,Sí,8,74.2,No,1,Medio,1,0
EST02100,Ingeniería en Sistemas Computacionales,1,Vespertino,21,F,64.9,84.4,2,30,Sí,Sí,Medio tiempo,18,15.2,Sí,9,98.3,No,4,Medio,0,1
EST02101,Ingeniería Industrial,2,Matutino,20,M,92.6,88.8,4,36,Sí,Sí,Medio tiempo,28,22.5,Sí,10,78.7,Sí,5,Medio,0,0
EST02102,Ingeniería en Sistemas Computacionales,5,Vespertino,21,F,78.0,80.3,0,21,No,No,Medio tiempo,24,20.4,Sí,4,81.2,No,5,Bajo,0,0
EST02103,Ingeniería Electromecánica,6,Matutino,20,M,63.3,66.2,7,35,Sí,Sí,No trabaja,0,17.5,Sí,1,73.2,No,5,Alto,1,0
EST02104,Licenciatura en Administración,5,Matutino,19,M,75.4,76.7,2,18,No,No,Tiempo completo,34,4.4,No,13,64.2,No,1,Medio,0,1
EST02105,Ingeniería en Gestión Empresarial,3,Matutino,17,M,80.1,78.2,4,35,No,No,No trabaja,0,13.5,Sí,8,100,No,1,Bajo,0,1
EST02106,Ingeniería en Sistemas Computacionales,9,Vespertino,24,M,97.6,79.4,0,26,No,No,No trabaja,0,7.0,Sí,12,84.9,No,2,Bajo,0,0
EST02107,Ingeniería Industrial,9,Matutino,26,M,78.5,89.4,1,31,Sí,Sí,No trabaja,0,3.4,Sí,3,57.3,No,5,Bajo,0,0
EST02108,Ingeniería Civil,4,Vespertino,19,F,83.0,66.2,0,27,Sí,Sí,Medio tiempo,24,6.4,Sí,12,88.5,No,1,Bajo,0,0
EST02109,Ingeniería Industrial,8,Matutino,23,F,78.5,77.9,0,34,Sí,Sí,No trabaja,0,11.5,Sí,9,79.4,Sí,4,Bajo,0,0
EST02110,Ingeniería Mecatrónica,6,Vespertino,20,M,58.5,68.7,7,29,Sí,Sí,Tiempo completo,32,3.9,Sí,0,47.2,Sí,1,Alto,1,1
EST02111,Ingeniería Industrial,10,Vespertino,20,F,74.4,81.8,0,22,No,Sí,No trabaja,0,9.3,No,6,100,Sí,1,Bajo,1,1
EST02112,Ingeniería en Gestión Empresarial,6,Matutino,22,F,82.3,78.3,2,33,No,No,No trabaja,0,9.2,Sí,3,43.1,No,4,Medio,0,0
EST02113,Ingeniería Electromecánica,6,Matutino,23,F,74.1,84.3,0,21,Sí,Sí,Tiempo completo,33,5.8,Sí,9,56.9,No,5,Bajo,0,1
EST02114,Ingeniería Mecatrónica,7,Matutino,22,F,70.6,78.7,1,28,Sí,No,No trabaja,0,10.3,Sí,14,86.0,No,2,Bajo,0,0
EST02115,Contador Público,4,Matutino,20,M,68.2,88.7,5,23,No,No,No trabaja,0,10.1,Sí,3,32.6,No,2,Alto,0,1
EST02116,Ingeniería Mecatrónica,3,Vespertino,23,F,87.9,53.3,0,23,No,No,No trabaja,0,5.4,Sí,4,80.6,Sí,3,Bajo,0,0
EST02117,Ingeniería Mecatrónica,6,Vespertino,19,M,90.6,87.6,0,34,No,No,No trabaja,0,4.5,Sí,17,95.4,Sí,4,Bajo,0,0
EST02118,Licenciatura en Administración,3,Matutino,24,M,92.6,86.4,0,32,No,Sí,No trabaja,0,14.6,Sí,14,77.8,No,3,Bajo,0,0
EST02119,Licenciatura en Administración,9,Vespertino,28,F,69.3,93.9,3,26,Sí,Sí,No trabaja,0,0.5,Sí,11,79.8,No,4,Bajo,0,0
EST02120,Ingeniería Electromecánica,4,Vespertino,17,M,64.8,100,3,33,No,Sí,No trabaja,0,7.0,No,12,80.0,No,5,Medio,0,1
EST02121,Contador Público,8,Vespertino,22,F,66.7,72.6,1,23,Sí,No,Medio tiempo,15,11.0,Sí,14,100,No,1,Medio,0,0
EST02122,Licenciatura en Administración,10,Vespertino,23,M,89.3,88.1,0,18,Sí,Sí,No trabaja,0,11.2,Sí,9,76.6,No,2,Bajo,0,0
EST02123,Ingeniería Electromecánica,2,Matutino,21,F,83.5,75.7,0,20,No,No,No trabaja,0,15.8,Sí,14,92.3,No,5,Bajo,1,0
EST02124,Ingeniería Electromecánica,7,Vespertino,20,M,86.0,81.2,1,33,Sí,No,Medio tiempo,17,4.9,No,14,86.0,No,1,Bajo,0,0
EST02125,Ingeniería en Gestión Empresarial,8,Vespertino,25,M,64.7,97.6,3,21,Sí,No,No trabaja,0,11.6,Sí,14,76.5,No,4,Medio,1,1
EST02126,Ingeniería en Sistemas Computacionales,2,Matutino,23,F,92.0,66.9,0,19,Sí,No,Medio tiempo,15,4.1,Sí,13,100,No,2,Bajo,0,0
EST02127,Ingeniería Civil,5,Matutino,23,M,100,90.9,0,20,No,No,No trabaja,0,9.2,Sí,17,83.1,Sí,1,Bajo,0,0
EST02128,Contador Público,5,Matutino,25,M,90.0,97.5,3,22,No,No,No trabaja,0,2.0,Sí,8,86.3,No,2,Bajo,0,0
EST02129,Ingeniería Electromecánica,3,Matutino,22,F,81.0,74.5,3,27,Sí,No,Tiempo completo,38,1.7,Sí,4,73.0,No,4,Medio,1,1
EST02130,Ingeniería en Gestión Empresarial,6,Vespertino,19,F,83.2,87.6,2,22,Sí,Sí,Medio tiempo,16,8.9,Sí,7,69.3,No,4,Bajo,0,0
EST02131,Ingeniería Mecatrónica,3,Vespertino,18,F,71.6,85.0,0,30,No,No,Medio tiempo,11,6.6,No,12,86.5,No,5,Bajo,0,0
EST02132,Contador Público,5,Matutino,24,M,74.7,90.8,3,28,No,Sí,Medio tiempo,25,4.3,Sí,13,80.9,No,5,Medio,0,0
EST02133,Ingeniería Industrial,4,Vespertino,22,F,56.6,81.4,1,32,No,No,No trabaja,0,11.6,Sí,6,92.5,No,2,Bajo,0,1
EST02134,Ingeniería Electromecánica,10,Vespertino,26,M,78.1,87.8,0,28,No,Sí,Medio tiempo,11,7.9,Sí,14,93.4,No,1,Bajo,0,0
EST02135,Ingeniería Mecatrónica,4,Matutino,23,M,90.4,82.5,5,31,No,Sí,Medio tiempo,16,8.4,Sí,12,68.6,No,2,Medio,0,0
EST02136,Ingeniería Civil,10,Matutino,24,M,73.1,73.9,0,27,No,No,Medio tiempo,12,11.8,Sí,1,78.0,Sí,3,Bajo,0,1
EST02137,Ingeniería Industrial,6,Matutino,21,F,71.8,95.2,0,24,No,No,No trabaja,0,6.7,Sí,7,91.7,No,4,Bajo,0,0
EST02138,Ingeniería Mecatrónica,2,Vespertino,23,F,78.4,86.6,1,25,Sí,No,No trabaja,0,12.4,Sí,0,62.8,Sí,3,Bajo,0,0
EST02139,Ingeniería en Sistemas Computacionales,9,Matutino,22,F,73.2,81.3,1,33,No,No,Tiempo completo,44,11.7,Sí,4,93.4,No,1,Medio,0,1
EST02140,Ingeniería Civil,1,Vespertino,18,M,75.7,61.6,2,22,No,No,Tiempo completo,39,0.5,Sí,11,66.8,Sí,2,Alto,0,0
EST02141,Ingeniería Electromecánica,4,Vespertino,19,M,66.8,87.3,5,23,No,No,Medio tiempo,15,9.4,Sí,4,70.5,Sí,5,Alto,1,1
EST02142,Ingeniería Industrial,1,Matutino,22,M,62.1,81.0,0,29,No,No,No trabaja,0,14.6,Sí,9,68.8,Sí,4,Medio,0,0
EST02143,Ingeniería Civil,4,Vespertino,22,F,72.0,60.2,3,23,No,No,No trabaja,0,0.5,No,5,74.3,No,3,Alto,1,0
EST02144,Ingeniería Industrial,3,Vespertino,22,M,82.8,87.6,1,29,No,Sí,Medio tiempo,13,13.8,Sí,9,100,No,1,Bajo,0,0
EST02145,Contador Público,10,Vespertino,22,M,82.1,98.4,1,20,No,No,No trabaja,0,16.1,Sí,18,84.4,No,5,Bajo,0,0
EST02146,Contador Público,3,Vespertino,21,M,82.5,80.6,1,35,No,No,No trabaja,0,15.1,Sí,8,70.4,No,4,Bajo,0,0
EST02147,Ingeniería en Gestión Empresarial,6,Matutino,21,M,86.6,86.2,1,21,No,No,Medio tiempo,11,14.5,Sí,13,99.6,No,3,Bajo,0,0
EST02148,Ingeniería Electromecánica,5,Matutino,18,F,68.6,93.6,2,18,Sí,No,No trabaja,0,14.3,Sí,11,85.5,Sí,3,Bajo,0,0
EST02149,Ingeniería en Sistemas Computacionales,4,Vespertino,21,M,72.9,75.1,0,20,Sí,Sí,Medio tiempo,27,13.3,Sí,14,96.0,No,5,Bajo,0,0
EST02150,Ingeniería en Gestión Empresarial,2,Vespertino,17,M,68.4,70.1,4,33,No,No,No trabaja,0,8.4,Sí,4,100,No,4,Alto,0,0
EST02151,Licenciatura en Administración,2,Matutino,22,F,62.9,69.1,0,32,No,No,Tiempo completo,37,11.6,No,2,78.8,No,2,Medio,0,0
EST02152,Licenciatura en Administración,1,Vespertino,19,F,86.0,96.8,0,21,No,No,No trabaja,0,2.9,Sí,6,86.7,No,2,Bajo,0,0
EST02153,Contador Público,9,Vespertino,21,M,87.4,84.6,1,34,No,Sí,No trabaja,0,8.6,Sí,1,49.7,No,2,Bajo,0,0
EST02154,Ingeniería Civil,9,Matutino,25,F,87.7,80.9,0,31,No,Sí,No trabaja,0,6.9,Sí,1,33.5,No,5,Bajo,0,0
EST02155,Ingeniería Mecatrónica,7,Matutino,21,M,90.5,88.0,3,28,No,No,No trabaja,0,18.8,Sí,6,90.9,No,5,Bajo,0,0
EST02156,Ingeniería en Gestión Empresarial,5,Matutino,23,M,74.3,90.3,1,29,Sí,No,Medio tiempo,23,12.5,Sí,13,74.7,No,3,Bajo,0,0
EST02157,Licenciatura en Administración,2,Vespertino,20,F,64.0,90.4,6,27,Sí,No,No trabaja,0,11.8,Sí,12,77.5,No,2,Alto,1,1
EST02158,Contador Público,9,Vespertino,22,M,84.8,93.4,3,33,Sí,Sí,No trabaja,0,13.5,Sí,11,87.7,No,5,Bajo,0,0
EST02159,Ingeniería en Gestión Empresarial,8,Vespertino,24,M,70.6,97.7,1,31,Sí,No,No trabaja,0,0.5,Sí,6,59.0,No,2,Bajo,0,0
EST02160,Ingeniería Electromecánica,5,Vespertino,22,M,88.4,64.6,2,25,Sí,Sí,No trabaja,0,7.4,Sí,13,94.5,No,5,Bajo,0,1
EST02161,Ingeniería en Gestión Empresarial,7,Vespertino,19,F,74.4,96.6,0,21,Sí,No,Tiempo completo,45,16.6,Sí,11,94.1,No,5,Bajo,0,0
EST02162,Ingeniería Industrial,9,Matutino,23,F,77.3,75.0,2,23,No,No,No trabaja,0,8.8,Sí,10,100,No,5,Medio,0,1
EST02163,Ingeniería en Sistemas Computacionales,4,Matutino,20,M,87.3,79.3,2,33,No,No,No trabaja,0,3.5,Sí,10,69.7,No,5,Bajo,0,0
EST02164,Ingeniería en Gestión Empresarial,10,Vespertino,20,F,83.1,75.3,1,19,No,No,No trabaja,0,10.7,Sí,9,73.4,No,5,Bajo,0,0
EST02165,Licenciatura en Administración,2,Matutino,17,F,53.8,73.7,0,18,Sí,No,Tiempo completo,45,6.9,No,6,86.2,No,4,Medio,0,0
EST02166,Ingeniería Electromecánica,2,Matutino,20,M,65.1,84.7,4,20,No,No,Tiempo completo,41,12.6,No,8,69.7,No,2,Alto,1,1
EST02167,Ingeniería en Sistemas Computacionales,5,Vespertino,23,M,70.6,85.6,1,24,Sí,Sí,No trabaja,0,23.5,Sí,10,72.0,No,4,Medio,0,0
EST02168,Ingeniería Industrial,6,Matutino,26,F,87.6,72.3,0,20,Sí,No,Medio tiempo,19,3.7,Sí,14,98.1,No,5,Bajo,0,0
EST02169,Ingeniería en Sistemas Computacionales,3,Vespertino,23,F,80.4,68.7,0,22,Sí,No,No trabaja,0,14.5,Sí,4,93.3,No,2,Bajo,0,0
EST02170,Contador Público,3,Matutino,21,M,76.6,86.4,0,26,No,No,Medio tiempo,19,0.5,No,2,84.3,No,5,Bajo,0,1
EST02171,Ingeniería en Gestión Empresarial,10,Vespertino,23,M,89.3,74.9,5,28,Sí,No,Medio tiempo,18,13.3,Sí,6,69.5,No,5,Medio,0,0
EST02172,Licenciatura en Administración,9,Vespertino,23,F,93.4,95.8,1,23,Sí,Sí,No trabaja,0,2.7,Sí,15,100,No,4,Bajo,0,0
EST02173,Contador Público,8,Matutino,20,M,88.0,70.8,2,27,Sí,Sí,Medio tiempo,10,0.5,Sí,7,54.9,No,5,Bajo,1,0
EST02174,Ingeniería Civil,10,Vespertino,19,M,61.0,88.7,2,34,No,No,Tiempo completo,39,9.0,No,4,70.4,No,5,Medio,0,1
EST02175,Contador Público,9,Vespertino,26,M,62.5,80.6,2,30,No,No,No trabaja,0,10.5,Sí,3,74.3,No,4,Medio,1,0
EST02176,Ingeniería Industrial,4,Matutino,22,M,66.2,94.4,3,18,No,Sí,No trabaja,0,13.5,Sí,13,93.2,No,4,Bajo,0,0
EST02177,Ingeniería Electromecánica,10,Matutino,22,F,100,84.4,0,34,Sí,No,No trabaja,0,3.7,Sí,1,78.1,No,4,Bajo,0,0
EST02178,Contador Público,5,Matutino,19,F,76.6,70.2,1,24,No,No,Medio tiempo,22,2.7,Sí,13,66.8,No,2,Medio,0,0
EST02179,Ingeniería Mecatrónica,6,Matutino,23,M,69.3,67.0,4,33,No,No,Tiempo completo,33,8.0,Sí,7,80.2,No,2,Alto,1,1
EST02180,Ingeniería Electromecánica,10,Vespertino,24,F,71.5,74.5,2,31,No,No,Tiempo completo,35,9.8,Sí,6,81.0,No,5,Medio,0,0
EST02181,Contador Público,8,Matutino,22,F,78.9,66.3,0,19,No,Sí,Tiempo completo,31,2.4,Sí,11,71.9,No,3,Bajo,1,1
EST02182,Ingeniería Civil,4,Matutino,20,M,76.2,91.4,2,30,Sí,No,No trabaja,0,16.5,Sí,2,69.1,No,5,Bajo,0,0
EST02183,Contador Público,4,Vespertino,20,M,63.0,79.1,1,34,No,Sí,Medio tiempo,26,9.5,Sí,12,100,No,2,Bajo,0,0
EST02184,Ingeniería Mecatrónica,5,Vespertino,19,F,68.6,95.3,1,28,Sí,Sí,Tiempo completo,30,0.5,Sí,6,92.5,No,2,Bajo,0,0
EST02185,Ingeniería en Gestión Empresarial,8,Matutino,23,M,76.3,75.2,4,18,Sí,No,No trabaja,0,11.7,Sí,0,82.5,No,1,Medio,0,1
EST02186,Ingeniería en Gestión Empresarial,7,Matutino,24,M,70.0,71.9,0,31,No,Sí,No trabaja,0,1.8,Sí,13,100,No,4,Bajo,0,0
EST02187,Ingeniería en Sistemas Computacionales,1,Vespertino,17,F,67.5,86.0,1,31,Sí,No,Tiempo completo,41,2.3,No,3,62.4,No,5,Medio,1,1
EST02188,Licenciatura en Administración,2,Vespertino,18,F,62.3,96.1,3,29,No,No,Tiempo completo,37,13.7,Sí,0,76.5,No,5,Bajo,1,1
EST02189,Ingeniería en Gestión Empresarial,5,Matutino,21,F,61.9,77.6,1,28,Sí,No,No trabaja,0,2.2,No,7,100,No,4,Bajo,0,0
EST02190,Contador Público,3,Matutino,24,M,67.1,100,0,36,Sí,Sí,No trabaja,0,9.4,Sí,10,72.8,No,1,Bajo,0,0
EST02191,Contador Público,6,Vespertino,19,M,93.9,77.5,0,27,No,Sí,No trabaja,0,4.0,Sí,9,85.9,No,5,Bajo,0,0
EST02192,Licenciatura en Administración,5,Vespertino,20,M,81.5,69.1,0,30,No,Sí,No trabaja,0,15.4,Sí,5,88.3,No,1,Bajo,0,0
EST02193,Ingeniería Civil,6,Matutino,19,M,84.1,85.7,1,29,No,Sí,No trabaja,0,13.2,No,16,67.5,No,3,Bajo,0,0
EST02194,Ingeniería Civil,10,Matutino,25,M,83.7,85.7,3,20,No,Sí,No trabaja,0,6.7,Sí,18,78.3,No,5,Bajo,1,0
EST02195,Ingeniería Mecatrónica,8,Vespertino,24,F,68.6,82.1,2,25,No,Sí,Tiempo completo,39,6.4,Sí,3,100,No,2,Bajo,0,0
EST02196,Ingeniería Civil,2,Vespertino,19,M,74.8,77.7,1,29,No,Sí,Medio tiempo,10,11.6,Sí,6,100,No,2,Bajo,0,1
EST02197,Licenciatura en Administración,9,Matutino,26,M,75.5,74.3,0,35,No,No,Tiempo completo,36,10.9,Sí,11,79.5,No,3,Bajo,1,0
EST02198,Ingeniería Electromecánica,10,Matutino,24,F,82.2,81.8,3,28,Sí,No,No trabaja,0,0.5,Sí,7,83.0,No,1,Bajo,0,0
EST02199,Ingeniería Mecatrónica,7,Vespertino,19,M,81.9,100,1,31,No,No,Medio tiempo,20,12.3,Sí,13,78.9,No,4,Bajo,0,0
EST02200,Ingeniería Mecatrónica,4,Matutino,22,M,71.3,74.3,0,27,No,Sí,No trabaja,0,5.7,Sí,2,62.1,No,5,Bajo,0,0
EST02201,Ingeniería Civil,4,Matutino,20,F,82.1,61.8,0,34,Sí,No,No trabaja,0,6.9,Sí,3,61.2,No,1,Medio,0,0
EST02202,Ingeniería Civil,10,Matutino,21,M,98.9,82.4,0,24,Sí,Sí,Medio tiempo,15,9.6,Sí,10,78.6,No,5,Bajo,0,1
EST02203,Ingeniería en Gestión Empresarial,5,Vespertino,21,F,73.3,86.1,1,19,No,No,Medio tiempo,14,20.9,Sí,8,100,No,4,Bajo,0,1
EST02204,Ingeniería en Sistemas Computacionales,10,Vespertino,23,F,78.9,96.5,0,31,No,Sí,No trabaja,0,14.2,Sí,1,63.6,No,4,Bajo,0,0
EST02205,Ingeniería Electromecánica,5,Vespertino,22,M,85.9,90.0,1,30,No,Sí,Medio tiempo,10,13.4,Sí,6,72.6,No,5,Bajo,0,0
EST02206,Ingeniería Electromecánica,1,Matutino,20,M,67.4,78.9,5,21,Sí,Sí,No trabaja,0,11.2,Sí,5,97.1,No,1,Medio,0,0
EST02207,Ingeniería Civil,9,Vespertino,24,F,75.5,65.4,3,30,No,Sí,Tiempo completo,44,4.4,Sí,4,46.8,No,1,Alto,0,1
EST02208,Ingeniería en Sistemas Computacionales,8,Matutino,23,M,75.1,84.5,2,19,No,Sí,No trabaja,0,0.5,Sí,13,71.9,Sí,1,Bajo,0,0
EST02209,Contador Público,4,Matutino,22,F,80.0,81.3,3,22,No,No,No trabaja,0,2.8,Sí,6,91.7,Sí,5,Bajo,0,0
EST02210,Licenciatura en Administración,3,Matutino,17,M,88.5,64.5,3,27,No,Sí,No trabaja,0,14.5,No,1,72.9,No,3,Medio,1,1
EST02211,Contador Público,1,Matutino,17,M,89.1,91.8,0,30,Sí,Sí,No trabaja,0,3.7,Sí,14,60.6,No,3,Bajo,0,0
EST02212,Ingeniería en Sistemas Computacionales,3,Vespertino,25,F,75.1,78.9,1,24,No,Sí,No trabaja,0,3.3,Sí,7,67.0,No,5,Bajo,0,0
EST02213,Ingeniería Electromecánica,6,Matutino,22,M,70.8,76.3,0,28,Sí,No,No trabaja,0,10.8,Sí,8,96.5,No,3,Bajo,0,0
EST02214,Contador Público,4,Matutino,19,M,82.3,96.2,1,34,No,Sí,Medio tiempo,11,11.7,Sí,15,68.6,No,1,Bajo,0,0
EST02215,Ingeniería Civil,6,Vespertino,20,M,59.3,69.9,2,29,Sí,No,No trabaja,0,0.5,Sí,13,81.1,No,2,Medio,0,0
EST02216,Licenciatura en Administración,3,Matutino,19,M,91.8,79.3,1,22,No,No,Medio tiempo,23,14.6,Sí,4,46.8,No,4,Medio,0,0
EST02217,Ingeniería en Sistemas Computacionales,9,Matutino,22,F,77.6,92.8,0,31,No,Sí,Medio tiempo,15,6.9,Sí,3,75.7,No,2,Bajo,0,1
EST02218,Ingeniería Mecatrónica,7,Matutino,20,F,88.2,92.9,0,21,No,Sí,No trabaja,0,4.5,Sí,11,67.5,No,4,Bajo,0,0
EST02219,Ingeniería Industrial,2,Vespertino,20,F,73.2,74.4,2,31,No,Sí,No trabaja,0,6.2,Sí,0,71.6,No,2,Medio,1,1
EST02220,Licenciatura en Administración,8,Matutino,21,F,49.1,92.5,2,30,Sí,Sí,Medio tiempo,13,7.1,Sí,2,80.2,No,2,Medio,0,1
EST02221,Contador Público,9,Matutino,21,M,66.9,78.2,0,36,No,No,Medio tiempo,23,5.6,Sí,1,86.0,No,4,Bajo,0,0
EST02222,Contador Público,2,Matutino,21,F,55.1,79.8,2,24,Sí,Sí,No trabaja,0,17.8,Sí,3,80.7,No,1,Medio,0,1
EST02223,Contador Público,9,Vespertino,25,M,77.0,82.2,0,20,Sí,Sí,Medio tiempo,18,0.5,Sí,9,81.7,No,2,Bajo,0,0
EST02224,Ingeniería Electromecánica,4,Matutino,23,M,90.6,83.8,1,19,No,Sí,No trabaja,0,9.6,Sí,10,64.4,No,1,Bajo,0,0
EST02225,Ingeniería Civil,6,Vespertino,23,F,73.9,70.1,1,19,No,No,No trabaja,0,21.4,Sí,10,83.4,No,2,Medio,0,0
EST02226,Ingeniería Electromecánica,1,Matutino,18,M,70.3,89.5,1,33,No,Sí,Medio tiempo,19,18.8,Sí,11,92.0,No,5,Bajo,0,0
EST02227,Ingeniería Industrial,3,Matutino,21,F,77.6,77.7,0,30,Sí,Sí,No trabaja,0,4.2,Sí,4,84.3,No,5,Bajo,0,0
EST02228,Ingeniería Electromecánica,3,Vespertino,18,M,72.4,83.9,1,35,No,No,Medio tiempo,20,0.5,Sí,1,70.3,No,4,Medio,1,1
EST02229,Ingeniería Mecatrónica,9,Matutino,21,F,65.0,74.6,5,20,Sí,No,No trabaja,0,4.7,Sí,5,75.9,No,1,Medio,1,0
EST02230,Ingeniería Civil,4,Vespertino,21,M,88.0,78.0,0,29,Sí,No,No trabaja,0,8.8,Sí,1,69.1,No,4,Bajo,0,1
EST02231,Ingeniería Mecatrónica,6,Vespertino,18,M,75.7,80.6,1,34,Sí,Sí,No trabaja,0,4.0,No,4,100,No,2,Bajo,0,0
EST02232,Contador Público,4,Matutino,18,F,76.4,76.0,2,28,Sí,No,Medio tiempo,10,18.2,Sí,13,78.2,Sí,3,Bajo,0,0
EST02233,Ingeniería Civil,6,Matutino,22,F,83.8,73.7,1,28,No,No,No trabaja,0,3.9,Sí,13,78.8,No,2,Bajo,0,0
EST02234,Contador Público,6,Vespertino,19,F,85.8,82.7,0,20,Sí,Sí,No trabaja,0,11.1,Sí,14,73.2,No,1,Bajo,0,0
EST02235,Ingeniería Electromecánica,5,Vespertino,21,M,62.9,65.1,1,26,Sí,Sí,Tiempo completo,30,9.0,Sí,0,61.3,No,4,Medio,1,0
EST02236,Ingeniería Electromecánica,3,Vespertino,24,F,77.2,73.0,4,33,No,No,Tiempo completo,42,5.0,Sí,6,63.8,No,3,Alto,1,1
EST02237,Contador Público,4,Matutino,22,F,76.2,60.1,1,22,No,Sí,No trabaja,0,7.4,Sí,13,73.8,No,5,Medio,0,0
EST02238,Contador Público,2,Vespertino,21,F,73.9,86.4,0,19,No,Sí,Medio tiempo,21,5.2,Sí,8,74.9,No,3,Medio,1,1
EST02239,Contador Público,9,Matutino,26,M,68.7,80.1,5,24,Sí,Sí,Medio tiempo,22,0.5,Sí,5,96.7,No,1,Medio,0,0
EST02240,Ingeniería en Sistemas Computacionales,7,Matutino,23,F,77.6,82.4,3,22,No,No,No trabaja,0,19.3,Sí,13,56.7,No,1,Medio,0,1
EST02241,Ingeniería Industrial,3,Matutino,21,F,77.5,78.3,0,35,No,Sí,No trabaja,0,8.8,Sí,5,100,No,3,Bajo,0,0
EST02242,Ingeniería en Gestión Empresarial,8,Matutino,19,F,93.6,77.4,0,18,No,No,No trabaja,0,6.7,Sí,11,80.0,No,4,Bajo,0,0
EST02243,Contador Público,6,Matutino,20,M,79.1,80.2,0,35,No,Sí,No trabaja,0,17.6,Sí,12,64.0,No,4,Bajo,0,1
EST02244,Ingeniería Mecatrónica,10,Matutino,23,F,83.4,89.6,0,35,Sí,Sí,No trabaja,0,9.3,Sí,6,73.1,No,5,Bajo,0,0
EST02245,Ingeniería en Gestión Empresarial,5,Vespertino,23,F,83.8,95.1,1,18,Sí,No,Medio tiempo,15,10.6,Sí,12,100,No,5,Bajo,0,0
EST02246,Ingeniería Industrial,7,Matutino,28,F,82.4,83.4,3,31,Sí,Sí,No trabaja,0,7.0,Sí,3,64.6,No,3,Bajo,0,0
EST02247,Ingeniería Electromecánica,2,Matutino,20,F,83.8,85.4,3,35,Sí,No,No trabaja,0,15.2,Sí,7,85.3,No,3,Bajo,1,0
EST02248,Contador Público,5,Vespertino,21,M,96.1,91.8,2,23,No,No,Medio tiempo,13,3.0,Sí,12,97.8,No,5,Bajo,0,0
EST02249,Ingeniería Industrial,2,Vespertino,17,F,78.0,93.1,2,30,No,No,No trabaja,0,6.9,Sí,8,76.7,No,3,Bajo,1,1
EST02250,Ingeniería Mecatrónica,4,Vespertino,17,M,87.5,91.2,0,34,No,No,No trabaja,0,13.7,Sí,14,79.6,No,4,Bajo,0,0
EST02251,Ingeniería Industrial,10,Matutino,25,M,79.4,83.7,2,26,No,No,No trabaja,0,2.9,Sí,0,89.9,No,3,Bajo,0,0
EST02252,Ingeniería Industrial,5,Matutino,20,F,73.8,90.4,1,22,No,No,Medio tiempo,19,20.6,Sí,9,71.9,No,3,Medio,0,0
EST02253,Ingeniería Industrial,10,Vespertino,20,F,73.8,81.1,1,24,Sí,Sí,No trabaja,0,13.6,Sí,12,71.3,No,1,Bajo,0,0
EST02254,Contador Público,7,Vespertino,23,F,58.2,80.7,3,35,No,No,Medio tiempo,10,4.9,Sí,6,74.1,No,2,Medio,0,1
EST02255,Licenciatura en Administración,8,Matutino,23,M,85.9,72.5,0,18,No,No,No trabaja,0,4.8,Sí,9,83.5,No,4,Bajo,0,0
EST02256,Ingeniería Electromecánica,2,Vespertino,20,F,70.2,74.6,1,30,Sí,No,No trabaja,0,5.5,Sí,7,96.4,No,1,Bajo,0,0
EST02257,Licenciatura en Administración,9,Vespertino,22,F,76.7,80.0,3,23,No,No,Medio tiempo,19,0.5,Sí,5,72.1,No,3,Medio,0,1
EST02258,Contador Público,6,Vespertino,20,M,75.4,79.1,0,34,No,No,No trabaja,0,13.2,Sí,0,59.4,No,1,Bajo,0,0
EST02259,Ingeniería Mecatrónica,7,Matutino,19,F,81.5,96.6,1,35,Sí,No,No trabaja,0,18.3,Sí,13,95.6,No,2,Bajo,0,0
EST02260,Ingeniería Civil,1,Vespertino,21,F,73.9,79.1,1,36,No,No,Medio tiempo,25,23.3,Sí,0,63.1,No,1,Medio,0,0
EST02261,Ingeniería Electromecánica,10,Matutino,24,M,68.1,87.6,1,28,No,No,No trabaja,0,12.2,Sí,2,61.5,Sí,3,Bajo,0,0
EST02262,Ingeniería Industrial,10,Matutino,22,M,52.7,89.6,6,20,No,No,Tiempo completo,46,8.6,Sí,11,67.5,No,2,Alto,1,1
EST02263,Ingeniería Mecatrónica,7,Matutino,21,M,76.4,81.0,0,33,Sí,No,Tiempo completo,47,12.7,Sí,0,66.4,Sí,3,Bajo,0,0
EST02264,Ingeniería Industrial,9,Vespertino,17,M,74.8,87.6,2,27,No,Sí,Tiempo completo,33,14.5,Sí,0,69.2,No,5,Medio,0,0
EST02265,Ingeniería Mecatrónica,9,Matutino,24,M,78.1,65.6,0,31,No,Sí,No trabaja,0,7.0,Sí,7,90.8,No,2,Bajo,0,0
EST02266,Licenciatura en Administración,5,Vespertino,19,F,72.9,68.2,1,24,Sí,No,Tiempo completo,35,13.3,No,14,43.0,Sí,1,Alto,0,1
EST02267,Ingeniería Electromecánica,7,Vespertino,20,M,58.4,99.0,2,22,Sí,No,No trabaja,0,12.3,Sí,11,79.4,No,3,Bajo,0,0
EST02268,Licenciatura en Administración,6,Matutino,22,M,76.9,81.4,3,32,No,Sí,No trabaja,0,9.3,Sí,7,76.3,No,4,Medio,0,1
EST02269,Ingeniería Industrial,8,Vespertino,21,F,73.7,69.7,2,18,No,Sí,Medio tiempo,10,8.0,Sí,10,80.7,No,1,Medio,1,0
EST02270,Ingeniería Civil,3,Matutino,18,M,79.5,73.7,0,21,No,No,Tiempo completo,43,0.5,Sí,4,66.3,No,3,Medio,0,0
EST02271,Ingeniería en Sistemas Computacionales,8,Vespertino,19,M,69.4,76.5,1,26,Sí,Sí,No trabaja,0,18.4,Sí,9,82.7,No,4,Medio,0,0
EST02272,Licenciatura en Administración,2,Vespertino,19,M,63.8,75.8,2,33,No,Sí,Tiempo completo,36,12.1,Sí,7,97.5,No,4,Medio,1,0
EST02273,Ingeniería en Sistemas Computacionales,4,Matutino,19,F,80.3,73.5,0,27,No,No,No trabaja,0,8.0,No,2,78.9,No,1,Bajo,0,0
EST02274,Ingeniería Electromecánica,7,Matutino,22,F,87.7,70.6,0,20,Sí,No,No trabaja,0,10.8,Sí,4,98.4,No,4,Bajo,0,0
EST02275,Ingeniería en Gestión Empresarial,10,Matutino,19,M,69.5,88.0,0,33,Sí,Sí,Medio tiempo,23,6.8,Sí,12,80.6,No,3,Bajo,0,0
EST02276,Licenciatura en Administración,6,Matutino,22,F,80.5,96.1,0,33,No,No,No trabaja,0,13.7,No,15,88.0,No,3,Bajo,0,0
EST02277,Ingeniería Mecatrónica,3,Vespertino,20,F,75.6,82.1,2,35,Sí,Sí,No trabaja,0,6.6,Sí,10,71.1,No,3,Medio,0,1
EST02278,Ingeniería Civil,3,Matutino,21,F,77.7,64.4,2,26,No,No,No trabaja,0,17.1,No,3,63.3,No,5,Alto,0,0
EST02279,Ingeniería en Gestión Empresarial,4,Matutino,18,M,88.2,93.0,1,22,Sí,No,No trabaja,0,4.1,Sí,9,92.0,No,4,Bajo,0,0
EST02280,Ingeniería en Sistemas Computacionales,10,Matutino,19,F,85.3,92.8,0,35,No,No,Medio tiempo,24,18.5,No,15,41.1,No,4,Medio,0,0
EST02281,Ingeniería Civil,2,Matutino,20,F,66.3,76.2,2,20,Sí,No,Medio tiempo,11,0.5,Sí,0,80.3,Sí,3,Alto,1,0
EST02282,Licenciatura en Administración,2,Matutino,19,M,81.3,90.2,0,35,No,Sí,No trabaja,0,12.2,Sí,12,76.4,Sí,3,Bajo,1,0
EST02283,Contador Público,1,Vespertino,20,M,95.8,73.7,0,25,Sí,Sí,No trabaja,0,19.1,Sí,0,89.8,No,4,Bajo,0,0
EST02284,Licenciatura en Administración,5,Matutino,19,M,83.8,96.4,3,26,No,No,No trabaja,0,11.1,Sí,15,75.1,No,5,Bajo,1,1
EST02285,Ingeniería Industrial,3,Vespertino,23,F,81.2,87.3,4,28,No,No,Medio tiempo,15,7.3,Sí,15,77.4,No,5,Medio,0,0
EST02286,Ingeniería Mecatrónica,5,Vespertino,25,M,83.9,87.1,0,31,No,Sí,Medio tiempo,25,2.4,Sí,18,87.1,Sí,4,Bajo,0,0
EST02287,Licenciatura en Administración,10,Vespertino,25,M,75.2,58.3,0,33,Sí,Sí,Tiempo completo,46,3.9,Sí,3,57.0,No,1,Bajo,0,0
EST02288,Contador Público,5,Matutino,21,F,84.9,80.4,0,31,No,No,Medio tiempo,24,9.4,No,14,85.3,No,5,Bajo,0,0
EST02289,Licenciatura en Administración,10,Matutino,23,F,75.1,51.4,0,24,No,No,Medio tiempo,22,0.5,Sí,12,87.4,Sí,2,Medio,1,0
EST02290,Ingeniería en Gestión Empresarial,1,Matutino,20,F,74.7,81.1,1,29,No,No,No trabaja,0,8.6,Sí,12,99.4,Sí,2,Bajo,0,1
EST02291,Ingeniería en Gestión Empresarial,2,Matutino,21,F,74.9,81.0,0,33,Sí,No,No trabaja,0,5.3,Sí,0,77.1,No,5,Bajo,0,0
EST02292,Licenciatura en Administración,8,Vespertino,23,F,91.0,89.0,3,28,Sí,Sí,No trabaja,0,5.2,Sí,16,92.9,No,3,Bajo,0,0
EST02293,Licenciatura en Administración,3,Vespertino,23,M,71.1,87.5,1,30,No,No,Medio tiempo,18,4.5,Sí,12,68.4,No,3,Bajo,0,0
EST02294,Ingeniería Industrial,5,Matutino,21,F,80.3,100,0,34,Sí,No,No trabaja,0,4.0,Sí,13,97.8,No,1,Bajo,0,0
EST02295,Ingeniería Mecatrónica,6,Matutino,22,F,75.3,83.4,1,29,No,No,Medio tiempo,14,15.2,Sí,6,97.0,Sí,2,Bajo,0,1
EST02296,Licenciatura en Administración,10,Matutino,24,M,67.2,74.2,0,27,Sí,No,No trabaja,0,6.5,Sí,6,100,No,2,Bajo,0,0
EST02297,Licenciatura en Administración,6,Vespertino,21,F,67.7,100,1,35,Sí,Sí,No trabaja,0,7.3,Sí,3,47.9,No,4,Bajo,0,0
EST02298,Licenciatura en Administración,1,Matutino,18,F,81.6,73.9,1,23,No,Sí,No trabaja,0,1.6,No,11,79.7,Sí,3,Medio,0,0
EST02299,Ingeniería en Gestión Empresarial,4,Matutino,22,F,64.7,98.5,2,33,No,No,No trabaja,0,3.2,Sí,1,53.1,No,1,Bajo,0,0
EST02300,Contador Público,10,Matutino,23,F,86.7,82.1,3,21,Sí,No,No trabaja,0,9.5,Sí,11,87.7,No,5,Bajo,0,0
EST02301,Ingeniería en Gestión Empresarial,6,Vespertino,21,F,71.0,77.8,1,22,No,No,No trabaja,0,14.4,Sí,9,66.6,No,2,Medio,0,0
EST02302,Licenciatura en Administración,7,Vespertino,23,M,78.1,87.3,2,22,Sí,No,Medio tiempo,22,21.7,Sí,5,71.8,Sí,2,Medio,0,0
EST02303,Ingeniería en Sistemas Computacionales,9,Vespertino,21,F,67.8,75.7,5,20,No,Sí,No trabaja,0,15.2,Sí,13,82.2,No,1,Medio,1,1
EST02304,Ingeniería en Gestión Empresarial,9,Matutino,22,F,89.2,88.4,5,32,No,No,No trabaja,0,15.8,Sí,3,74.1,No,5,Medio,0,0
EST02305,Ingeniería en Gestión Empresarial,5,Vespertino,17,F,93.9,84.6,0,18,No,No,No trabaja,0,14.4,Sí,1,66.3,No,5,Bajo,0,0
EST02306,Ingeniería en Sistemas Computacionales,5,Matutino,24,F,90.2,68.5,1,32,No,Sí,Medio tiempo,28,13.6,Sí,2,68.4,No,5,Bajo,0,0
EST02307,Ingeniería Electromecánica,7,Matutino,20,F,71.2,95.7,1,36,Sí,No,No trabaja,0,15.5,Sí,8,37.3,Sí,4,Medio,1,0
EST02308,Ingeniería en Sistemas Computacionales,9,Matutino,23,F,62.2,74.2,1,22,No,Sí,Medio tiempo,22,16.2,Sí,6,74.5,No,4,Medio,0,0
EST02309,Ingeniería Mecatrónica,8,Vespertino,21,M,87.6,76.7,1,32,No,Sí,Medio tiempo,22,1.0,No,5,57.2,No,3,Bajo,0,0
EST02310,Ingeniería en Sistemas Computacionales,1,Vespertino,18,M,79.8,99.6,0,27,No,No,Medio tiempo,16,17.9,Sí,14,77.5,No,4,Bajo,0,0
EST02311,Ingeniería en Gestión Empresarial,1,Vespertino,20,M,91.5,98.3,4,22,Sí,No,No trabaja,0,20.1,Sí,5,71.1,No,3,Bajo,0,0
EST02312,Ingeniería en Sistemas Computacionales,3,Matutino,17,M,63.9,83.1,3,36,No,No,Medio tiempo,25,3.2,Sí,13,75.6,No,1,Medio,0,1
EST02313,Ingeniería Industrial,6,Vespertino,22,F,60.3,63.6,4,21,Sí,Sí,Medio tiempo,25,14.1,Sí,7,82.2,No,1,Alto,0,0
EST02314,Contador Público,4,Vespertino,22,F,75.0,76.4,1,19,Sí,Sí,Tiempo completo,38,14.5,No,11,77.0,No,4,Medio,0,1
EST02315,Ingeniería Industrial,9,Vespertino,23,M,71.3,84.6,1,18,Sí,No,Medio tiempo,28,11.0,Sí,1,70.3,No,1,Alto,1,1
EST02316,Ingeniería Electromecánica,7,Matutino,24,M,78.8,79.7,0,27,Sí,Sí,No trabaja,0,2.7,No,12,100,No,3,Bajo,0,0
EST02317,Ingeniería Industrial,7,Vespertino,22,M,76.8,94.2,0,18,Sí,Sí,No trabaja,0,6.4,Sí,14,79.4,No,2,Bajo,0,0
EST02318,Ingeniería en Sistemas Computacionales,2,Matutino,19,M,63.3,92.0,4,33,No,No,No trabaja,0,11.3,Sí,1,77.5,No,5,Medio,1,0
EST02319,Ingeniería Electromecánica,9,Vespertino,22,M,80.8,86.0,3,26,Sí,No,No trabaja,0,16.9,Sí,19,99.5,No,3,Bajo,0,0
EST02320,Licenciatura en Administración,2,Matutino,22,F,53.2,94.7,1,34,Sí,No,No trabaja,0,14.2,Sí,7,76.5,No,2,Bajo,0,0
EST02321,Ingeniería en Sistemas Computacionales,6,Matutino,22,M,64.8,68.5,1,22,No,No,Medio tiempo,17,7.9,Sí,6,67.1,Sí,2,Alto,0,0
EST02322,Ingeniería Mecatrónica,5,Matutino,24,F,76.4,71.5,1,23,Sí,Sí,No trabaja,0,16.9,Sí,1,53.4,No,2,Medio,0,0
EST02323,Ingeniería en Sistemas Computacionales,8,Matutino,23,F,88.5,95.3,0,20,No,No,No trabaja,0,10.9,Sí,7,61.9,No,5,Bajo,0,0
EST02324,Ingeniería Electromecánica,6,Matutino,22,F,92.4,94.1,1,35,No,Sí,Medio tiempo,13,0.5,Sí,11,99.9,No,4,Bajo,0,0
EST02325,Ingeniería Industrial,7,Matutino,20,F,81.6,80.2,2,24,No,No,No trabaja,0,14.7,Sí,2,71.6,No,4,Medio,0,1
EST02326,Ingeniería Industrial,3,Vespertino,21,F,72.1,78.0,0,31,Sí,No,Tiempo completo,45,14.0,Sí,4,75.7,No,4,Bajo,0,0
EST02327,Licenciatura en Administración,3,Vespertino,21,F,73.2,87.6,0,18,No,No,No trabaja,0,16.7,Sí,10,77.0,No,2,Bajo,0,0
EST02328,Ingeniería Industrial,6,Vespertino,24,F,83.4,81.6,0,32,No,No,No trabaja,0,10.1,Sí,1,66.9,No,4,Bajo,0,1
EST02329,Ingeniería Mecatrónica,7,Matutino,19,F,84.2,70.3,2,34,No,No,No trabaja,0,20.1,Sí,9,52.1,No,1,Medio,1,0
EST02330,Licenciatura en Administración,3,Matutino,24,M,72.3,81.3,2,33,No,No,Medio tiempo,16,9.2,Sí,9,100,No,4,Medio,1,1
EST02331,Ingeniería en Sistemas Computacionales,3,Matutino,18,F,83.5,79.6,2,26,No,No,Medio tiempo,24,10.0,Sí,2,68.9,No,5,Medio,1,1
EST02332,Ingeniería en Gestión Empresarial,8,Matutino,25,F,73.1,82.5,0,34,No,No,No trabaja,0,9.5,Sí,8,85.8,No,4,Bajo,0,1
EST02333,Licenciatura en Administración,2,Vespertino,21,M,68.0,51.5,2,21,No,Sí,Tiempo completo,31,10.9,Sí,9,85.1,No,5,Medio,0,1
EST02334,Ingeniería Mecatrónica,6,Matutino,22,M,64.9,56.3,3,33,Sí,No,No trabaja,0,5.6,Sí,4,100,No,2,Medio,0,0
EST02335,Licenciatura en Administración,10,Vespertino,23,M,70.0,84.9,2,19,Sí,No,No trabaja,0,6.7,Sí,3,70.0,No,1,Medio,1,0
EST02336,Ingeniería Mecatrónica,4,Vespertino,23,F,72.2,75.5,0,21,No,No,No trabaja,0,9.4,Sí,10,80.6,No,5,Bajo,0,1
EST02337,Ingeniería Electromecánica,3,Matutino,24,M,72.6,92.1,0,30,No,No,Medio tiempo,13,17.4,Sí,6,79.6,No,4,Bajo,0,0
EST02338,Ingeniería Electromecánica,1,Matutino,19,F,76.3,84.8,0,26,No,Sí,Tiempo completo,33,1.6,Sí,9,79.7,No,5,Bajo,0,1
EST02339,Ingeniería en Gestión Empresarial,9,Vespertino,23,M,63.1,77.7,4,26,No,Sí,Medio tiempo,21,7.3,Sí,11,80.6,No,5,Alto,0,1
EST02340,Ingeniería Electromecánica,1,Matutino,19,F,65.1,74.6,6,20,No,Sí,No trabaja,0,7.6,Sí,9,90.2,No,1,Alto,1,0
EST02341,Ingeniería Civil,1,Vespertino,19,F,71.6,87.4,0,30,No,Sí,Medio tiempo,23,13.5,Sí,0,82.7,No,1,Bajo,0,0
EST02342,Ingeniería Civil,8,Vespertino,20,M,87.8,72.0,0,28,Sí,No,Medio tiempo,16,6.3,Sí,9,92.5,No,3,Bajo,0,0
EST02343,Contador Público,9,Matutino,26,M,89.9,79.2,1,32,No,Sí,Tiempo completo,37,9.4,Sí,2,61.4,No,4,Medio,1,0
EST02344,Ingeniería Industrial,3,Vespertino,20,M,71.5,91.2,2,18,Sí,Sí,Medio tiempo,27,9.6,No,13,77.8,No,3,Bajo,0,0
EST02345,Licenciatura en Administración,8,Matutino,23,M,82.6,89.2,3,18,No,No,Medio tiempo,24,13.2,No,5,100,No,3,Bajo,0,0
EST02346,Ingeniería Electromecánica,5,Vespertino,23,M,88.2,69.0,4,24,No,Sí,No trabaja,0,17.7,Sí,14,87.7,No,5,Bajo,0,0
EST02347,Ingeniería en Gestión Empresarial,6,Matutino,23,F,66.0,85.6,1,35,Sí,No,No trabaja,0,1.9,Sí,2,62.0,No,3,Medio,1,1
EST02348,Ingeniería en Sistemas Computacionales,10,Vespertino,23,F,72.7,87.5,3,25,Sí,No,Medio tiempo,14,7.1,Sí,14,76.8,No,4,Medio,0,1
EST02349,Contador Público,6,Vespertino,17,F,74.1,77.6,0,32,No,No,No trabaja,0,8.6,Sí,14,100,No,3,Bajo,0,0
EST02350,Ingeniería Civil,3,Matutino,22,F,70.4,85.6,2,21,No,No,No trabaja,0,10.7,Sí,12,100,No,4,Bajo,0,1
EST02351,Contador Público,5,Matutino,20,M,57.8,77.8,2,27,No,No,No trabaja,0,14.6,Sí,1,50.8,No,3,Alto,1,0
EST02352,Ingeniería en Gestión Empresarial,2,Vespertino,18,F,78.6,71.3,2,19,No,No,Medio tiempo,16,14.8,Sí,1,45.0,No,4,Medio,0,0
EST02353,Licenciatura en Administración,8,Vespertino,26,F,79.9,98.4,1,33,No,Sí,Tiempo completo,41,6.8,Sí,1,46.2,No,5,Bajo,0,0
EST02354,Contador Público,10,Vespertino,24,M,77.6,100,1,26,Sí,No,Medio tiempo,13,12.3,Sí,7,75.1,No,1,Bajo,0,0
EST02355,Ingeniería Civil,1,Matutino,21,F,85.8,83.5,5,24,No,No,No trabaja,0,7.5,Sí,13,94.6,Sí,4,Medio,0,0
EST02356,Ingeniería Mecatrónica,2,Matutino,21,F,88.7,78.5,2,31,No,No,No trabaja,0,10.3,Sí,6,77.1,No,5,Bajo,0,0
EST02357,Ingeniería Industrial,8,Matutino,23,F,82.1,86.7,0,36,Sí,No,No trabaja,0,10.1,Sí,11,68.2,No,1,Bajo,1,0
EST02358,Licenciatura en Administración,4,Vespertino,20,M,75.5,82.7,0,27,Sí,Sí,Medio tiempo,26,5.5,Sí,8,51.1,No,2,Bajo,0,0
EST02359,Contador Público,6,Vespertino,19,M,71.4,82.5,2,23,No,Sí,No trabaja,0,10.0,Sí,12,76.0,No,2,Medio,0,0
EST02360,Ingeniería Industrial,2,Vespertino,23,M,71.5,77.8,1,27,Sí,No,Medio tiempo,13,10.5,Sí,12,90.4,No,2,Bajo,0,0
EST02361,Contador Público,10,Vespertino,22,M,77.8,79.6,0,19,No,No,No trabaja,0,14.1,Sí,3,76.7,No,5,Bajo,1,0
EST02362,Ingeniería Electromecánica,7,Matutino,23,M,80.0,74.3,0,18,No,Sí,No trabaja,0,7.9,No,12,62.4,No,2,Bajo,1,0
EST02363,Ingeniería en Gestión Empresarial,9,Matutino,23,F,65.9,100,0,36,No,No,No trabaja,0,17.2,Sí,8,97.4,No,4,Bajo,0,0
EST02364,Ingeniería Civil,6,Matutino,19,M,69.7,83.5,2,31,Sí,Sí,Medio tiempo,20,12.0,Sí,8,70.0,No,4,Medio,1,0
EST02365,Contador Público,3,Vespertino,22,F,63.8,94.1,1,36,No,No,Medio tiempo,13,6.4,Sí,5,83.1,No,3,Bajo,0,1
EST02366,Ingeniería Electromecánica,6,Vespertino,21,F,93.9,74.9,1,35,Sí,Sí,No trabaja,0,19.5,Sí,1,73.6,No,5,Bajo,1,0
EST02367,Ingeniería Civil,1,Matutino,19,F,76.8,74.2,1,19,No,No,No trabaja,0,5.8,Sí,14,87.9,No,1,Bajo,0,0
EST02368,Ingeniería Mecatrónica,7,Vespertino,21,F,69.9,79.0,1,36,Sí,No,Medio tiempo,25,9.7,Sí,1,76.9,No,3,Medio,1,0
EST02369,Ingeniería Electromecánica,4,Vespertino,21,F,77.4,86.1,1,26,No,No,No trabaja,0,3.1,Sí,2,85.6,No,4,Bajo,0,0
EST02370,Ingeniería en Gestión Empresarial,3,Matutino,22,M,82.1,61.6,0,27,No,Sí,Tiempo completo,35,5.5,Sí,0,55.9,No,5,Medio,1,0
EST02371,Ingeniería Electromecánica,10,Matutino,26,M,53.8,82.8,2,27,No,No,Tiempo completo,46,7.1,Sí,0,52.5,No,1,Alto,0,1
EST02372,Contador Público,4,Vespertino,24,M,84.9,78.2,3,32,No,No,Tiempo completo,34,10.0,Sí,3,47.9,Sí,3,Medio,0,1
EST02373,Ingeniería Industrial,6,Matutino,21,F,65.0,69.1,0,34,No,No,Tiempo completo,39,0.5,Sí,14,76.6,No,3,Medio,0,1
EST02374,Contador Público,10,Matutino,24,F,65.5,91.3,2,30,No,No,No trabaja,0,11.2,Sí,3,83.7,No,1,Bajo,0,0
EST02375,Ingeniería Industrial,5,Matutino,24,F,60.8,85.2,2,28,Sí,Sí,Medio tiempo,26,4.0,Sí,7,79.3,No,4,Medio,0,0
EST02376,Contador Público,4,Vespertino,22,M,80.9,75.0,2,22,Sí,No,No trabaja,0,12.0,Sí,14,67.2,No,4,Bajo,0,1
EST02377,Contador Público,4,Vespertino,21,M,65.9,68.9,0,26,No,Sí,No trabaja,0,5.0,Sí,12,87.1,Sí,2,Bajo,0,1
EST02378,Ingeniería Industrial,8,Vespertino,19,F,78.3,67.7,0,20,Sí,No,Tiempo completo,45,10.9,Sí,5,82.9,No,5,Bajo,0,0
EST02379,Ingeniería en Sistemas Computacionales,8,Matutino,20,M,81.7,90.9,1,32,Sí,No,No trabaja,0,5.6,Sí,7,77.3,No,3,Bajo,0,0
EST02380,Contador Público,7,Matutino,22,F,70.5,68.8,0,18,No,Sí,Medio tiempo,14,8.8,Sí,6,91.7,No,2,Bajo,0,0
EST02381,Licenciatura en Administración,4,Vespertino,25,F,89.5,79.5,2,34,Sí,No,Medio tiempo,28,4.9,Sí,2,54.1,Sí,2,Medio,0,0
EST02382,Ingeniería Mecatrónica,7,Vespertino,21,M,74.2,92.2,3,23,No,No,Medio tiempo,24,5.6,Sí,10,100,Sí,4,Bajo,0,0
EST02383,Ingeniería Mecatrónica,4,Matutino,24,F,68.6,71.7,2,31,Sí,No,Medio tiempo,15,9.6,Sí,5,87.6,Sí,4,Alto,0,1
EST02384,Ingeniería Industrial,7,Matutino,23,F,69.5,79.9,5,19,No,No,Medio tiempo,15,23.2,Sí,8,62.1,Sí,2,Alto,0,1
EST02385,Ingeniería Electromecánica,9,Matutino,24,F,78.7,54.7,0,36,No,No,No trabaja,0,8.8,Sí,1,87.4,No,4,Bajo,1,0
EST02386,Ingeniería Industrial,4,Matutino,17,M,81.2,77.1,0,33,Sí,Sí,Medio tiempo,15,12.3,Sí,0,94.8,No,3,Bajo,0,0
EST02387,Ingeniería Electromecánica,5,Matutino,24,M,71.4,74.2,2,32,No,Sí,No trabaja,0,4.2,Sí,13,85.9,No,3,Medio,0,0
EST02388,Contador Público,1,Matutino,25,M,79.5,59.2,0,34,No,No,No trabaja,0,9.2,Sí,7,100,No,4,Bajo,0,0
EST02389,Ingeniería Civil,4,Vespertino,23,M,73.3,53.3,1,27,No,No,Medio tiempo,28,8.8,Sí,0,62.4,No,5,Alto,1,1
EST02390,Ingeniería Mecatrónica,8,Matutino,24,F,89.5,80.9,0,26,No,No,No trabaja,0,16.4,Sí,12,67.8,No,5,Bajo,0,0
EST02391,Ingeniería en Gestión Empresarial,3,Matutino,24,F,74.6,73.7,3,33,Sí,No,No trabaja,0,14.6,Sí,1,80.9,No,3,Medio,0,0
EST02392,Ingeniería en Sistemas Computacionales,8,Matutino,22,M,74.6,100,5,36,No,No,No trabaja,0,2.4,Sí,3,53.9,Sí,1,Medio,1,1
EST02393,Ingeniería en Gestión Empresarial,2,Vespertino,19,F,52.3,75.9,1,32,No,No,Tiempo completo,36,0.5,Sí,1,75.3,No,2,Alto,1,0
EST02394,Ingeniería Industrial,10,Vespertino,22,M,84.1,75.9,1,34,Sí,No,No trabaja,0,1.6,Sí,12,76.4,No,2,Bajo,0,0
EST02395,Ingeniería en Sistemas Computacionales,7,Matutino,27,M,86.2,87.9,0,36,No,No,Medio tiempo,16,11.9,Sí,13,66.4,No,5,Bajo,0,0
EST02396,Contador Público,5,Vespertino,23,F,53.3,93.8,4,18,No,Sí,Medio tiempo,12,1.9,Sí,8,81.7,Sí,2,Medio,0,1
EST02397,Ingeniería Civil,1,Matutino,22,F,69.7,59.4,3,25,Sí,No,No trabaja,0,17.3,Sí,1,70.3,No,1,Medio,0,1
EST02398,Ingeniería Mecatrónica,7,Vespertino,20,M,70.8,83.6,0,24,No,No,No trabaja,0,11.1,Sí,4,100,No,5,Bajo,0,0
EST02399,Ingeniería en Sistemas Computacionales,10,Vespertino,23,M,78.4,73.9,0,22,No,No,Medio tiempo,26,4.8,Sí,12,58.6,No,3,Medio,1,1
EST02400,Ingeniería en Sistemas Computacionales,9,Matutino,23,F,83.9,83.4,2,24,No,No,No trabaja,0,9.5,Sí,4,97.8,No,1,Bajo,1,0
EST02401,Ingeniería Mecatrónica,6,Matutino,21,F,67.1,67.7,1,27,No,No,No trabaja,0,6.4,Sí,14,73.8,No,3,Medio,0,0
EST02402,Ingeniería Mecatrónica,5,Vespertino,22,M,61.0,69.9,0,30,Sí,No,Tiempo completo,32,0.5,Sí,7,38.9,No,4,Alto,1,0
EST02403,Ingeniería Mecatrónica,6,Matutino,24,M,90.8,76.1,2,35,Sí,Sí,Medio tiempo,12,5.0,No,6,78.4,No,2,Bajo,0,1
EST02404,Licenciatura en Administración,2,Matutino,21,M,86.1,100,0,21,No,No,No trabaja,0,14.8,Sí,8,92.3,No,5,Bajo,0,0
EST02405,Ingeniería Mecatrónica,9,Matutino,24,M,79.6,90.3,0,23,No,No,Medio tiempo,23,14.7,Sí,4,100,No,5,Bajo,0,1
EST02406,Ingeniería en Gestión Empresarial,7,Vespertino,20,F,61.3,77.6,1,31,Sí,No,Medio tiempo,22,8.0,Sí,12,75.9,No,1,Medio,1,0
EST02407,Ingeniería Electromecánica,6,Matutino,21,F,62.2,89.4,3,23,Sí,No,No trabaja,0,7.1,Sí,14,68.9,No,5,Alto,1,1
EST02408,Ingeniería Mecatrónica,6,Matutino,25,F,81.0,66.2,0,18,Sí,No,Tiempo completo,35,2.2,Sí,0,56.2,No,3,Medio,0,1
EST02409,Contador Público,8,Vespertino,19,M,69.4,87.7,2,18,No,Sí,No trabaja,0,8.0,Sí,9,100,No,1,Bajo,0,0
EST02410,Ingeniería Industrial,8,Vespertino,22,M,77.9,99.1,0,20,No,No,No trabaja,0,10.0,Sí,9,73.8,No,3,Bajo,0,0
EST02411,Ingeniería Electromecánica,2,Vespertino,17,F,78.8,93.3,0,33,No,Sí,Medio tiempo,22,4.3,Sí,14,97.5,No,5,Bajo,0,0
EST02412,Ingeniería en Sistemas Computacionales,6,Vespertino,21,F,64.4,85.1,0,19,No,Sí,Medio tiempo,18,10.0,Sí,13,80.9,No,1,Bajo,1,0
EST02413,Ingeniería en Gestión Empresarial,10,Vespertino,24,M,72.8,91.0,2,24,No,No,No trabaja,0,11.3,Sí,9,69.2,No,4,Bajo,0,1
EST02414,Contador Público,9,Matutino,21,F,76.4,77.7,0,33,No,No,Medio tiempo,26,5.2,Sí,8,83.1,No,3,Bajo,0,0
EST02415,Ingeniería en Gestión Empresarial,1,Vespertino,24,M,69.6,81.6,1,23,No,No,Medio tiempo,27,11.5,Sí,11,78.2,No,3,Medio,0,1
EST02416,Licenciatura en Administración,3,Vespertino,17,M,74.6,82.4,0,29,Sí,Sí,Medio tiempo,22,12.8,Sí,12,79.2,No,5,Bajo,0,0
EST02417,Ingeniería Industrial,7,Vespertino,27,F,81.3,64.4,0,28,Sí,No,No trabaja,0,3.3,Sí,13,65.6,No,5,Bajo,0,0
EST02418,Ingeniería Industrial,5,Matutino,20,M,85.3,59.8,0,18,No,No,No trabaja,0,4.4,Sí,12,70.3,No,5,Bajo,0,0
EST02419,Ingeniería Industrial,1,Matutino,24,F,60.0,95.5,2,26,Sí,Sí,No trabaja,0,10.6,No,9,98.1,Sí,4,Bajo,0,1
EST02420,Ingeniería en Gestión Empresarial,8,Vespertino,22,M,80.9,91.6,1,36,No,Sí,Tiempo completo,35,11.8,Sí,7,89.8,No,2,Bajo,0,0
EST02421,Ingeniería Electromecánica,3,Matutino,21,F,58.5,89.4,2,18,No,No,Medio tiempo,25,10.3,Sí,4,100,No,4,Bajo,1,0
EST02422,Ingeniería en Sistemas Computacionales,8,Matutino,23,F,74.8,95.6,3,27,Sí,No,No trabaja,0,10.8,Sí,0,91.3,No,2,Bajo,0,0
EST02423,Contador Público,7,Matutino,23,M,73.8,87.7,1,31,Sí,No,Medio tiempo,16,7.1,Sí,5,73.2,No,5,Bajo,1,1
EST02424,Ingeniería Industrial,5,Vespertino,22,M,72.5,89.2,2,19,Sí,No,Medio tiempo,17,11.8,Sí,9,100,No,5,Bajo,0,0
EST02425,Ingeniería Electromecánica,6,Matutino,22,F,87.9,84.1,0,31,Sí,No,No trabaja,0,6.7,Sí,4,86.9,No,4,Bajo,0,0
EST02426,Ingeniería en Sistemas Computacionales,5,Vespertino,18,M,70.6,81.3,0,28,No,Sí,No trabaja,0,6.9,Sí,11,56.5,No,3,Bajo,0,0
EST02427,Licenciatura en Administración,5,Vespertino,22,F,76.6,70.2,2,31,No,No,No trabaja,0,2.8,Sí,13,100,No,5,Bajo,0,0
EST02428,Ingeniería en Gestión Empresarial,3,Matutino,19,F,86.8,83.4,0,27,No,No,Tiempo completo,48,15.3,Sí,11,100,No,3,Bajo,0,0
EST02429,Licenciatura en Administración,4,Matutino,17,F,80.7,77.2,2,27,No,No,Medio tiempo,14,11.4,Sí,7,84.1,No,2,Medio,0,1
EST02430,Ingeniería en Sistemas Computacionales,2,Vespertino,22,M,52.4,80.6,3,35,Sí,No,No trabaja,0,5.2,No,2,90.1,Sí,2,Alto,0,0
EST02431,Ingeniería en Sistemas Computacionales,5,Vespertino,21,F,75.8,81.4,0,18,Sí,No,Medio tiempo,11,10.6,Sí,8,100,No,2,Bajo,0,0
EST02432,Licenciatura en Administración,6,Vespertino,23,M,72.0,66.0,3,27,No,No,No trabaja,0,13.6,Sí,9,89.4,Sí,3,Alto,0,1
EST02433,Licenciatura en Administración,3,Vespertino,21,M,70.4,85.6,0,24,No,Sí,No trabaja,0,4.4,Sí,1,88.5,No,1,Bajo,0,1
EST02434,Ingeniería Civil,6,Vespertino,23,F,62.0,82.3,1,20,No,Sí,No trabaja,0,4.5,Sí,5,75.9,No,2,Bajo,0,0
EST02435,Ingeniería en Gestión Empresarial,8,Vespertino,23,M,85.1,72.1,4,30,No,No,No trabaja,0,20.9,Sí,14,52.1,No,4,Medio,0,0
EST02436,Ingeniería en Gestión Empresarial,4,Matutino,19,M,68.1,69.1,2,31,Sí,No,Tiempo completo,33,1.7,Sí,0,63.4,No,3,Alto,0,1
EST02437,Ingeniería Industrial,1,Vespertino,23,F,80.9,81.2,1,18,Sí,No,Medio tiempo,22,4.4,Sí,1,71.2,No,4,Bajo,1,1
EST02438,Ingeniería Mecatrónica,7,Matutino,21,M,90.3,88.3,5,21,No,No,No trabaja,0,4.6,Sí,17,80.2,No,4,Bajo,0,1
EST02439,Contador Público,9,Matutino,22,M,71.4,78.7,0,33,No,No,Medio tiempo,12,0.5,Sí,2,59.5,Sí,2,Medio,0,1
EST02440,Ingeniería en Sistemas Computacionales,4,Vespertino,18,F,88.5,83.2,0,19,No,No,No trabaja,0,8.6,No,4,89.6,No,2,Bajo,0,0
EST02441,Contador Público,8,Matutino,21,M,85.5,79.5,0,35,Sí,Sí,Medio tiempo,16,2.7,Sí,1,76.5,No,3,Bajo,0,0
EST02442,Ingeniería Electromecánica,2,Matutino,18,F,73.0,89.5,2,36,Sí,No,Tiempo completo,38,18.0,Sí,6,71.9,No,4,Medio,0,0
EST02443,Ingeniería Electromecánica,9,Matutino,23,F,72.5,73.5,0,27,Sí,No,Medio tiempo,24,0.5,Sí,2,76.0,No,3,Medio,1,0
EST02444,Ingeniería en Sistemas Computacionales,7,Vespertino,23,F,77.8,91.9,3,21,No,Sí,No trabaja,0,6.8,Sí,9,96.6,No,3,Bajo,0,0
EST02445,Ingeniería en Sistemas Computacionales,9,Matutino,24,M,71.9,73.0,0,29,No,No,No trabaja,0,9.4,Sí,2,77.5,No,1,Bajo,0,0
EST02446,Ingeniería Mecatrónica,5,Vespertino,17,F,70.1,89.5,0,32,Sí,No,No trabaja,0,7.0,Sí,6,80.9,No,2,Bajo,0,0
EST02447,Ingeniería Civil,8,Matutino,20,M,96.3,76.6,1,24,No,Sí,Medio tiempo,14,19.5,Sí,4,100,Sí,2,Bajo,0,0
EST02448,Ingeniería en Gestión Empresarial,4,Vespertino,18,F,70.4,94.9,0,36,Sí,Sí,No trabaja,0,16.3,Sí,12,92.6,No,1,Bajo,0,0
EST02449,Ingeniería Industrial,10,Vespertino,19,F,78.1,89.9,0,33,Sí,Sí,Medio tiempo,19,5.8,Sí,13,77.2,No,3,Bajo,0,1
EST02450,Contador Público,2,Vespertino,22,F,85.1,88.5,2,30,No,No,Medio tiempo,15,7.1,Sí,10,86.2,No,5,Bajo,0,0
EST02451,Ingeniería Industrial,2,Vespertino,24,M,82.7,87.6,6,33,No,Sí,No trabaja,0,0.5,Sí,16,100,No,3,Bajo,0,0
EST02452,Ingeniería Civil,9,Matutino,23,F,70.9,88.2,0,35,Sí,Sí,Medio tiempo,16,14.7,Sí,11,91.3,Sí,3,Bajo,0,0
EST02453,Contador Público,1,Vespertino,18,M,75.4,77.4,4,26,Sí,Sí,Medio tiempo,23,6.3,Sí,6,63.6,No,5,Medio,0,0
EST02454,Ingeniería Mecatrónica,6,Matutino,22,M,65.1,72.8,2,20,No,No,Medio tiempo,17,6.7,No,1,62.5,No,3,Medio,1,0
EST02455,Ingeniería en Gestión Empresarial,9,Vespertino,25,F,68.0,88.3,2,30,No,No,No trabaja,0,0.5,Sí,7,100,No,1,Bajo,0,0
EST02456,Ingeniería Industrial,6,Matutino,21,M,80.9,85.7,2,36,No,No,No trabaja,0,1.5,Sí,17,70.0,No,3,Bajo,0,0
EST02457,Ingeniería Electromecánica,3,Vespertino,22,M,81.2,73.5,3,34,No,Sí,No trabaja,0,10.5,Sí,12,99.1,Sí,2,Bajo,0,0
EST02458,Licenciatura en Administración,8,Vespertino,22,F,73.9,86.7,3,22,No,Sí,No trabaja,0,11.5,Sí,5,80.8,No,2,Medio,0,0
EST02459,Ingeniería Mecatrónica,7,Matutino,24,F,74.9,98.9,1,32,No,No,No trabaja,0,12.2,Sí,3,56.6,No,1,Medio,1,0
EST02460,Ingeniería Mecatrónica,4,Vespertino,19,M,74.9,100,1,27,Sí,No,No trabaja,0,6.0,Sí,2,77.3,Sí,4,Bajo,0,0
EST02461,Ingeniería en Gestión Empresarial,1,Vespertino,21,M,64.5,87.3,4,19,No,Sí,No trabaja,0,11.7,No,7,100,No,2,Medio,0,1
EST02462,Licenciatura en Administración,5,Vespertino,25,F,69.7,76.3,6,30,No,No,Medio tiempo,18,6.8,Sí,1,57.2,No,5,Alto,1,0
EST02463,Ingeniería en Gestión Empresarial,9,Vespertino,23,M,94.7,75.6,1,24,Sí,No,Medio tiempo,16,12.2,Sí,11,100,No,4,Bajo,0,0
EST02464,Ingeniería Industrial,6,Vespertino,24,M,72.8,77.1,0,31,Sí,No,Tiempo completo,36,1.7,Sí,14,57.5,No,4,Medio,0,1
EST02465,Contador Público,6,Vespertino,21,M,82.8,98.7,1,21,Sí,No,No trabaja,0,13.6,Sí,12,89.3,No,4,Bajo,0,0
EST02466,Ingeniería Electromecánica,3,Matutino,23,F,65.8,77.6,3,33,No,No,Tiempo completo,39,11.4,Sí,11,76.9,No,2,Medio,0,0
EST02467,Ingeniería Mecatrónica,10,Matutino,24,F,88.5,73.3,1,28,Sí,No,No trabaja,0,7.5,Sí,11,100,No,4,Bajo,0,0
EST02468,Ingeniería Civil,10,Matutino,22,M,78.3,71.3,1,18,No,No,Medio tiempo,19,8.0,Sí,3,82.4,No,2,Bajo,0,0
EST02469,Ingeniería Civil,7,Matutino,20,M,85.2,69.7,2,35,Sí,No,No trabaja,0,22.6,Sí,1,65.7,No,3,Bajo,0,0
EST02470,Ingeniería Mecatrónica,3,Matutino,23,M,95.8,89.7,1,34,No,No,Medio tiempo,26,12.2,Sí,16,72.0,No,2,Bajo,0,0
EST02471,Ingeniería en Gestión Empresarial,5,Vespertino,17,F,82.4,100,0,22,Sí,Sí,Medio tiempo,19,7.7,Sí,11,94.2,No,5,Bajo,0,0
EST02472,Ingeniería Electromecánica,8,Vespertino,24,F,86.9,88.3,0,20,Sí,No,No trabaja,0,10.1,Sí,13,80.9,No,5,Bajo,0,0
EST02473,Ingeniería Civil,5,Matutino,25,F,71.4,70.1,0,35,Sí,Sí,Tiempo completo,39,10.8,Sí,14,89.6,No,5,Bajo,0,0
EST02474,Contador Público,2,Vespertino,23,M,70.1,100,2,35,No,No,Medio tiempo,28,5.2,Sí,0,85.4,Sí,1,Bajo,0,0
EST02475,Ingeniería Mecatrónica,6,Matutino,22,F,84.3,78.7,0,34,No,No,No trabaja,0,14.8,Sí,0,53.3,No,3,Medio,0,0
EST02476,Licenciatura en Administración,1,Vespertino,18,M,76.9,86.3,0,18,No,No,Medio tiempo,12,2.8,No,13,65.7,No,3,Medio,0,0
EST02477,Ingeniería Mecatrónica,3,Vespertino,20,F,84.7,88.2,0,25,No,No,No trabaja,0,13.2,Sí,11,90.0,No,1,Bajo,1,0
EST02478,Ingeniería Electromecánica,2,Vespertino,19,F,81.4,86.6,0,26,Sí,No,No trabaja,0,9.3,Sí,15,76.1,No,3,Bajo,0,0
EST02479,Ingeniería Electromecánica,6,Vespertino,20,M,80.6,77.6,3,28,No,Sí,Medio tiempo,17,10.4,Sí,1,55.6,No,3,Medio,0,0
EST02480,Contador Público,3,Matutino,18,F,76.7,69.2,0,24,No,No,Medio tiempo,18,17.8,No,6,80.5,No,3,Bajo,0,0
EST02481,Ingeniería en Sistemas Computacionales,3,Matutino,23,M,81.7,79.9,1,20,Sí,No,No trabaja,0,9.5,Sí,2,92.2,Sí,5,Bajo,0,0
EST02482,Ingeniería Industrial,5,Vespertino,22,F,84.5,80.5,0,32,No,No,Medio tiempo,11,11.4,Sí,12,76.4,Sí,5,Bajo,0,0
EST02483,Ingeniería Civil,2,Vespertino,21,M,82.8,69.8,0,21,No,Sí,No trabaja,0,4.1,Sí,5,100,No,2,Bajo,0,0
EST02484,Ingeniería Mecatrónica,5,Matutino,24,F,80.3,80.7,0,19,No,Sí,No trabaja,0,3.8,Sí,2,76.2,Sí,3,Bajo,0,0
EST02485,Licenciatura en Administración,8,Vespertino,26,M,79.2,75.9,0,22,No,No,No trabaja,0,0.5,Sí,11,76.6,No,2,Bajo,0,0
EST02486,Ingeniería Electromecánica,8,Vespertino,19,M,63.2,70.7,0,29,No,No,Medio tiempo,23,0.5,Sí,7,92.6,No,2,Medio,0,0
EST02487,Ingeniería Civil,1,Vespertino,20,F,69.0,66.4,4,21,No,No,No trabaja,0,17.2,No,10,88.9,Sí,2,Alto,0,1
EST02488,Ingeniería Industrial,1,Matutino,19,M,66.3,81.5,1,26,No,Sí,No trabaja,0,7.6,No,11,81.0,No,4,Bajo,0,0
EST02489,Ingeniería Electromecánica,8,Vespertino,23,F,80.2,81.6,0,28,No,Sí,Tiempo completo,47,8.2,Sí,8,79.5,No,5,Bajo,0,0
EST02490,Ingeniería Electromecánica,7,Matutino,21,M,75.2,85.1,4,23,Sí,No,No trabaja,0,13.1,Sí,3,71.3,No,5,Bajo,0,0
EST02491,Ingeniería Mecatrónica,8,Vespertino,24,M,83.3,97.8,0,21,No,Sí,Medio tiempo,15,10.0,Sí,14,77.9,No,1,Bajo,0,0
EST02492,Ingeniería Electromecánica,4,Matutino,18,M,65.7,72.7,2,24,No,No,Tiempo completo,31,10.1,Sí,2,67.9,No,3,Alto,1,1
EST02493,Licenciatura en Administración,5,Vespertino,23,M,78.5,62.4,0,35,Sí,No,No trabaja,0,17.9,Sí,4,100,No,3,Bajo,0,0
EST02494,Ingeniería en Sistemas Computacionales,8,Vespertino,21,F,74.2,70.4,0,18,No,No,Medio tiempo,23,7.7,Sí,13,100,No,3,Bajo,0,0
EST02495,Licenciatura en Administración,7,Vespertino,24,F,62.5,86.4,1,29,No,No,Tiempo completo,30,2.8,Sí,3,62.2,No,2,Medio,0,0
EST02496,Ingeniería en Sistemas Computacionales,10,Vespertino,19,M,79.4,91.2,0,30,Sí,No,No trabaja,0,6.9,Sí,5,97.4,No,4,Bajo,0,0
EST02497,Contador Público,7,Vespertino,23,F,84.3,73.3,0,24,No,No,No trabaja,0,23.3,Sí,10,72.5,No,2,Bajo,0,0
EST02498,Ingeniería Electromecánica,8,Matutino,20,M,82.9,83.4,4,35,No,No,Tiempo completo,35,15.3,Sí,10,98.9,Sí,3,Bajo,0,1
EST02499,Ingeniería Industrial,7,Vespertino,21,F,90.0,83.0,2,27,Sí,No,No trabaja,0,10.4,Sí,7,81.7,No,4,Bajo,0,0
EST02500,Ingeniería en Gestión Empresarial,7,Vespertino,19,F,65.1,77.3,0,19,No,Sí,No trabaja,0,3.6,Sí,9,48.5,No,2,Medio,0,0
EST02501,Ingeniería Industrial,8,Vespertino,22,M,81.1,69.8,0,36,No,No,Tiempo completo,37,0.5,Sí,7,82.5,Sí,5,Medio,0,0
EST02502,Ingeniería en Gestión Empresarial,4,Vespertino,19,M,73.6,67.8,3,23,No,Sí,Medio tiempo,10,21.2,Sí,13,67.5,No,5,Medio,0,1
EST02503,Contador Público,3,Matutino,18,F,76.8,72.5,2,25,No,No,Medio tiempo,27,6.8,Sí,6,83.7,No,4,Medio,0,1
EST02504,Ingeniería en Gestión Empresarial,6,Vespertino,22,M,74.3,82.0,1,22,No,Sí,No trabaja,0,9.1,Sí,10,99.4,No,5,Bajo,0,1
EST02505,Ingeniería en Gestión Empresarial,8,Vespertino,24,M,85.7,75.8,3,35,Sí,Sí,No trabaja,0,14.1,Sí,2,78.3,No,1,Bajo,0,0
EST02506,Contador Público,6,Matutino,18,M,94.3,81.0,0,24,No,No,No trabaja,0,10.9,Sí,8,89.1,No,3,Bajo,0,0
EST02507,Ingeniería Electromecánica,1,Matutino,21,F,54.8,92.8,2,24,No,No,No trabaja,0,14.6,Sí,9,71.7,Sí,3,Medio,0,0
EST02508,Ingeniería en Gestión Empresarial,1,Vespertino,19,F,82.2,71.5,0,26,No,No,No trabaja,0,12.3,Sí,1,46.4,No,3,Medio,0,0
EST02509,Ingeniería Industrial,1,Matutino,24,M,75.1,85.5,0,31,Sí,No,No trabaja,0,2.9,Sí,2,73.2,No,1,Bajo,0,0
EST02510,Ingeniería Industrial,3,Vespertino,24,M,77.1,90.8,2,36,Sí,No,No trabaja,0,7.5,Sí,1,83.5,No,1,Bajo,0,0
EST02511,Ingeniería Industrial,8,Vespertino,21,F,79.9,63.5,2,29,No,No,No trabaja,0,17.6,No,7,100,No,1,Alto,1,0
EST02512,Ingeniería Electromecánica,4,Matutino,19,F,66.5,76.4,1,31,No,No,No trabaja,0,11.8,No,11,81.6,No,5,Medio,0,0
EST02513,Ingeniería Industrial,1,Vespertino,20,F,80.9,83.1,5,35,No,No,Medio tiempo,17,11.0,Sí,7,64.7,Sí,5,Alto,0,1
EST02514,Ingeniería en Gestión Empresarial,8,Matutino,19,M,70.1,93.4,0,36,No,No,No trabaja,0,22.1,Sí,0,72.3,No,5,Medio,0,1
EST02515,Ingeniería en Sistemas Computacionales,1,Vespertino,21,F,76.3,69.7,1,27,No,No,No trabaja,0,6.4,Sí,1,72.0,No,4,Bajo,0,0
EST02516,Ingeniería en Sistemas Computacionales,9,Vespertino,21,F,71.9,98.2,0,27,No,No,Tiempo completo,38,13.4,Sí,5,88.0,No,5,Bajo,0,0
EST02517,Licenciatura en Administración,7,Matutino,21,F,56.3,90.5,2,30,No,Sí,No trabaja,0,10.1,Sí,7,80.5,No,5,Medio,1,1
EST02518,Licenciatura en Administración,7,Vespertino,24,M,80.6,76.7,0,23,No,Sí,No trabaja,0,13.6,Sí,11,74.3,No,4,Bajo,0,0
EST02519,Licenciatura en Administración,1,Matutino,22,F,91.1,86.8,2,19,Sí,Sí,Medio tiempo,14,14.2,Sí,13,98.1,No,4,Bajo,0,0
EST02520,Ingeniería en Gestión Empresarial,4,Vespertino,20,M,73.5,75.1,1,25,Sí,No,Medio tiempo,24,11.8,No,14,96.2,Sí,5,Bajo,0,1
EST02521,Ingeniería Electromecánica,9,Vespertino,24,M,63.0,70.9,5,21,Sí,Sí,Medio tiempo,13,0.5,Sí,11,92.5,No,4,Medio,0,1
EST02522,Contador Público,7,Vespertino,21,M,64.3,75.2,1,26,Sí,Sí,Medio tiempo,16,0.5,Sí,3,47.9,No,2,Medio,0,1
EST02523,Licenciatura en Administración,5,Vespertino,24,M,91.6,64.7,4,19,No,No,No trabaja,0,10.9,Sí,0,62.2,No,5,Alto,0,1
EST02524,Ingeniería Electromecánica,10,Vespertino,23,M,68.0,79.9,1,21,No,No,No trabaja,0,0.5,Sí,8,79.6,No,1,Bajo,0,0
EST02525,Ingeniería en Gestión Empresarial,4,Matutino,17,F,75.9,100,0,22,No,Sí,No trabaja,0,6.4,No,9,88.7,No,2,Bajo,0,0
EST02526,Ingeniería en Gestión Empresarial,10,Matutino,23,F,63.8,71.7,0,31,Sí,No,Tiempo completo,34,5.8,Sí,4,77.1,Sí,5,Medio,0,0
EST02527,Licenciatura en Administración,5,Vespertino,19,M,89.2,80.1,3,33,Sí,No,No trabaja,0,21.6,Sí,14,61.0,No,1,Medio,0,1
EST02528,Licenciatura en Administración,2,Vespertino,18,F,90.4,87.5,4,27,Sí,No,No trabaja,0,1.1,Sí,6,86.4,No,3,Bajo,0,0
EST02529,Ingeniería Civil,5,Matutino,20,M,77.7,86.9,1,31,No,Sí,Medio tiempo,12,11.8,Sí,7,75.4,No,2,Bajo,0,0
EST02530,Ingeniería Civil,7,Matutino,24,F,84.8,95.8,1,18,No,No,Medio tiempo,26,30.0,Sí,9,92.9,Sí,3,Bajo,0,0
EST02531,Ingeniería en Sistemas Computacionales,3,Vespertino,20,F,94.0,98.0,0,28,No,No,No trabaja,0,4.9,Sí,14,81.0,No,2,Bajo,0,0
EST02532,Contador Público,5,Vespertino,20,F,76.8,78.2,0,20,Sí,Sí,No trabaja,0,2.7,Sí,2,69.6,No,5,Bajo,0,0
EST02533,Contador Público,1,Vespertino,17,F,70.6,60.4,3,31,No,No,Tiempo completo,38,15.7,Sí,1,72.4,No,3,Alto,1,1
EST02534,Ingeniería en Sistemas Computacionales,3,Vespertino,21,M,82.7,86.0,0,22,No,No,No trabaja,0,6.3,Sí,10,71.6,No,3,Bajo,1,0
EST02535,Ingeniería Civil,1,Matutino,18,M,79.9,87.1,2,24,No,No,Tiempo completo,30,10.9,Sí,7,64.3,No,2,Medio,1,0
EST02536,Ingeniería en Gestión Empresarial,3,Vespertino,21,M,80.0,95.1,0,21,Sí,No,No trabaja,0,5.3,Sí,11,67.2,Sí,1,Bajo,0,0
EST02537,Ingeniería en Gestión Empresarial,8,Vespertino,20,F,77.9,76.4,2,27,No,No,Medio tiempo,11,0.5,Sí,8,58.4,No,2,Medio,1,1
EST02538,Contador Público,9,Vespertino,22,F,84.2,77.0,2,35,No,Sí,No trabaja,0,8.8,No,14,68.8,Sí,3,Alto,1,1
EST02539,Ingeniería Mecatrónica,9,Matutino,22,M,74.5,87.9,0,22,No,No,No trabaja,0,2.0,Sí,3,61.8,No,5,Bajo,0,0
EST02540,Ingeniería Civil,8,Vespertino,25,F,89.0,100,1,36,No,No,No trabaja,0,5.9,Sí,9,70.4,No,1,Bajo,0,0
EST02541,Licenciatura en Administración,1,Matutino,20,F,89.4,85.0,0,28,No,No,Medio tiempo,10,14.2,Sí,10,80.7,No,4,Bajo,0,0
EST02542,Ingeniería Civil,3,Matutino,24,F,67.1,92.5,1,34,No,Sí,No trabaja,0,5.3,Sí,1,69.3,No,4,Medio,0,0
EST02543,Ingeniería Industrial,8,Matutino,27,M,64.9,72.5,2,27,No,No,Tiempo completo,47,5.1,No,4,67.5,No,1,Alto,1,0
EST02544,Ingeniería en Gestión Empresarial,9,Vespertino,24,M,67.6,92.5,3,30,Sí,Sí,Medio tiempo,12,0.5,Sí,0,54.0,No,3,Medio,0,0
EST02545,Ingeniería Industrial,8,Matutino,21,F,49.4,81.4,3,33,Sí,No,Tiempo completo,39,1.5,Sí,1,74.6,No,1,Medio,0,1
EST02546,Ingeniería Mecatrónica,2,Vespertino,20,M,76.3,100,0,27,No,No,No trabaja,0,14.6,Sí,13,84.6,No,5,Bajo,0,0
EST02547,Ingeniería Electromecánica,6,Vespertino,23,M,61.5,63.0,2,34,Sí,Sí,Tiempo completo,44,5.4,Sí,14,70.8,No,3,Alto,0,0
EST02548,Ingeniería en Gestión Empresarial,7,Matutino,21,M,67.6,87.7,3,29,No,Sí,Medio tiempo,25,7.5,Sí,6,74.2,Sí,5,Alto,0,1
EST02549,Ingeniería en Gestión Empresarial,6,Matutino,21,F,84.7,77.0,0,26,Sí,No,Tiempo completo,48,16.9,Sí,0,69.5,No,3,Bajo,0,0
EST02550,Contador Público,8,Matutino,23,F,80.7,83.0,2,23,Sí,No,No trabaja,0,2.5,Sí,6,52.5,No,2,Bajo,0,1
EST02551,Ingeniería en Gestión Empresarial,9,Vespertino,24,M,73.7,71.6,1,36,No,Sí,Tiempo completo,48,14.6,Sí,4,68.3,No,4,Medio,0,0
EST02552,Ingeniería Industrial,6,Matutino,25,M,82.1,86.4,2,34,No,Sí,No trabaja,0,9.1,Sí,12,76.1,No,2,Bajo,0,0
EST02553,Ingeniería en Sistemas Computacionales,7,Vespertino,21,M,72.0,80.8,0,27,No,No,Medio tiempo,19,0.7,Sí,0,53.5,No,2,Bajo,0,1
EST02554,Ingeniería en Gestión Empresarial,1,Vespertino,21,M,85.6,92.0,0,21,Sí,No,Medio tiempo,10,3.5,Sí,11,90.0,No,5,Bajo,0,0
EST02555,Contador Público,6,Matutino,22,F,80.0,74.9,0,22,No,No,No trabaja,0,0.5,Sí,13,91.1,No,1,Bajo,0,0
EST02556,Ingeniería Civil,1,Vespertino,23,M,74.6,83.3,0,18,No,Sí,Medio tiempo,28,10.2,Sí,12,71.9,No,3,Bajo,1,0
EST02557,Ingeniería Electromecánica,4,Vespertino,19,M,74.9,82.7,5,36,No,No,Medio tiempo,22,18.9,Sí,9,77.2,No,5,Alto,0,1
EST02558,Contador Público,2,Matutino,20,F,85.3,82.2,1,19,No,No,No trabaja,0,5.8,Sí,5,69.7,No,1,Bajo,0,0
EST02559,Ingeniería en Sistemas Computacionales,10,Matutino,23,F,85.8,69.3,0,19,Sí,No,No trabaja,0,17.4,Sí,8,78.7,No,5,Bajo,0,1
EST02560,Ingeniería en Gestión Empresarial,7,Vespertino,24,F,76.0,68.6,5,34,Sí,Sí,No trabaja,0,3.9,Sí,0,87.8,No,3,Medio,0,0
EST02561,Ingeniería Mecatrónica,3,Matutino,20,M,60.2,93.0,1,36,No,No,No trabaja,0,12.7,Sí,11,85.2,No,4,Bajo,0,0
EST02562,Ingeniería Electromecánica,9,Vespertino,24,F,75.2,90.0,0,33,Sí,No,No trabaja,0,10.6,Sí,5,78.4,No,1,Bajo,0,1
EST02563,Ingeniería en Sistemas Computacionales,9,Vespertino,27,F,76.1,69.4,5,22,No,Sí,Medio tiempo,13,18.8,Sí,14,100,No,5,Bajo,0,0
EST02564,Licenciatura en Administración,10,Matutino,23,F,62.9,74.8,2,20,No,No,Medio tiempo,25,10.3,Sí,2,89.1,Sí,2,Medio,0,0
EST02565,Contador Público,8,Matutino,20,F,81.6,85.4,0,24,Sí,Sí,Medio tiempo,11,15.0,Sí,6,100,No,1,Bajo,0,0
EST02566,Ingeniería Industrial,10,Matutino,19,M,68.7,69.9,0,33,No,No,Medio tiempo,20,6.5,Sí,1,70.2,No,1,Medio,0,0
EST02567,Ingeniería en Gestión Empresarial,2,Matutino,25,F,76.1,83.9,1,18,No,No,No trabaja,0,0.7,Sí,7,90.9,No,4,Bajo,0,0
EST02568,Ingeniería en Gestión Empresarial,1,Vespertino,18,M,77.7,95.3,4,25,Sí,No,No trabaja,0,7.9,Sí,11,62.4,No,1,Medio,0,1
EST02569,Ingeniería Industrial,10,Vespertino,23,F,65.2,56.7,4,34,No,Sí,No trabaja,0,23.5,Sí,2,68.7,Sí,5,Alto,1,1
EST02570,Licenciatura en Administración,4,Matutino,19,M,77.6,61.8,0,33,No,No,No trabaja,0,18.6,Sí,7,65.6,No,5,Alto,0,0
EST02571,Contador Público,9,Matutino,22,M,70.4,78.5,3,33,Sí,Sí,Medio tiempo,13,11.3,No,4,60.9,No,1,Alto,1,0
EST02572,Licenciatura en Administración,2,Vespertino,20,F,85.1,94.2,1,23,Sí,No,No trabaja,0,11.9,No,5,77.0,No,3,Bajo,0,1
EST02573,Ingeniería en Gestión Empresarial,5,Vespertino,22,M,72.8,58.1,2,33,No,Sí,Medio tiempo,24,13.5,Sí,11,61.0,No,4,Medio,1,0
EST02574,Ingeniería Civil,3,Vespertino,22,M,72.3,68.4,0,31,No,Sí,Tiempo completo,33,7.8,Sí,5,66.5,No,4,Medio,1,0
EST02575,Ingeniería en Gestión Empresarial,8,Matutino,22,M,71.2,85.0,1,28,No,No,Medio tiempo,26,3.9,Sí,14,68.0,No,2,Medio,0,1
EST02576,Ingeniería Electromecánica,1,Matutino,22,M,87.0,84.0,4,36,No,Sí,No trabaja,0,6.6,Sí,2,67.7,No,3,Medio,1,0
EST02577,Ingeniería en Sistemas Computacionales,2,Matutino,18,M,74.2,61.7,0,29,No,No,No trabaja,0,0.5,Sí,10,72.8,No,2,Bajo,0,0
EST02578,Ingeniería Industrial,7,Matutino,26,F,67.1,59.5,3,35,Sí,No,Medio tiempo,17,14.1,Sí,5,81.8,No,4,Medio,1,0
EST02579,Ingeniería en Gestión Empresarial,4,Vespertino,25,M,83.1,83.1,4,25,No,Sí,Medio tiempo,19,11.4,Sí,3,42.0,Sí,2,Alto,0,1
EST02580,Licenciatura en Administración,3,Matutino,18,F,63.9,73.4,2,20,No,Sí,Tiempo completo,33,9.1,Sí,5,90.9,No,5,Medio,0,0
EST02581,Ingeniería en Sistemas Computacionales,6,Vespertino,25,F,69.1,86.1,1,30,No,Sí,No trabaja,0,21.7,Sí,13,79.5,No,4,Medio,0,0
EST02582,Ingeniería en Gestión Empresarial,4,Matutino,21,F,80.0,78.7,0,23,No,No,Medio tiempo,18,9.8,Sí,11,79.4,Sí,4,Bajo,0,0
EST02583,Ingeniería Industrial,10,Vespertino,23,F,86.4,91.0,1,21,Sí,Sí,No trabaja,0,9.0,Sí,10,91.4,No,5,Bajo,0,0
EST02584,Ingeniería Civil,8,Matutino,23,M,68.9,90.3,1,32,No,Sí,No trabaja,0,2.4,No,6,78.4,No,3,Bajo,0,0
EST02585,Ingeniería en Sistemas Computacionales,10,Matutino,22,F,57.1,78.5,4,19,Sí,Sí,No trabaja,0,4.3,Sí,8,100,No,1,Medio,1,1
EST02586,Licenciatura en Administración,5,Vespertino,20,M,59.4,100,1,18,Sí,No,Medio tiempo,28,6.0,No,1,72.6,Sí,3,Bajo,0,0
EST02587,Licenciatura en Administración,1,Vespertino,17,M,81.8,88.8,1,25,Sí,Sí,No trabaja,0,12.4,Sí,4,74.4,No,4,Bajo,0,0
EST02588,Licenciatura en Administración,8,Vespertino,22,M,75.6,99.3,0,24,No,No,No trabaja,0,2.3,No,1,52.5,No,2,Bajo,0,0
EST02589,Licenciatura en Administración,3,Vespertino,17,M,74.1,88.3,0,19,Sí,No,No trabaja,0,6.5,Sí,8,52.6,No,1,Bajo,0,0
EST02590,Contador Público,1,Vespertino,22,M,62.4,77.8,2,28,No,Sí,No trabaja,0,2.0,Sí,9,79.4,No,1,Medio,0,0
EST02591,Ingeniería en Sistemas Computacionales,7,Matutino,20,M,87.6,81.4,1,26,No,Sí,No trabaja,0,5.8,Sí,11,77.0,No,2,Bajo,0,0
EST02592,Ingeniería Civil,6,Matutino,19,F,69.7,88.4,1,23,No,No,No trabaja,0,17.8,Sí,9,76.5,No,3,Medio,0,0
EST02593,Ingeniería Civil,5,Matutino,22,F,62.1,70.3,0,30,Sí,Sí,No trabaja,0,11.3,Sí,14,75.6,Sí,1,Medio,0,0
EST02594,Ingeniería Civil,5,Matutino,17,M,86.2,80.2,0,23,No,No,Medio tiempo,25,15.1,Sí,3,100,No,5,Bajo,0,0
EST02595,Ingeniería en Sistemas Computacionales,9,Matutino,27,F,80.3,79.2,1,35,No,No,No trabaja,0,19.4,Sí,13,54.4,No,5,Medio,0,0
EST02596,Ingeniería en Sistemas Computacionales,7,Vespertino,24,M,63.1,73.8,1,19,Sí,No,Tiempo completo,36,6.4,Sí,14,76.0,No,1,Medio,1,0
EST02597,Ingeniería Electromecánica,8,Matutino,21,M,94.6,85.5,0,25,No,Sí,Medio tiempo,25,8.5,Sí,11,79.2,No,5,Bajo,1,0
EST02598,Ingeniería Civil,1,Matutino,25,F,79.1,85.8,0,29,No,No,No trabaja,0,9.9,No,0,62.0,No,4,Medio,0,0
EST02599,Contador Público,2,Vespertino,22,F,80.1,68.1,1,19,No,Sí,No trabaja,0,17.9,Sí,2,62.6,Sí,1,Medio,0,0
EST02600,Ingeniería en Gestión Empresarial,5,Vespertino,23,M,66.1,85.0,1,25,No,Sí,No trabaja,0,7.4,Sí,5,70.3,No,4,Medio,0,0
EST02601,Ingeniería Civil,5,Matutino,21,F,74.3,62.0,6,22,No,Sí,Tiempo completo,35,8.1,Sí,9,59.0,No,1,Alto,1,1
EST02602,Ingeniería Electromecánica,9,Vespertino,24,F,76.0,74.1,2,20,Sí,Sí,Tiempo completo,45,15.1,No,7,80.2,No,2,Medio,0,0
EST02603,Ingeniería Industrial,3,Vespertino,23,F,68.3,70.0,2,25,No,No,No trabaja,0,2.4,Sí,3,66.2,No,3,Medio,1,0
EST02604,Ingeniería Mecatrónica,5,Matutino,24,F,69.8,100,1,27,No,Sí,No trabaja,0,5.0,Sí,7,81.3,No,2,Bajo,0,1
EST02605,Ingeniería en Sistemas Computacionales,2,Vespertino,21,F,64.0,83.3,4,30,Sí,Sí,Tiempo completo,46,11.6,No,10,69.8,No,5,Alto,1,1
EST02606,Licenciatura en Administración,3,Matutino,20,M,74.0,82.7,2,20,No,Sí,No trabaja,0,13.2,Sí,10,83.8,No,4,Bajo,0,1
EST02607,Ingeniería Industrial,5,Matutino,20,M,93.2,75.8,0,32,No,No,No trabaja,0,23.4,Sí,3,73.8,No,3,Bajo,0,0
EST02608,Ingeniería en Gestión Empresarial,7,Vespertino,21,M,68.7,96.8,2,26,Sí,No,Medio tiempo,12,9.8,No,12,83.0,Sí,3,Medio,0,1
EST02609,Ingeniería en Gestión Empresarial,3,Matutino,21,M,84.4,88.0,0,21,No,No,No trabaja,0,6.2,Sí,4,81.8,No,3,Bajo,0,0
EST02610,Ingeniería en Sistemas Computacionales,10,Vespertino,23,M,90.3,87.3,1,35,No,No,Medio tiempo,22,7.8,Sí,10,80.4,No,5,Bajo,0,0
EST02611,Ingeniería en Sistemas Computacionales,9,Vespertino,22,M,88.8,87.1,1,31,No,No,Tiempo completo,48,8.7,Sí,18,69.2,No,4,Bajo,0,0
EST02612,Licenciatura en Administración,3,Vespertino,19,F,78.0,82.3,0,34,No,No,No trabaja,0,10.0,No,8,78.5,No,3,Bajo,1,0
EST02613,Ingeniería en Gestión Empresarial,9,Vespertino,23,F,84.5,70.4,0,30,No,Sí,Medio tiempo,20,15.8,Sí,4,91.0,No,4,Bajo,0,0
EST02614,Ingeniería Electromecánica,3,Vespertino,18,M,80.0,73.9,0,27,Sí,No,Medio tiempo,21,5.9,No,10,95.8,No,5,Bajo,0,1
EST02615,Ingeniería en Gestión Empresarial,9,Matutino,25,M,57.1,74.9,4,22,No,No,Medio tiempo,22,11.0,Sí,2,82.6,No,1,Alto,1,1
EST02616,Ingeniería Mecatrónica,2,Matutino,20,M,76.2,81.3,0,26,No,No,No trabaja,0,1.5,Sí,10,100,No,2,Bajo,0,0
EST02617,Licenciatura en Administración,4,Vespertino,21,F,76.4,61.4,4,19,Sí,Sí,Tiempo completo,46,3.3,Sí,9,68.9,Sí,5,Alto,0,0
EST02618,Ingeniería Industrial,7,Matutino,19,F,80.5,98.0,1,23,No,No,No trabaja,0,11.5,Sí,14,56.1,No,1,Bajo,0,0
EST02619,Ingeniería en Gestión Empresarial,8,Matutino,24,F,64.8,80.5,0,24,No,No,Tiempo completo,39,5.0,No,7,72.5,No,3,Medio,0,1
EST02620,Ingeniería Electromecánica,3,Vespertino,23,F,92.5,90.4,0,32,Sí,No,No trabaja,0,10.2,Sí,19,86.1,No,5,Bajo,0,0
EST02621,Ingeniería Electromecánica,6,Matutino,23,F,45,67.9,1,31,No,No,Tiempo completo,41,0.5,Sí,4,69.9,No,4,Alto,1,0
EST02622,Ingeniería Mecatrónica,6,Matutino,21,M,75.6,93.5,2,35,No,No,No trabaja,0,13.6,Sí,12,80.6,No,4,Bajo,0,1
EST02623,Ingeniería Mecatrónica,5,Vespertino,22,F,76.4,79.9,0,30,Sí,No,Medio tiempo,15,9.4,Sí,1,100,No,1,Bajo,0,0
EST02624,Ingeniería Mecatrónica,2,Vespertino,18,F,80.2,85.1,1,26,Sí,Sí,No trabaja,0,6.5,Sí,8,63.1,No,3,Bajo,0,0
EST02625,Contador Público,5,Matutino,25,F,82.1,81.0,1,24,Sí,Sí,Medio tiempo,25,5.6,Sí,13,66.7,No,4,Bajo,1,0
EST02626,Ingeniería Mecatrónica,1,Matutino,17,M,75.4,78.0,2,20,Sí,No,No trabaja,0,13.9,Sí,1,70.0,No,4,Bajo,0,0
EST02627,Contador Público,5,Matutino,21,F,80.1,88.4,2,26,Sí,No,No trabaja,0,8.2,Sí,9,56.1,No,3,Medio,0,1
EST02628,Ingeniería Mecatrónica,6,Vespertino,23,M,89.7,75.3,0,23,Sí,Sí,Medio tiempo,19,0.5,Sí,4,84.0,No,5,Bajo,0,0
EST02629,Contador Público,5,Vespertino,23,M,75.9,81.0,0,33,Sí,No,No trabaja,0,6.9,Sí,9,69.9,No,2,Bajo,0,0
EST02630,Ingeniería en Gestión Empresarial,6,Vespertino,21,M,76.6,70.6,0,36,No,No,No trabaja,0,17.7,Sí,12,80.3,Sí,5,Bajo,0,0
EST02631,Ingeniería Mecatrónica,2,Vespertino,22,M,76.3,79.0,0,21,Sí,Sí,No trabaja,0,8.8,Sí,4,73.8,No,3,Bajo,1,1
EST02632,Ingeniería Industrial,10,Matutino,22,M,69.1,82.4,2,36,No,Sí,No trabaja,0,10.1,Sí,0,53.4,No,1,Alto,1,1
EST02633,Licenciatura en Administración,1,Vespertino,25,F,90.9,60.1,0,22,No,No,Tiempo completo,38,14.1,Sí,0,56.0,No,2,Bajo,0,1
EST02634,Ingeniería Industrial,6,Vespertino,23,M,84.9,90.4,0,24,No,No,Medio tiempo,15,6.0,Sí,2,62.8,Sí,4,Bajo,0,1
EST02635,Ingeniería Civil,3,Vespertino,21,F,78.5,83.5,0,27,No,No,Tiempo completo,38,12.8,Sí,8,76.6,No,5,Bajo,0,0
EST02636,Ingeniería en Gestión Empresarial,3,Vespertino,22,M,67.4,100,2,32,Sí,Sí,No trabaja,0,13.6,Sí,3,67.8,No,3,Bajo,0,0
EST02637,Ingeniería Mecatrónica,5,Matutino,21,M,87.5,72.1,0,26,No,No,Medio tiempo,14,17.9,Sí,4,95.7,Sí,2,Bajo,0,0
EST02638,Ingeniería Industrial,3,Matutino,17,M,69.8,71.4,2,24,No,Sí,Medio tiempo,19,23.5,Sí,3,79.9,No,2,Medio,1,0
EST02639,Ingeniería Industrial,9,Matutino,22,M,77.0,100,1,35,No,No,No trabaja,0,3.2,Sí,14,100,Sí,3,Bajo,0,0
EST02640,Licenciatura en Administración,9,Vespertino,19,F,94.7,91.6,1,34,Sí,Sí,No trabaja,0,0.5,Sí,15,71.2,No,5,Bajo,0,0
EST02641,Contador Público,3,Vespertino,21,M,76.7,86.7,2,24,No,No,No trabaja,0,16.5,Sí,3,62.0,No,1,Medio,0,0
EST02642,Ingeniería Industrial,6,Vespertino,20,M,76.0,87.3,0,35,Sí,Sí,No trabaja,0,15.2,Sí,3,55.8,No,4,Bajo,0,1
EST02643,Ingeniería Electromecánica,3,Matutino,23,M,82.1,69.9,2,30,Sí,Sí,Medio tiempo,19,2.4,Sí,11,91.0,No,5,Bajo,0,0
EST02644,Ingeniería Mecatrónica,10,Vespertino,20,M,75.1,68.6,0,24,No,No,No trabaja,0,10.7,Sí,10,61.1,No,4,Bajo,0,0
EST02645,Ingeniería Mecatrónica,8,Vespertino,23,F,48.9,80.3,2,20,No,Sí,Medio tiempo,23,7.7,No,1,59.6,No,3,Alto,1,1
EST02646,Ingeniería en Gestión Empresarial,8,Matutino,21,M,58.1,77.3,2,21,No,No,Tiempo completo,31,7.6,Sí,2,48.4,No,3,Alto,1,1
EST02647,Ingeniería en Gestión Empresarial,2,Matutino,20,F,73.1,75.3,3,27,No,No,Tiempo completo,47,14.3,Sí,14,63.6,No,3,Alto,1,0
EST02648,Ingeniería Civil,8,Matutino,22,F,69.3,91.4,1,18,No,No,No trabaja,0,10.7,Sí,3,100,No,2,Bajo,0,0
EST02649,Ingeniería en Gestión Empresarial,10,Vespertino,26,M,70.5,93.8,0,29,No,Sí,Medio tiempo,18,14.3,Sí,12,100,No,3,Bajo,0,0
EST02650,Licenciatura en Administración,3,Matutino,18,M,75.6,96.5,0,28,No,Sí,Medio tiempo,15,4.1,Sí,2,73.2,No,5,Bajo,0,0
EST02651,Ingeniería Mecatrónica,10,Matutino,24,M,58.6,85.2,0,20,No,Sí,No trabaja,0,15.5,Sí,9,100,No,2,Bajo,0,0
EST02652,Contador Público,4,Matutino,19,F,73.3,70.8,3,26,No,No,No trabaja,0,5.7,Sí,11,70.3,No,3,Alto,1,0
EST02653,Ingeniería Civil,7,Vespertino,22,M,84.4,66.0,1,18,Sí,Sí,Medio tiempo,11,20.9,Sí,12,100.0,No,4,Bajo,0,1
EST02654,Ingeniería en Gestión Empresarial,7,Matutino,20,M,74.7,64.0,1,34,No,Sí,No trabaja,0,11.2,Sí,13,82.5,Sí,1,Medio,0,0
EST02655,Ingeniería en Gestión Empresarial,5,Vespertino,27,F,96.3,92.1,6,23,No,No,Medio tiempo,11,10.5,No,7,88.5,No,3,Medio,0,0
EST02656,Ingeniería Mecatrónica,5,Matutino,23,F,90.1,74.3,3,29,Sí,Sí,No trabaja,0,0.5,Sí,1,73.1,No,2,Bajo,0,0
EST02657,Ingeniería Mecatrónica,3,Matutino,20,F,82.2,55.6,1,30,No,No,Medio tiempo,27,19.6,Sí,7,100,No,4,Medio,0,1
EST02658,Ingeniería en Sistemas Computacionales,6,Matutino,21,M,91.8,86.1,0,27,No,No,No trabaja,0,4.2,Sí,5,73.9,No,3,Bajo,0,0
EST02659,Ingeniería Civil,6,Matutino,23,F,72.3,79.4,0,35,No,Sí,Tiempo completo,43,11.3,No,1,73.9,No,3,Medio,0,1
EST02660,Ingeniería Mecatrónica,8,Matutino,18,M,100,77.9,0,30,No,Sí,Medio tiempo,27,6.3,Sí,13,81.3,No,4,Bajo,0,0
EST02661,Licenciatura en Administración,8,Vespertino,22,F,77.8,91.0,1,35,Sí,No,Medio tiempo,18,11.5,Sí,7,92.3,No,5,Bajo,0,1
EST02662,Ingeniería Mecatrónica,4,Matutino,17,F,62.9,60.8,7,32,No,No,Tiempo completo,39,10.5,Sí,9,82.0,No,1,Alto,1,1
EST02663,Ingeniería Industrial,4,Vespertino,20,F,75.3,100,0,25,No,Sí,No trabaja,0,8.5,Sí,13,76.0,No,3,Bajo,0,0
EST02664,Ingeniería Industrial,10,Vespertino,27,F,59.2,96.4,4,31,Sí,No,Medio tiempo,21,14.7,Sí,1,62.6,No,2,Alto,0,1
EST02665,Ingeniería en Gestión Empresarial,7,Vespertino,22,F,63.4,100,1,20,No,No,No trabaja,0,6.1,Sí,4,69.9,No,5,Bajo,1,1
EST02666,Ingeniería en Gestión Empresarial,4,Matutino,17,F,72.9,88.5,2,28,No,Sí,Medio tiempo,11,11.7,No,3,79.0,No,4,Bajo,0,0
EST02667,Licenciatura en Administración,2,Vespertino,19,M,85.0,75.8,0,32,No,Sí,No trabaja,0,1.7,Sí,13,97.9,No,4,Bajo,0,0
EST02668,Ingeniería Mecatrónica,2,Matutino,17,F,86.7,76.2,1,32,No,No,No trabaja,0,13.4,Sí,0,66.9,No,3,Bajo,0,0
EST02669,Contador Público,8,Matutino,24,M,79.2,77.9,1,24,No,Sí,Medio tiempo,22,13.3,Sí,12,74.7,No,4,Bajo,0,1
EST02670,Ingeniería Mecatrónica,2,Vespertino,22,M,64.7,72.8,0,26,Sí,No,No trabaja,0,1.1,No,8,72.4,No,5,Medio,0,0
EST02671,Contador Público,9,Vespertino,28,F,72.0,78.0,0,24,Sí,No,Tiempo completo,32,2.9,Sí,11,64.6,No,2,Bajo,1,0
EST02672,Ingeniería Mecatrónica,5,Matutino,22,M,68.0,58.0,0,33,Sí,No,Tiempo completo,33,5.0,Sí,0,66.8,No,4,Alto,1,1
EST02673,Ingeniería Mecatrónica,1,Vespertino,21,F,79.0,73.6,4,22,No,No,No trabaja,0,0.5,Sí,10,64.9,Sí,5,Medio,0,1
EST02674,Ingeniería en Gestión Empresarial,3,Vespertino,21,M,81.5,79.9,0,31,No,No,No trabaja,0,10.7,Sí,14,70.2,No,4,Bajo,0,0
EST02675,Contador Público,1,Matutino,20,F,72.3,69.1,0,33,No,Sí,Medio tiempo,27,0.5,Sí,9,85.3,No,1,Bajo,0,0
EST02676,Licenciatura en Administración,3,Vespertino,21,M,82.7,71.7,0,18,No,No,No trabaja,0,10.7,Sí,12,65.9,No,2,Bajo,0,0
EST02677,Ingeniería Civil,4,Matutino,19,M,77.4,76.9,0,30,No,No,No trabaja,0,2.4,Sí,5,73.2,Sí,1,Bajo,0,0
EST02678,Ingeniería Civil,1,Vespertino,17,M,76.5,85.6,0,31,No,No,Medio tiempo,15,3.8,Sí,14,86.7,No,4,Bajo,0,1
EST02679,Contador Público,2,Matutino,20,M,73.9,85.8,1,29,No,No,No trabaja,0,1.3,No,3,71.5,No,1,Bajo,1,0
EST02680,Ingeniería Electromecánica,3,Vespertino,25,F,77.8,85.7,1,25,No,Sí,No trabaja,0,0.5,Sí,3,64.4,No,2,Bajo,0,0
EST02681,Ingeniería en Gestión Empresarial,10,Vespertino,24,M,76.8,82.4,1,27,No,No,No trabaja,0,7.6,Sí,0,34.1,No,3,Medio,0,1
EST02682,Contador Público,5,Vespertino,21,F,66.9,67.0,1,22,Sí,No,Tiempo completo,48,5.3,No,5,100,No,3,Medio,0,0
EST02683,Ingeniería Mecatrónica,6,Vespertino,19,F,78.7,84.7,0,20,Sí,No,No trabaja,0,7.9,No,10,76.9,No,2,Bajo,0,0
EST02684,Contador Público,8,Matutino,19,F,74.1,74.7,1,19,No,No,Tiempo completo,41,8.3,Sí,9,51.2,No,2,Medio,0,1
EST02685,Ingeniería Industrial,10,Vespertino,23,F,70.6,74.5,0,24,No,Sí,Medio tiempo,26,7.9,Sí,14,100,No,5,Bajo,0,0
EST02686,Ingeniería Civil,6,Matutino,20,M,87.0,86.3,1,19,Sí,No,No trabaja,0,14.7,Sí,9,81.4,No,5,Bajo,0,0
EST02687,Contador Público,5,Vespertino,25,F,82.9,63.6,0,22,No,Sí,Medio tiempo,25,10.7,Sí,10,80.4,Sí,1,Medio,0,1
EST02688,Ingeniería Civil,7,Matutino,20,F,68.4,94.6,2,26,Sí,No,No trabaja,0,2.4,Sí,3,80.3,No,5,Bajo,0,0
EST02689,Ingeniería en Gestión Empresarial,10,Matutino,22,M,69.9,83.8,2,31,No,Sí,No trabaja,0,6.0,Sí,11,76.7,No,1,Medio,0,1
EST02690,Ingeniería en Sistemas Computacionales,9,Vespertino,22,F,77.6,90.0,3,36,No,Sí,No trabaja,0,9.3,Sí,6,97.0,No,2,Bajo,0,0
EST02691,Licenciatura en Administración,1,Vespertino,19,M,77.4,76.8,0,32,No,No,Medio tiempo,19,15.2,Sí,7,53.7,No,4,Medio,1,1
EST02692,Ingeniería en Sistemas Computacionales,1,Vespertino,25,F,68.2,85.7,5,24,Sí,Sí,No trabaja,0,3.8,Sí,0,54.1,No,1,Medio,0,1
EST02693,Ingeniería Civil,4,Matutino,23,M,64.6,45.6,2,34,No,No,Tiempo completo,37,0.5,No,5,74.7,No,4,Alto,1,1
EST02694,Ingeniería Industrial,6,Vespertino,23,F,79.6,64.2,1,27,No,No,Tiempo completo,36,8.3,Sí,0,57.9,Sí,5,Alto,1,0
EST02695,Ingeniería Mecatrónica,8,Matutino,19,F,64.8,90.0,2,35,No,No,No trabaja,0,14.9,Sí,13,53.9,No,5,Medio,0,0
EST02696,Ingeniería Industrial,4,Matutino,19,F,77.5,91.3,0,21,No,No,No trabaja,0,5.1,Sí,11,86.9,No,5,Bajo,0,0
EST02697,Ingeniería en Gestión Empresarial,4,Vespertino,20,M,73.0,72.8,1,35,Sí,Sí,Medio tiempo,24,15.5,Sí,1,75.9,Sí,4,Medio,1,1
EST02698,Licenciatura en Administración,5,Matutino,22,M,73.3,99.5,1,31,Sí,No,No trabaja,0,3.4,Sí,6,81.0,No,1,Bajo,0,0
EST02699,Ingeniería en Sistemas Computacionales,7,Matutino,24,M,74.1,100,0,20,No,Sí,No trabaja,0,14.1,Sí,12,74.7,No,5,Bajo,0,0
EST02700,Contador Público,1,Matutino,19,M,64.1,71.7,0,33,No,No,Tiempo completo,42,3.5,Sí,9,100,No,5,Medio,0,0
EST02701,Ingeniería Mecatrónica,1,Vespertino,18,F,72.3,71.8,0,28,No,No,Tiempo completo,37,0.9,Sí,2,60.9,No,1,Bajo,0,0
EST02702,Ingeniería Civil,3,Matutino,25,M,89.2,69.8,0,35,No,Sí,No trabaja,0,3.8,Sí,13,100,No,5,Bajo,0,0
EST02703,Ingeniería Mecatrónica,1,Matutino,25,F,80.7,76.2,0,27,Sí,No,No trabaja,0,23.0,Sí,8,79.3,Sí,4,Bajo,0,0
EST02704,Ingeniería Mecatrónica,5,Matutino,17,F,67.0,84.6,4,32,Sí,No,Medio tiempo,28,6.3,Sí,1,72.8,Sí,3,Alto,0,0
EST02705,Ingeniería en Sistemas Computacionales,6,Vespertino,26,F,75.0,100,1,18,Sí,No,No trabaja,0,9.5,Sí,8,75.0,No,1,Bajo,0,1
EST02706,Ingeniería Civil,9,Vespertino,22,F,71.0,69.0,0,27,Sí,No,No trabaja,0,10.5,Sí,12,80.6,Sí,1,Bajo,0,1
EST02707,Licenciatura en Administración,6,Vespertino,23,F,77.4,88.5,3,21,No,Sí,No trabaja,0,10.0,Sí,2,70.6,No,4,Bajo,0,0
EST02708,Ingeniería en Sistemas Computacionales,2,Matutino,21,F,83.3,78.4,3,21,Sí,Sí,Medio tiempo,13,11.7,Sí,2,60.1,Sí,2,Medio,0,0
EST02709,Ingeniería Industrial,7,Matutino,25,M,69.8,76.4,1,35,Sí,Sí,No trabaja,0,12.3,Sí,4,100,No,3,Bajo,0,0
EST02710,Ingeniería Electromecánica,2,Vespertino,24,F,83.9,68.8,3,21,Sí,Sí,No trabaja,0,5.4,Sí,4,85.1,Sí,5,Bajo,0,0
EST02711,Ingeniería en Sistemas Computacionales,2,Vespertino,24,M,77.4,85.5,1,18,No,No,Medio tiempo,27,17.7,Sí,9,63.1,No,4,Bajo,0,0
EST02712,Ingeniería Mecatrónica,10,Matutino,22,F,65.6,92.5,1,31,No,No,No trabaja,0,7.0,Sí,13,100,No,3,Bajo,0,0
EST02713,Ingeniería Electromecánica,5,Matutino,22,M,70.5,97.1,0,24,Sí,No,No trabaja,0,9.7,Sí,8,66.3,No,2,Bajo,0,0
EST02714,Ingeniería Industrial,10,Matutino,27,F,73.4,89.5,0,30,No,No,Medio tiempo,14,5.0,Sí,8,75.2,Sí,1,Bajo,0,0
EST02715,Ingeniería Mecatrónica,3,Vespertino,21,F,64.4,79.8,2,33,No,No,Medio tiempo,10,4.5,Sí,5,74.3,No,5,Medio,0,1
EST02716,Ingeniería en Gestión Empresarial,3,Matutino,22,F,79.7,89.3,0,22,No,Sí,No trabaja,0,15.8,Sí,7,61.7,No,3,Bajo,1,0
EST02717,Ingeniería en Sistemas Computacionales,9,Vespertino,22,M,74.7,87.3,0,29,No,Sí,No trabaja,0,7.4,Sí,13,69.8,No,2,Bajo,0,0
EST02718,Licenciatura en Administración,1,Vespertino,22,M,61.3,73.9,3,20,No,No,Tiempo completo,48,8.6,Sí,12,52.3,No,1,Alto,1,0
EST02719,Ingeniería Mecatrónica,3,Matutino,23,M,96.7,69.9,2,31,No,No,Medio tiempo,24,15.6,Sí,0,82.4,No,4,Bajo,1,0
EST02720,Ingeniería Electromecánica,8,Vespertino,22,M,90.0,85.3,3,23,Sí,No,No trabaja,0,6.8,Sí,4,100,No,1,Bajo,0,0
EST02721,Ingeniería Civil,2,Matutino,17,M,72.4,83.8,0,24,Sí,No,Medio tiempo,21,14.1,No,9,84.4,No,4,Bajo,0,1
EST02722,Licenciatura en Administración,6,Vespertino,18,M,65.0,67.2,2,32,Sí,No,Tiempo completo,44,4.2,Sí,1,55.9,No,2,Alto,1,1
EST02723,Licenciatura en Administración,8,Vespertino,21,F,80.3,86.3,1,31,No,Sí,No trabaja,0,14.6,Sí,12,86.5,No,4,Bajo,0,0
EST02724,Ingeniería Mecatrónica,4,Vespertino,20,F,73.6,70.5,0,27,Sí,Sí,No trabaja,0,15.2,Sí,11,86.6,No,2,Bajo,0,1
EST02725,Ingeniería en Gestión Empresarial,9,Vespertino,19,F,74.3,100,0,29,No,Sí,No trabaja,0,10.4,No,9,78.8,No,1,Bajo,0,0
EST02726,Ingeniería Industrial,9,Vespertino,21,M,90.0,67.0,0,18,Sí,No,No trabaja,0,14.1,Sí,6,88.7,No,3,Bajo,0,0
EST02727,Contador Público,7,Matutino,23,F,87.3,82.7,0,19,No,Sí,No trabaja,0,11.1,Sí,10,82.7,No,3,Bajo,0,0
EST02728,Ingeniería Mecatrónica,4,Vespertino,19,F,67.4,70.4,1,24,Sí,No,Tiempo completo,44,13.7,Sí,14,63.2,No,4,Medio,1,0
EST02729,Ingeniería Industrial,8,Vespertino,22,F,85.3,78.6,1,20,No,Sí,No trabaja,0,18.5,Sí,3,79.6,No,1,Bajo,0,1
EST02730,Ingeniería Industrial,6,Vespertino,22,F,66.7,82.2,2,19,No,No,No trabaja,0,0.5,Sí,6,77.6,No,1,Bajo,0,0
EST02731,Ingeniería Industrial,2,Matutino,20,M,73.2,71.1,0,30,No,No,Tiempo completo,46,8.2,Sí,10,96.7,No,1,Medio,0,1
EST02732,Contador Público,2,Matutino,20,F,100,57.4,1,33,No,No,No trabaja,0,16.0,Sí,11,100,No,4,Bajo,0,0
EST02733,Ingeniería Civil,9,Vespertino,24,F,78.7,65.2,1,28,No,No,No trabaja,0,10.7,Sí,8,100,No,3,Bajo,0,0
EST02734,Ingeniería Civil,1,Matutino,17,F,74.5,79.3,0,30,No,No,No trabaja,0,4.6,Sí,6,84.9,Sí,4,Bajo,0,0
EST02735,Ingeniería en Gestión Empresarial,10,Vespertino,23,M,82.6,75.3,1,30,No,No,No trabaja,0,11.6,Sí,10,80.0,No,5,Bajo,0,0
EST02736,Licenciatura en Administración,1,Matutino,20,M,85.1,100,0,24,Sí,Sí,No trabaja,0,12.0,Sí,9,83.3,No,4,Bajo,0,0
EST02737,Ingeniería Mecatrónica,2,Matutino,19,M,78.3,69.7,0,26,No,No,No trabaja,0,4.1,Sí,4,85.7,No,2,Bajo,0,0
EST02738,Ingeniería en Sistemas Computacionales,8,Vespertino,20,M,89.4,87.3,1,26,Sí,No,No trabaja,0,1.8,Sí,18,100,No,4,Bajo,0,0
EST02739,Ingeniería en Gestión Empresarial,2,Vespertino,20,M,68.6,70.6,4,24,Sí,Sí,Tiempo completo,43,6.2,Sí,3,92.2,No,4,Medio,1,0
EST02740,Ingeniería Industrial,7,Matutino,22,M,67.9,88.2,4,21,No,No,Tiempo completo,31,10.4,Sí,10,53.6,No,5,Alto,1,1
EST02741,Ingeniería Electromecánica,4,Vespertino,19,M,62.0,99.3,7,30,No,No,No trabaja,0,9.2,Sí,9,93.5,No,3,Alto,1,1
EST02742,Ingeniería en Gestión Empresarial,8,Vespertino,25,M,83.2,76.3,1,27,Sí,No,No trabaja,0,0.5,Sí,11,83.0,No,5,Bajo,0,0
EST02743,Ingeniería en Gestión Empresarial,5,Matutino,24,F,84.6,72.8,2,34,No,Sí,Medio tiempo,11,13.6,Sí,3,73.5,No,4,Bajo,1,0
EST02744,Ingeniería en Gestión Empresarial,6,Matutino,23,M,88.7,78.7,0,34,Sí,No,Medio tiempo,24,9.0,No,6,82.0,No,1,Bajo,0,0
EST02745,Ingeniería Electromecánica,4,Matutino,21,F,61.2,93.2,2,35,Sí,Sí,Tiempo completo,41,1.9,No,10,68.6,No,2,Bajo,0,0
EST02746,Ingeniería Mecatrónica,5,Matutino,21,M,74.3,82.0,2,29,No,No,No trabaja,0,9.7,Sí,7,69.0,No,5,Medio,0,0
EST02747,Ingeniería Industrial,9,Vespertino,24,M,71.1,68.9,5,21,Sí,Sí,No trabaja,0,4.1,Sí,6,57.5,No,5,Alto,1,1
EST02748,Ingeniería Civil,1,Matutino,22,M,69.1,80.7,2,31,No,Sí,Medio tiempo,23,7.0,Sí,0,74.6,No,4,Medio,0,1
EST02749,Contador Público,2,Vespertino,22,M,61.6,68.9,1,35,No,No,Tiempo completo,33,4.3,Sí,0,34.9,No,5,Alto,1,1
EST02750,Ingeniería Civil,10,Matutino,22,F,66.3,91.5,2,21,No,No,No trabaja,0,18.3,No,5,53.9,No,2,Medio,0,0
EST02751,Ingeniería Industrial,9,Vespertino,24,M,71.5,71.2,0,30,Sí,No,No trabaja,0,11.0,Sí,11,95.7,No,1,Bajo,0,1
EST02752,Ingeniería Industrial,10,Matutino,20,M,66.9,65.8,3,27,No,Sí,Medio tiempo,18,5.7,Sí,3,57.1,No,1,Alto,1,1
EST02753,Ingeniería Electromecánica,3,Matutino,19,M,67.8,59.4,1,27,No,No,Tiempo completo,35,18.7,Sí,10,82.5,No,4,Alto,1,0
EST02754,Ingeniería Civil,4,Vespertino,22,M,73.7,88.1,2,22,Sí,No,Medio tiempo,11,19.4,Sí,4,92.0,No,3,Bajo,0,0
EST02755,Ingeniería Mecatrónica,2,Vespertino,17,M,64.9,79.9,1,22,No,No,Medio tiempo,18,10.3,Sí,8,78.4,No,2,Medio,0,0
EST02756,Contador Público,6,Matutino,22,F,49.3,78.3,6,31,No,No,Tiempo completo,41,7.7,Sí,4,64.8,No,2,Alto,1,1
EST02757,Ingeniería Civil,8,Matutino,22,F,79.4,74.8,3,34,No,No,Medio tiempo,21,9.8,Sí,2,93.5,No,4,Bajo,0,1
EST02758,Ingeniería Industrial,8,Matutino,24,M,84.2,73.5,1,33,No,No,Medio tiempo,22,1.3,Sí,14,88.9,No,4,Bajo,0,0
EST02759,Contador Público,3,Matutino,19,M,69.8,85.3,1,21,Sí,No,No trabaja,0,5.0,Sí,0,74.3,No,3,Bajo,0,0
EST02760,Ingeniería en Sistemas Computacionales,7,Vespertino,24,F,98.9,71.0,4,27,No,No,Medio tiempo,16,4.6,No,3,62.1,No,5,Medio,1,1
EST02761,Ingeniería Civil,8,Vespertino,23,M,66.6,68.8,4,22,No,No,No trabaja,0,12.4,No,9,87.3,Sí,4,Alto,0,0
EST02762,Ingeniería Civil,5,Matutino,22,M,74.3,87.3,1,20,No,Sí,No trabaja,0,5.6,Sí,3,79.0,No,5,Bajo,0,1
EST02763,Licenciatura en Administración,9,Matutino,22,M,84.1,79.1,1,21,No,No,No trabaja,0,5.0,Sí,7,60.0,No,5,Bajo,0,0
EST02764,Ingeniería Civil,3,Matutino,20,F,83.0,76.4,0,27,Sí,Sí,Medio tiempo,24,5.6,Sí,14,76.0,No,2,Bajo,0,0
EST02765,Ingeniería Industrial,4,Vespertino,24,M,59.0,71.7,0,18,No,No,No trabaja,0,8.3,Sí,13,100,No,3,Medio,0,0
EST02766,Licenciatura en Administración,4,Vespertino,21,M,66.5,84.2,2,30,No,Sí,Medio tiempo,19,8.9,Sí,11,70.5,No,2,Medio,0,1
EST02767,Ingeniería en Gestión Empresarial,2,Matutino,22,M,63.8,81.3,1,34,No,No,Tiempo completo,39,6.1,Sí,13,65.6,No,2,Alto,1,0
EST02768,Licenciatura en Administración,4,Vespertino,23,M,69.5,80.7,2,31,No,Sí,No trabaja,0,9.9,Sí,14,62.9,No,3,Medio,1,1
EST02769,Ingeniería Civil,2,Matutino,20,M,79.7,75.2,0,18,No,Sí,Medio tiempo,10,13.9,Sí,0,68.3,No,3,Bajo,0,1
EST02770,Contador Público,2,Matutino,20,F,72.6,89.7,1,26,Sí,Sí,No trabaja,0,7.6,No,9,70.7,No,3,Bajo,0,0
EST02771,Ingeniería Industrial,6,Vespertino,19,F,67.3,77.7,5,18,Sí,Sí,No trabaja,0,24.9,Sí,7,81.9,No,5,Alto,0,1
EST02772,Ingeniería Mecatrónica,9,Vespertino,22,F,83.4,87.5,0,33,No,No,Medio tiempo,27,2.1,Sí,8,61.8,No,2,Bajo,0,1
EST02773,Ingeniería en Sistemas Computacionales,1,Matutino,21,M,65.6,85.0,3,20,No,Sí,No trabaja,0,7.5,Sí,4,76.9,Sí,4,Bajo,0,0
EST02774,Ingeniería Mecatrónica,10,Vespertino,24,F,84.4,65.9,0,23,Sí,Sí,No trabaja,0,18.5,Sí,6,72.2,Sí,2,Medio,0,0
EST02775,Ingeniería Mecatrónica,6,Vespertino,19,M,80.1,91.2,0,20,No,Sí,Medio tiempo,14,7.8,Sí,4,91.1,Sí,2,Bajo,0,0
EST02776,Ingeniería en Sistemas Computacionales,2,Matutino,21,F,75.9,84.9,0,23,No,Sí,Medio tiempo,23,11.8,Sí,0,70.3,No,1,Bajo,0,0
EST02777,Ingeniería en Gestión Empresarial,2,Vespertino,18,M,91.8,86.3,0,23,No,No,Medio tiempo,12,8.8,Sí,7,85.7,No,3,Bajo,0,0
EST02778,Licenciatura en Administración,1,Matutino,17,F,75.0,75.0,0,21,No,No,Medio tiempo,28,15.6,Sí,0,71.7,No,4,Medio,0,0
EST02779,Ingeniería Industrial,8,Vespertino,22,M,82.9,86.4,0,25,No,No,Medio tiempo,19,6.8,Sí,14,73.1,No,5,Bajo,0,1
EST02780,Ingeniería Mecatrónica,4,Matutino,24,M,89.3,66.9,1,29,No,Sí,No trabaja,0,5.8,Sí,3,77.5,No,5,Bajo,0,0
EST02781,Licenciatura en Administración,9,Vespertino,22,M,65.9,87.9,8,22,No,No,No trabaja,0,8.9,Sí,7,100,No,1,Alto,1,1
EST02782,Ingeniería Mecatrónica,1,Matutino,21,M,89.5,89.6,4,35,Sí,No,No trabaja,0,9.5,Sí,16,100,No,5,Bajo,0,0
EST02783,Contador Público,10,Matutino,25,F,74.8,95.7,0,27,Sí,No,No trabaja,0,11.8,Sí,9,80.9,No,4,Bajo,0,0
EST02784,Ingeniería Civil,10,Vespertino,28,F,68.8,95.9,5,36,No,No,Medio tiempo,17,17.8,No,13,70.4,No,2,Alto,0,1
EST02785,Licenciatura en Administración,9,Vespertino,26,F,74.6,76.2,1,32,No,Sí,No trabaja,0,16.3,Sí,8,70.4,No,4,Bajo,0,0
EST02786,Ingeniería en Gestión Empresarial,8,Matutino,23,F,90.0,79.1,0,26,No,No,Medio tiempo,11,2.1,Sí,6,81.4,No,4,Bajo,0,0
EST02787,Ingeniería en Sistemas Computacionales,3,Vespertino,20,M,74.2,77.4,0,18,Sí,No,No trabaja,0,0.5,Sí,4,88.3,No,4,Bajo,0,0
EST02788,Ingeniería Mecatrónica,4,Vespertino,19,F,79.0,77.9,1,23,Sí,No,No trabaja,0,6.2,Sí,13,100,No,2,Bajo,0,0
EST02789,Licenciatura en Administración,1,Matutino,20,M,82.5,58.2,0,18,Sí,No,Tiempo completo,39,13.3,Sí,4,66.1,No,1,Medio,1,1
EST02790,Ingeniería Mecatrónica,1,Matutino,19,F,46.1,77.3,4,28,No,No,Tiempo completo,34,0.5,Sí,1,54.6,No,1,Alto,1,1
EST02791,Contador Público,10,Vespertino,23,M,82.6,90.3,3,35,Sí,Sí,Medio tiempo,28,14.5,Sí,13,96.9,No,2,Medio,0,0
EST02792,Ingeniería en Sistemas Computacionales,10,Matutino,22,F,91.5,93.0,3,25,No,No,No trabaja,0,3.2,Sí,18,96.5,No,5,Bajo,0,0
EST02793,Licenciatura en Administración,6,Matutino,23,M,87.2,100,0,19,No,No,Medio tiempo,13,5.5,Sí,7,92.2,No,5,Bajo,0,0
EST02794,Licenciatura en Administración,6,Matutino,24,F,69.0,96.2,2,35,No,No,No trabaja,0,11.3,Sí,8,83.5,No,2,Bajo,0,0
EST02795,Contador Público,6,Vespertino,22,F,66.6,82.3,2,31,Sí,No,No trabaja,0,9.5,Sí,9,83.8,No,2,Bajo,0,0
EST02796,Contador Público,1,Matutino,20,M,89.5,75.4,4,30,Sí,Sí,No trabaja,0,10.3,Sí,2,78.6,No,1,Bajo,0,0
EST02797,Contador Público,6,Vespertino,20,M,67.0,78.5,3,27,No,No,No trabaja,0,12.4,No,7,90.2,Sí,1,Medio,1,0
EST02798,Ingeniería en Gestión Empresarial,7,Vespertino,24,F,65.9,70.9,2,36,No,Sí,No trabaja,0,11.5,No,14,100,No,1,Medio,0,0
EST02799,Ingeniería Mecatrónica,3,Matutino,17,F,77.5,93.6,1,27,No,Sí,No trabaja,0,9.4,Sí,7,68.3,No,2,Bajo,0,0
EST02800,Ingeniería Electromecánica,6,Vespertino,25,M,59.1,68.1,1,35,Sí,Sí,Tiempo completo,41,18.1,Sí,7,76.8,No,4,Medio,0,1
EST02801,Ingeniería Electromecánica,3,Matutino,19,F,64.2,76.5,1,33,No,Sí,No trabaja,0,6.9,Sí,2,78.6,Sí,2,Medio,0,0
EST02802,Contador Público,9,Matutino,22,M,80.6,94.0,0,33,No,No,Medio tiempo,22,13.5,No,11,70.1,No,2,Bajo,0,0
EST02803,Ingeniería Electromecánica,9,Matutino,22,F,75.4,70.9,0,31,No,No,No trabaja,0,20.1,Sí,8,86.4,No,2,Bajo,1,0
EST02804,Ingeniería Civil,8,Matutino,24,F,69.4,89.0,1,18,No,No,Medio tiempo,11,6.3,Sí,7,77.1,No,1,Medio,0,1
EST02805,Ingeniería en Gestión Empresarial,6,Vespertino,25,F,97.6,77.6,3,29,Sí,No,No trabaja,0,10.2,Sí,14,63.3,Sí,2,Bajo,0,0
EST02806,Ingeniería Mecatrónica,10,Matutino,26,F,88.2,72.7,1,25,No,No,Medio tiempo,12,2.9,No,6,97.4,No,3,Medio,0,0
EST02807,Ingeniería en Gestión Empresarial,7,Matutino,25,F,77.3,89.5,2,23,No,No,No trabaja,0,6.7,Sí,2,78.6,No,3,Bajo,0,0
EST02808,Ingeniería Electromecánica,4,Matutino,20,F,88.5,92.5,4,29,No,Sí,No trabaja,0,7.7,Sí,8,79.4,No,4,Bajo,1,0
EST02809,Ingeniería Industrial,9,Matutino,22,F,91.5,96.4,1,25,Sí,No,No trabaja,0,1.3,Sí,14,76.8,No,3,Bajo,0,1
EST02810,Ingeniería Civil,10,Vespertino,23,F,61.4,80.1,1,28,Sí,No,Medio tiempo,15,0.7,Sí,11,72.5,No,4,Medio,1,0
EST02811,Ingeniería en Gestión Empresarial,4,Vespertino,23,F,79.4,91.9,1,25,No,No,Medio tiempo,16,15.1,Sí,5,100,No,2,Bajo,0,1
EST02812,Contador Público,6,Matutino,25,M,63.7,92.0,2,21,No,No,No trabaja,0,16.8,Sí,7,98.2,Sí,5,Medio,0,0
EST02813,Ingeniería Civil,4,Vespertino,18,M,72.8,96.6,2,26,Sí,Sí,No trabaja,0,15.3,Sí,14,83.0,No,5,Bajo,1,0
EST02814,Ingeniería Mecatrónica,3,Matutino,25,F,70.4,66.3,3,35,No,No,Tiempo completo,47,16.1,Sí,10,65.1,Sí,4,Alto,1,1
EST02815,Ingeniería Electromecánica,9,Vespertino,24,M,80.4,95.3,2,20,Sí,No,No trabaja,0,0.5,No,3,55.6,No,5,Bajo,0,0
EST02816,Ingeniería Civil,3,Vespertino,20,M,92.9,91.8,2,18,No,No,Medio tiempo,26,11.3,Sí,17,83.8,No,2,Bajo,0,0
EST02817,Ingeniería Industrial,2,Vespertino,17,F,77.3,50.3,1,22,Sí,Sí,Tiempo completo,40,17.5,Sí,6,80.2,No,3,Bajo,0,1
EST02818,Ingeniería en Sistemas Computacionales,1,Vespertino,18,F,79.5,71.8,3,24,No,No,No trabaja,0,10.1,Sí,1,80.1,No,5,Alto,0,0
EST02819,Licenciatura en Administración,4,Matutino,22,F,89.9,71.1,0,31,Sí,No,No trabaja,0,11.1,Sí,0,64.6,No,5,Bajo,0,0
EST02820,Ingeniería Civil,9,Matutino,27,F,94.4,70.3,1,34,Sí,No,No trabaja,0,13.8,Sí,7,76.9,No,1,Bajo,0,1
EST02821,Ingeniería en Gestión Empresarial,8,Vespertino,24,F,76.2,87.5,2,26,Sí,Sí,No trabaja,0,3.7,Sí,14,84.7,No,3,Bajo,0,1
EST02822,Ingeniería en Gestión Empresarial,3,Vespertino,26,F,81.0,78.8,0,27,No,No,No trabaja,0,10.2,No,14,81.4,No,4,Bajo,0,0
EST02823,Ingeniería Electromecánica,10,Matutino,23,F,78.4,86.5,1,32,Sí,No,No trabaja,0,9.0,Sí,13,91.3,No,4,Bajo,0,0
EST02824,Ingeniería Civil,10,Matutino,22,F,73.8,93.7,1,23,No,No,Medio tiempo,27,9.5,Sí,3,73.4,No,5,Bajo,0,0
EST02825,Contador Público,3,Matutino,20,F,73.4,79.8,4,22,Sí,Sí,No trabaja,0,20.8,Sí,0,49.2,No,2,Alto,1,1
EST02826,Contador Público,2,Matutino,19,M,79.2,97.8,3,36,No,Sí,No trabaja,0,11.4,Sí,11,85.2,No,3,Bajo,0,0
EST02827,Contador Público,7,Matutino,22,M,87.7,93.0,0,31,No,No,Medio tiempo,27,5.6,Sí,16,90.5,No,3,Bajo,0,0
EST02828,Licenciatura en Administración,10,Vespertino,22,M,84.2,100,4,27,No,Sí,Medio tiempo,23,12.5,Sí,16,99.5,No,1,Bajo,0,0
EST02829,Contador Público,4,Vespertino,20,F,69.5,75.8,0,25,No,Sí,No trabaja,0,15.3,Sí,10,79.5,Sí,4,Medio,1,0
EST02830,Ingeniería Civil,6,Matutino,24,F,68.5,70.2,0,24,Sí,Sí,Tiempo completo,45,11.8,Sí,3,71.8,Sí,4,Alto,1,1
EST02831,Ingeniería Industrial,6,Matutino,23,M,94.2,77.9,1,35,Sí,No,No trabaja,0,15.4,Sí,6,87.8,No,3,Bajo,0,0
EST02832,Contador Público,7,Vespertino,24,M,61.7,60.4,2,29,Sí,No,No trabaja,0,5.3,Sí,6,70.1,No,1,Alto,0,1
EST02833,Ingeniería Electromecánica,3,Matutino,21,F,72.7,84.2,1,28,Sí,No,No trabaja,0,6.1,No,5,100,No,5,Bajo,0,0
EST02834,Ingeniería Civil,4,Matutino,23,M,82.6,73.4,0,19,No,No,Tiempo completo,36,20.5,Sí,0,44.2,No,4,Medio,1,1
EST02835,Ingeniería en Gestión Empresarial,7,Matutino,19,M,71.9,60.7,5,26,Sí,Sí,Tiempo completo,43,11.6,Sí,11,60.4,No,5,Alto,1,0
EST02836,Ingeniería en Gestión Empresarial,10,Matutino,22,M,66.0,78.7,3,31,No,Sí,No trabaja,0,10.9,No,3,58.7,Sí,1,Alto,0,0
EST02837,Ingeniería Industrial,7,Matutino,26,F,69.2,78.4,3,26,Sí,Sí,No trabaja,0,18.7,Sí,5,83.3,No,2,Bajo,0,0
EST02838,Ingeniería Industrial,6,Matutino,20,F,65.2,87.0,2,36,Sí,No,No trabaja,0,4.4,Sí,1,47.9,No,4,Medio,0,0
EST02839,Ingeniería Industrial,3,Vespertino,20,F,72.3,96.6,0,27,No,No,No trabaja,0,9.8,Sí,6,62.9,No,2,Bajo,1,0
EST02840,Ingeniería en Sistemas Computacionales,1,Matutino,22,M,67.4,71.5,2,28,No,Sí,Medio tiempo,23,1.4,Sí,2,65.3,No,1,Alto,1,1
EST02841,Licenciatura en Administración,2,Vespertino,21,F,80.2,89.2,1,27,No,No,No trabaja,0,0.5,Sí,12,69.2,Sí,3,Bajo,0,0
EST02842,Ingeniería Electromecánica,9,Matutino,22,M,80.6,69.0,4,32,No,Sí,No trabaja,0,5.3,Sí,2,59.6,Sí,1,Medio,1,1
EST02843,Ingeniería en Sistemas Computacionales,6,Vespertino,29,M,79.6,81.9,0,32,No,Sí,Medio tiempo,15,17.8,Sí,11,62.5,No,2,Bajo,0,1
EST02844,Ingeniería Civil,9,Vespertino,23,F,76.6,88.5,3,32,No,Sí,No trabaja,0,12.1,No,13,86.9,No,2,Bajo,0,0
EST02845,Ingeniería Civil,2,Matutino,23,M,75.2,78.0,0,20,No,Sí,Medio tiempo,28,10.0,Sí,13,62.7,No,2,Bajo,0,0
EST02846,Ingeniería Electromecánica,4,Matutino,23,F,80.7,90.3,3,36,Sí,No,No trabaja,0,9.1,Sí,15,53.9,Sí,3,Medio,0,0
EST02847,Ingeniería Civil,3,Matutino,21,F,73.2,71.7,0,23,No,No,No trabaja,0,7.1,No,1,76.6,No,1,Bajo,0,0
EST02848,Ingeniería Mecatrónica,2,Matutino,17,M,68.2,100,2,20,No,No,Medio tiempo,20,14.5,No,7,92.3,No,2,Medio,0,0
EST02849,Licenciatura en Administración,5,Matutino,20,M,83.6,89.2,2,23,No,Sí,No trabaja,0,0.6,Sí,7,76.0,No,5,Bajo,1,1
EST02850,Ingeniería Electromecánica,5,Matutino,23,M,68.8,84.0,1,20,No,No,Medio tiempo,27,15.6,Sí,13,77.6,No,1,Medio,0,0
EST02851,Contador Público,7,Vespertino,19,M,66.4,68.8,3,25,No,No,Tiempo completo,40,19.0,Sí,2,59.5,Sí,2,Alto,0,1
EST02852,Ingeniería Civil,2,Matutino,21,F,87.8,92.8,1,23,No,Sí,Medio tiempo,11,0.5,Sí,17,47.6,Sí,5,Bajo,0,1
EST02853,Ingeniería Civil,6,Matutino,17,F,74.5,65.2,1,34,No,No,No trabaja,0,12.4,Sí,5,57.7,No,3,Bajo,0,0
EST02854,Licenciatura en Administración,5,Vespertino,20,M,91.3,85.1,2,29,No,No,No trabaja,0,8.1,No,14,69.5,No,1,Bajo,0,0
EST02855,Ingeniería en Gestión Empresarial,8,Matutino,23,F,62.6,89.9,7,29,No,Sí,No trabaja,0,15.2,Sí,1,76.5,No,3,Alto,1,1
EST02856,Ingeniería en Gestión Empresarial,5,Matutino,19,F,70.7,95.3,1,29,Sí,No,No trabaja,0,10.0,Sí,9,89.6,No,3,Bajo,0,1
EST02857,Licenciatura en Administración,9,Vespertino,24,M,62.0,92.8,3,26,Sí,No,Tiempo completo,35,3.3,Sí,13,77.7,No,3,Medio,0,1
EST02858,Ingeniería Mecatrónica,10,Vespertino,24,M,63.0,69.4,1,21,No,Sí,Tiempo completo,33,15.1,Sí,7,79.5,Sí,2,Medio,1,1
EST02859,Ingeniería Mecatrónica,5,Vespertino,22,M,69.4,70.2,1,32,No,Sí,Tiempo completo,44,6.3,Sí,12,60.9,No,3,Medio,0,1
EST02860,Ingeniería Civil,1,Vespertino,23,M,58.4,82.5,3,30,Sí,Sí,Medio tiempo,15,20.2,Sí,8,71.4,No,2,Medio,0,1
EST02861,Licenciatura en Administración,9,Vespertino,23,F,72.7,89.4,0,27,Sí,No,No trabaja,0,11.4,Sí,3,74.7,No,5,Bajo,0,0
EST02862,Ingeniería Civil,7,Matutino,22,F,84.4,63.0,0,27,Sí,No,Medio tiempo,11,13.3,No,2,59.0,No,1,Medio,0,1
EST02863,Ingeniería en Gestión Empresarial,10,Vespertino,27,F,62.8,78.3,1,18,No,No,Medio tiempo,18,17.4,Sí,11,100,No,2,Bajo,0,0
EST02864,Ingeniería Mecatrónica,1,Vespertino,24,M,58.6,61.9,4,36,No,No,Medio tiempo,15,13.2,Sí,13,87.8,Sí,2,Alto,1,1
EST02865,Contador Público,7,Matutino,23,M,80.8,70.9,1,30,Sí,Sí,No trabaja,0,0.5,Sí,6,58.5,Sí,4,Medio,0,1
EST02866,Licenciatura en Administración,10,Vespertino,25,F,61.1,53.9,2,30,No,No,Tiempo completo,33,10.7,Sí,7,80.5,No,1,Alto,0,1
EST02867,Ingeniería Electromecánica,3,Vespertino,18,F,58.2,78.1,2,18,No,No,Medio tiempo,26,9.5,Sí,2,67.8,No,3,Medio,1,1
EST02868,Ingeniería en Gestión Empresarial,8,Matutino,25,F,71.4,71.6,2,36,No,No,Medio tiempo,25,4.0,Sí,1,42.7,No,2,Medio,0,0
EST02869,Ingeniería Electromecánica,3,Matutino,20,F,74.6,71.9,1,30,No,Sí,Medio tiempo,22,11.3,Sí,5,88.5,No,1,Medio,0,0
EST02870,Ingeniería en Gestión Empresarial,4,Matutino,17,M,70.7,78.9,0,22,No,No,Tiempo completo,35,14.5,Sí,9,74.0,No,4,Bajo,1,0
EST02871,Contador Público,3,Vespertino,19,M,77.2,99.6,0,19,No,No,Medio tiempo,10,11.7,Sí,9,77.1,No,1,Bajo,0,0
EST02872,Licenciatura en Administración,7,Matutino,21,M,65.4,69.7,4,18,No,No,Medio tiempo,10,7.8,Sí,10,74.1,No,4,Alto,1,0
EST02873,Ingeniería en Gestión Empresarial,6,Matutino,20,M,86.1,77.1,2,23,Sí,No,No trabaja,0,17.4,Sí,0,56.8,No,1,Medio,0,0
EST02874,Ingeniería Electromecánica,6,Vespertino,22,F,83.5,86.4,2,31,No,Sí,No trabaja,0,7.4,Sí,6,72.4,No,1,Bajo,0,0
EST02875,Ingeniería en Sistemas Computacionales,9,Vespertino,21,M,68.7,84.5,2,25,No,No,Medio tiempo,21,0.5,Sí,9,86.9,No,3,Medio,0,1
EST02876,Ingeniería Electromecánica,1,Vespertino,20,M,90.2,88.4,2,22,No,No,Medio tiempo,12,3.0,Sí,10,63.2,Sí,4,Bajo,0,0
EST02877,Ingeniería Electromecánica,2,Vespertino,22,F,75.5,74.5,5,35,No,No,Medio tiempo,26,0.5,Sí,4,75.3,No,5,Alto,0,1
EST02878,Ingeniería Industrial,10,Matutino,24,M,72.8,73.0,1,26,Sí,Sí,Medio tiempo,25,3.7,Sí,7,87.7,No,2,Bajo,0,0
EST02879,Ingeniería en Sistemas Computacionales,5,Matutino,19,M,68.7,98.2,1,32,Sí,No,No trabaja,0,7.2,Sí,3,83.5,No,2,Bajo,0,0
EST02880,Licenciatura en Administración,4,Vespertino,21,M,77.4,83.2,0,31,No,No,No trabaja,0,12.1,Sí,14,83.8,No,2,Bajo,1,0
EST02881,Licenciatura en Administración,5,Matutino,22,F,90.9,70.2,0,26,No,Sí,Medio tiempo,10,10.0,Sí,7,100,No,4,Bajo,0,0
EST02882,Ingeniería en Sistemas Computacionales,5,Vespertino,23,M,99.7,87.3,1,26,No,No,No trabaja,0,14.5,Sí,15,83.8,No,5,Bajo,0,0
EST02883,Licenciatura en Administración,5,Vespertino,21,F,80.1,88.9,1,30,No,No,No trabaja,0,11.6,Sí,11,73.3,No,1,Bajo,0,0
EST02884,Ingeniería en Gestión Empresarial,6,Matutino,23,M,75.7,76.2,4,22,No,Sí,No trabaja,0,4.7,Sí,0,65.8,Sí,5,Medio,1,0
EST02885,Contador Público,3,Matutino,19,M,91.6,84.9,0,36,No,No,No trabaja,0,6.9,Sí,1,81.4,No,1,Bajo,0,0
EST02886,Ingeniería en Sistemas Computacionales,1,Vespertino,17,M,76.9,87.8,3,20,No,Sí,Tiempo completo,41,10.9,No,13,67.7,No,4,Alto,0,0
EST02887,Ingeniería en Sistemas Computacionales,10,Vespertino,26,F,77.4,70.0,2,28,No,Sí,Medio tiempo,11,15.6,Sí,0,73.0,No,2,Medio,0,1
EST02888,Ingeniería en Sistemas Computacionales,3,Vespertino,17,M,76.9,69.1,0,19,No,No,Medio tiempo,23,16.3,Sí,9,79.2,No,4,Bajo,0,0
EST02889,Contador Público,8,Matutino,24,M,79.5,74.1,0,20,No,Sí,No trabaja,0,18.2,Sí,0,72.6,No,1,Medio,0,0
EST02890,Ingeniería Civil,4,Vespertino,24,F,66.2,91.4,2,34,No,No,Medio tiempo,19,0.5,Sí,3,54.0,No,2,Alto,1,0
EST02891,Ingeniería Industrial,6,Matutino,21,F,79.5,91.0,5,29,Sí,No,Medio tiempo,21,12.7,Sí,12,79.1,No,3,Bajo,0,1
EST02892,Ingeniería Mecatrónica,8,Matutino,20,F,72.5,68.4,0,24,No,Sí,Tiempo completo,37,17.6,Sí,7,74.5,No,2,Medio,0,1
EST02893,Ingeniería Mecatrónica,2,Matutino,22,F,82.6,96.9,0,21,Sí,No,No trabaja,0,0.5,Sí,3,57.3,No,4,Bajo,0,0
EST02894,Licenciatura en Administración,10,Vespertino,24,M,57.2,75.5,2,24,No,No,Tiempo completo,42,11.5,Sí,5,80.7,Sí,2,Alto,0,0
EST02895,Ingeniería Electromecánica,5,Matutino,21,F,68.5,85.2,1,22,No,No,No trabaja,0,1.5,Sí,9,86.9,Sí,2,Bajo,0,0
EST02896,Ingeniería en Sistemas Computacionales,8,Vespertino,22,M,72.2,80.0,1,27,Sí,Sí,Medio tiempo,22,17.8,Sí,8,88.3,No,4,Bajo,1,0
EST02897,Contador Público,1,Vespertino,18,F,68.5,81.2,1,20,No,No,Medio tiempo,27,0.5,Sí,11,100,No,4,Bajo,0,0
EST02898,Ingeniería Electromecánica,5,Matutino,23,F,70.8,100,0,32,Sí,Sí,Medio tiempo,15,11.0,Sí,10,74.4,No,4,Bajo,0,0
EST02899,Ingeniería Civil,9,Matutino,22,M,72.0,84.1,0,31,No,Sí,Tiempo completo,48,14.9,Sí,1,53.3,No,2,Medio,0,0
EST02900,Contador Público,3,Vespertino,23,M,57.4,66.6,2,25,No,No,Tiempo completo,41,10.4,Sí,7,45.6,No,5,Alto,1,1
EST02901,Licenciatura en Administración,4,Matutino,24,F,87.2,95.1,3,31,Sí,Sí,No trabaja,0,17.4,Sí,19,70.5,Sí,2,Bajo,0,0
EST02902,Ingeniería Industrial,1,Matutino,21,F,70.7,80.3,3,27,No,Sí,No trabaja,0,0.5,Sí,12,94.4,No,2,Bajo,0,1
EST02903,Ingeniería en Sistemas Computacionales,6,Vespertino,21,F,62.4,83.3,4,30,Sí,No,Tiempo completo,47,8.8,Sí,14,89.5,No,4,Medio,0,0
EST02904,Licenciatura en Administración,5,Vespertino,19,F,96.4,90.8,0,32,No,Sí,No trabaja,0,11.4,Sí,9,71.7,Sí,3,Bajo,0,0
EST02905,Contador Público,10,Matutino,22,F,58.3,90.3,4,18,Sí,No,No trabaja,0,12.1,Sí,12,100,No,2,Medio,0,0
EST02906,Ingeniería Mecatrónica,3,Matutino,17,M,67.3,83.6,3,24,Sí,No,Medio tiempo,17,10.2,Sí,5,83.5,No,3,Medio,0,1
EST02907,Ingeniería en Sistemas Computacionales,4,Vespertino,24,M,80.9,78.1,0,21,No,No,Medio tiempo,22,1.9,Sí,9,98.4,No,5,Bajo,0,0
EST02908,Ingeniería Industrial,3,Matutino,23,F,68.0,54.1,1,30,Sí,No,Tiempo completo,36,8.6,Sí,5,70.5,No,5,Medio,0,0
EST02909,Ingeniería en Gestión Empresarial,5,Vespertino,19,F,57.2,79.2,1,36,No,Sí,No trabaja,0,5.7,Sí,2,89.9,No,1,Bajo,0,1
EST02910,Licenciatura en Administración,6,Matutino,23,F,69.3,100,0,24,Sí,No,Medio tiempo,12,0.5,Sí,9,76.1,No,3,Bajo,0,0
EST02911,Ingeniería en Sistemas Computacionales,3,Vespertino,23,F,80.5,67.8,0,22,No,Sí,Tiempo completo,37,7.4,Sí,5,48.0,No,3,Medio,0,0
EST02912,Ingeniería Electromecánica,9,Matutino,23,F,73.4,72.9,1,20,No,No,Tiempo completo,44,12.3,Sí,8,55.4,No,4,Medio,0,1
EST02913,Ingeniería Civil,2,Matutino,22,M,65.3,95.5,3,35,No,Sí,No trabaja,0,5.8,Sí,4,77.7,No,3,Medio,0,0
EST02914,Ingeniería Industrial,3,Vespertino,18,F,86.9,76.0,0,20,No,Sí,No trabaja,0,11.2,Sí,2,61.4,No,5,Bajo,0,0
EST02915,Licenciatura en Administración,7,Matutino,22,F,74.2,84.9,1,19,No,No,No trabaja,0,21.9,Sí,9,78.3,No,1,Bajo,0,1
EST02916,Ingeniería en Sistemas Computacionales,8,Vespertino,22,F,93.4,78.1,3,35,Sí,Sí,Medio tiempo,16,12.0,Sí,10,95.9,No,1,Bajo,0,1
EST02917,Ingeniería Civil,1,Vespertino,17,M,73.1,76.1,0,29,No,No,No trabaja,0,8.7,Sí,7,68.6,No,2,Bajo,0,1
EST02918,Ingeniería Civil,2,Vespertino,24,F,78.8,99.0,5,27,No,No,Medio tiempo,15,7.5,Sí,13,85.0,No,4,Medio,1,0
EST02919,Ingeniería en Sistemas Computacionales,5,Matutino,24,F,81.5,59.1,4,26,Sí,No,No trabaja,0,18.8,No,2,67.9,No,2,Alto,0,1
EST02920,Contador Público,3,Matutino,20,M,69.1,84.8,5,24,No,No,No trabaja,0,0.5,Sí,0,69.9,No,1,Medio,0,1
EST02921,Ingeniería Electromecánica,2,Matutino,20,M,73.9,77.0,0,26,Sí,No,No trabaja,0,3.0,Sí,1,41.6,No,1,Medio,1,1
EST02922,Ingeniería Mecatrónica,4,Vespertino,19,F,69.4,57.6,1,24,No,No,Medio tiempo,15,4.4,Sí,2,54.3,Sí,2,Alto,0,1
EST02923,Ingeniería Industrial,3,Matutino,17,M,79.9,66.4,1,18,Sí,No,Tiempo completo,38,18.7,Sí,12,75.1,No,1,Medio,1,1
EST02924,Ingeniería Industrial,1,Matutino,19,F,64.7,86.3,2,21,No,No,Medio tiempo,22,10.4,No,3,60.3,No,5,Bajo,0,0
EST02925,Ingeniería Electromecánica,10,Matutino,21,M,74.9,96.6,0,25,Sí,No,No trabaja,0,7.3,Sí,11,81.0,No,4,Bajo,0,0
EST02926,Ingeniería Industrial,6,Vespertino,25,F,74.2,84.8,0,18,Sí,Sí,No trabaja,0,9.1,Sí,14,78.9,No,2,Bajo,0,1
EST02927,Ingeniería en Gestión Empresarial,4,Matutino,20,M,63.0,69.2,4,33,No,No,No trabaja,0,5.4,Sí,3,59.6,No,5,Alto,0,0
EST02928,Ingeniería Industrial,9,Vespertino,21,F,56.0,74.4,3,24,Sí,No,No trabaja,0,3.2,Sí,9,100,No,1,Medio,0,0
EST02929,Ingeniería en Gestión Empresarial,6,Vespertino,27,M,53.0,54.6,2,19,No,No,Tiempo completo,34,15.4,Sí,11,75.7,No,1,Alto,1,1
EST02930,Contador Público,5,Matutino,20,F,66.1,88.2,3,26,No,Sí,Medio tiempo,15,17.8,Sí,14,91.0,Sí,4,Medio,0,1
EST02931,Ingeniería en Gestión Empresarial,1,Vespertino,21,F,66.5,84.2,1,36,No,No,No trabaja,0,14.6,Sí,12,97.1,No,2,Bajo,0,0
EST02932,Ingeniería Civil,10,Matutino,25,M,86.4,79.8,1,21,Sí,Sí,Medio tiempo,21,5.5,Sí,13,83.1,No,3,Bajo,0,0
EST02933,Licenciatura en Administración,6,Matutino,25,F,80.8,94.6,3,32,No,No,No trabaja,0,11.7,Sí,11,74.3,No,5,Bajo,0,1
EST02934,Ingeniería Mecatrónica,4,Vespertino,21,F,75.3,75.0,4,21,No,Sí,No trabaja,0,21.9,Sí,8,91.4,No,1,Bajo,0,0
EST02935,Licenciatura en Administración,5,Matutino,21,M,81.4,68.3,0,29,No,Sí,Medio tiempo,12,14.3,Sí,8,80.4,No,1,Bajo,0,0
EST02936,Ingeniería Civil,2,Vespertino,21,F,73.7,86.8,3,27,Sí,No,No trabaja,0,13.3,Sí,10,63.8,No,5,Medio,0,0
EST02937,Ingeniería Civil,9,Matutino,23,M,77.9,80.5,3,35,Sí,Sí,Medio tiempo,25,13.0,Sí,10,91.1,No,3,Bajo,0,0
EST02938,Ingeniería Industrial,5,Matutino,20,F,97.1,100,0,19,No,No,No trabaja,0,16.4,Sí,10,71.0,No,3,Bajo,0,0
EST02939,Ingeniería en Sistemas Computacionales,5,Matutino,19,M,65.8,85.0,3,26,No,Sí,No trabaja,0,3.9,Sí,12,92.1,Sí,4,Medio,0,0
EST02940,Ingeniería en Sistemas Computacionales,5,Matutino,20,M,88.7,74.8,0,18,No,Sí,Medio tiempo,24,7.6,Sí,11,92.7,No,5,Bajo,0,0
EST02941,Ingeniería Mecatrónica,6,Vespertino,20,F,80.1,73.4,1,20,No,Sí,No trabaja,0,9.4,Sí,6,100,Sí,2,Bajo,0,1
EST02942,Licenciatura en Administración,8,Matutino,22,M,76.0,77.5,0,34,No,No,Medio tiempo,26,6.4,Sí,1,44.2,No,3,Bajo,0,0
EST02943,Ingeniería Electromecánica,8,Vespertino,18,F,76.1,70.9,2,25,Sí,No,No trabaja,0,3.5,Sí,6,64.3,No,4,Medio,1,1
EST02944,Ingeniería Mecatrónica,7,Vespertino,24,M,75.0,81.8,3,18,No,No,Medio tiempo,17,0.5,Sí,14,84.6,No,5,Medio,1,1
EST02945,Ingeniería Mecatrónica,3,Vespertino,22,M,92.0,84.8,0,34,Sí,No,No trabaja,0,18.7,Sí,7,78.6,No,5,Bajo,0,0
EST02946,Ingeniería en Sistemas Computacionales,4,Vespertino,18,F,84.1,74.1,1,30,Sí,Sí,No trabaja,0,11.5,Sí,4,80.6,No,2,Bajo,0,0
EST02947,Ingeniería Electromecánica,4,Matutino,22,M,70.5,87.6,0,29,No,Sí,Medio tiempo,12,6.5,Sí,3,85.7,Sí,3,Bajo,0,0
EST02948,Licenciatura en Administración,3,Matutino,22,F,72.3,96.1,0,28,Sí,Sí,Medio tiempo,15,13.2,Sí,1,75.9,Sí,1,Bajo,0,1
EST02949,Ingeniería en Sistemas Computacionales,1,Vespertino,23,M,68.7,89.6,0,18,Sí,Sí,No trabaja,0,3.4,Sí,1,71.5,No,2,Bajo,0,0
EST02950,Ingeniería Civil,6,Vespertino,24,M,77.1,83.5,0,26,No,Sí,Tiempo completo,43,15.1,Sí,7,73.3,Sí,5,Medio,0,1
EST02951,Ingeniería en Gestión Empresarial,6,Vespertino,20,F,85.1,91.7,0,27,No,No,Medio tiempo,23,10.7,Sí,16,80.6,Sí,5,Bajo,1,0
EST02952,Ingeniería en Sistemas Computacionales,9,Matutino,22,F,66.0,100,2,18,Sí,No,Medio tiempo,24,2.6,No,7,98.3,No,3,Medio,1,0
EST02953,Ingeniería en Sistemas Computacionales,9,Vespertino,20,M,80.4,72.3,1,25,Sí,No,No trabaja,0,6.2,Sí,1,56.8,No,1,Medio,1,0
EST02954,Ingeniería en Gestión Empresarial,7,Matutino,21,F,90.1,76.1,2,29,No,Sí,No trabaja,0,6.7,Sí,12,70.5,No,3,Bajo,0,0
EST02955,Contador Público,6,Vespertino,25,F,71.3,87.2,0,22,No,No,Tiempo completo,45,13.6,Sí,1,58.7,Sí,3,Medio,0,0
EST02956,Ingeniería Mecatrónica,9,Vespertino,24,M,80.5,79.9,2,34,Sí,No,No trabaja,0,0.5,Sí,14,100,No,4,Bajo,0,0
EST02957,Ingeniería en Gestión Empresarial,8,Vespertino,23,M,77.4,78.4,0,28,No,No,No trabaja,0,12.0,Sí,13,91.7,No,4,Bajo,0,0
EST02958,Ingeniería en Sistemas Computacionales,5,Matutino,20,M,68.0,60.5,0,36,No,No,Tiempo completo,35,10.6,Sí,1,76.7,No,1,Medio,0,1
EST02959,Ingeniería en Sistemas Computacionales,1,Vespertino,24,F,62.7,100,1,33,No,No,Medio tiempo,17,3.3,Sí,0,72.3,No,5,Medio,0,0
EST02960,Contador Público,5,Matutino,22,M,85.8,95.6,0,18,Sí,No,No trabaja,0,3.0,Sí,16,47.7,No,4,Bajo,0,0
EST02961,Ingeniería Electromecánica,5,Vespertino,24,F,73.3,100,0,33,No,Sí,Medio tiempo,25,0.5,Sí,3,80.1,No,4,Bajo,0,0
EST02962,Licenciatura en Administración,8,Vespertino,25,F,74.0,97.6,2,23,No,Sí,Medio tiempo,24,20.1,No,10,95.7,Sí,5,Medio,0,0
EST02963,Contador Público,4,Vespertino,23,M,93.9,90.7,3,26,Sí,Sí,No trabaja,0,6.3,Sí,18,84.3,No,5,Bajo,0,0
EST02964,Ingeniería Civil,1,Vespertino,20,M,65.5,74.6,5,33,Sí,No,Tiempo completo,40,9.7,No,12,51.0,No,5,Alto,1,1
EST02965,Ingeniería en Gestión Empresarial,2,Matutino,18,F,67.3,89.0,2,27,No,Sí,No trabaja,0,10.5,Sí,0,88.1,No,2,Medio,0,0
EST02966,Ingeniería en Gestión Empresarial,6,Matutino,21,M,77.9,76.7,2,36,No,No,Medio tiempo,24,4.3,Sí,10,82.2,No,4,Medio,1,0
EST02967,Ingeniería en Sistemas Computacionales,5,Vespertino,24,M,84.1,88.9,0,23,Sí,No,No trabaja,0,8.3,No,7,100,Sí,3,Bajo,0,0
EST02968,Ingeniería Mecatrónica,10,Matutino,20,F,68.7,88.6,2,35,Sí,Sí,No trabaja,0,11.1,Sí,5,83.1,No,3,Bajo,0,0
EST02969,Ingeniería Mecatrónica,7,Matutino,24,M,60.1,60.6,0,20,No,Sí,Tiempo completo,37,0.5,No,0,40.2,No,2,Alto,1,1
EST02970,Ingeniería Electromecánica,8,Vespertino,24,M,88.9,84.7,0,19,Sí,No,Medio tiempo,25,12.8,Sí,2,76.6,No,3,Bajo,0,0
EST02971,Contador Público,2,Vespertino,20,M,85.4,96.6,2,32,No,No,No trabaja,0,3.1,Sí,5,96.7,No,2,Bajo,0,0
EST02972,Contador Público,5,Matutino,21,F,76.5,83.6,1,22,Sí,No,No trabaja,0,14.1,Sí,9,87.3,No,5,Bajo,0,0
EST02973,Ingeniería en Gestión Empresarial,6,Vespertino,20,M,57.4,76.0,2,19,Sí,Sí,Tiempo completo,31,18.2,Sí,1,89.2,Sí,5,Medio,1,0
EST02974,Ingeniería en Sistemas Computacionales,2,Vespertino,21,F,69.2,73.4,2,20,No,No,Tiempo completo,44,18.4,Sí,6,84.5,No,3,Alto,1,1
EST02975,Contador Público,10,Matutino,23,F,80.6,92.4,0,35,No,No,No trabaja,0,2.1,Sí,8,72.0,No,5,Bajo,0,0
EST02976,Licenciatura en Administración,2,Vespertino,23,F,61.3,82.4,2,36,No,No,No trabaja,0,4.7,No,11,73.0,No,4,Medio,0,0
EST02977,Contador Público,9,Matutino,22,M,84.7,82.8,6,30,No,Sí,No trabaja,0,1.8,No,13,97.0,Sí,2,Medio,0,1
EST02978,Ingeniería Industrial,9,Vespertino,23,M,61.7,80.1,2,35,Sí,No,Tiempo completo,33,5.9,Sí,2,53.4,No,1,Alto,0,1
EST02979,Contador Público,1,Vespertino,19,M,78.9,76.0,0,21,Sí,No,No trabaja,0,2.6,No,11,49.2,No,1,Bajo,0,0
EST02980,Ingeniería en Sistemas Computacionales,7,Matutino,22,F,72.4,69.3,5,20,No,No,No trabaja,0,4.6,Sí,11,75.0,Sí,3,Alto,1,0
EST02981,Ingeniería Mecatrónica,8,Matutino,23,F,72.7,80.0,1,22,No,No,No trabaja,0,14.4,Sí,3,67.6,No,5,Medio,0,0
EST02982,Licenciatura en Administración,5,Vespertino,20,F,86.4,97.2,6,31,No,No,No trabaja,0,6.7,Sí,9,58.3,No,3,Medio,1,0
EST02983,Ingeniería Civil,4,Matutino,22,F,62.9,62.8,1,20,Sí,No,No trabaja,0,15.5,Sí,7,71.6,No,1,Medio,1,1
EST02984,Ingeniería Civil,4,Matutino,19,M,70.5,70.0,0,34,No,No,Medio tiempo,28,7.6,Sí,8,74.9,Sí,1,Medio,0,0
EST02985,Ingeniería en Gestión Empresarial,2,Matutino,23,F,60.2,69.5,1,25,No,No,No trabaja,0,18.4,Sí,11,100,No,1,Medio,0,1
EST02986,Ingeniería Civil,4,Matutino,22,F,58.9,83.5,1,19,Sí,Sí,Medio tiempo,10,3.2,No,13,71.2,No,1,Bajo,0,0
EST02987,Ingeniería Industrial,4,Vespertino,18,M,88.7,98.2,1,31,No,No,Medio tiempo,10,14.3,Sí,7,100,No,2,Bajo,0,0
EST02988,Ingeniería Mecatrónica,8,Vespertino,25,M,80.2,83.4,1,22,Sí,No,No trabaja,0,4.9,Sí,14,100,No,1,Bajo,0,0
EST02989,Contador Público,10,Matutino,26,F,78.5,99.8,0,18,Sí,No,Medio tiempo,28,1.1,Sí,6,46.2,No,3,Bajo,0,0
EST02990,Contador Público,8,Vespertino,24,F,79.7,74.4,0,26,No,No,Medio tiempo,27,7.6,Sí,10,100,No,1,Bajo,1,1
EST02991,Licenciatura en Administración,1,Matutino,17,M,93.6,96.9,0,22,No,Sí,No trabaja,0,1.5,Sí,11,82.8,No,4,Bajo,0,0
EST02992,Ingeniería Industrial,6,Vespertino,21,M,82.7,91.2,1,36,No,Sí,No trabaja,0,4.6,Sí,14,82.4,No,3,Bajo,0,0
EST02993,Licenciatura en Administración,7,Matutino,23,M,58.7,82.5,3,35,No,Sí,No trabaja,0,7.5,Sí,9,75.0,No,5,Alto,1,0
EST02994,Licenciatura en Administración,3,Matutino,22,F,67.0,67.4,2,27,Sí,Sí,Tiempo completo,33,4.0,No,6,59.4,No,1,Alto,0,1
EST02995,Contador Público,8,Matutino,18,M,62.7,64.8,1,31,No,Sí,Medio tiempo,23,1.3,Sí,6,69.4,No,1,Alto,1,0
EST02996,Ingeniería Mecatrónica,4,Matutino,23,M,64.2,77.0,1,32,No,Sí,No trabaja,0,5.4,Sí,10,87.7,No,4,Bajo,0,0
EST02997,Ingeniería Electromecánica,2,Vespertino,22,F,82.6,79.2,4,25,Sí,No,No trabaja,0,6.6,Sí,13,79.3,No,5,Bajo,0,1
EST02998,Ingeniería Industrial,6,Vespertino,22,F,55.3,71.3,0,31,Sí,No,Tiempo completo,34,8.2,Sí,14,89.4,No,4,Medio,0,1
EST02999,Ingeniería Industrial,3,Matutino,24,F,80.6,90.7,2,27,No,No,Medio tiempo,15,8.5,Sí,14,87.8,No,1,Bajo,0,0
EST03000,Licenciatura en Administración,8,Vespertino,22,F,72.7,80.8,0,35,Sí,Sí,Medio tiempo,17,3.6,Sí,3,63.4,No,5,Bajo,0,0
EST03001,Licenciatura en Administración,7,Matutino,22,F,66.4,85.5,0,24,Sí,No,No trabaja,0,0.6,Sí,11,80.4,No,1,Bajo,0,1
EST03002,Ingeniería Civil,7,Matutino,19,M,76.2,83.3,1,35,No,No,Tiempo completo,44,12.4,Sí,7,74.5,No,4,Medio,0,1
EST03003,Ingeniería Civil,7,Matutino,19,M,58.4,87.0,3,26,Sí,Sí,Tiempo completo,32,1.6,Sí,5,97.8,Sí,1,Medio,0,0
EST03004,Ingeniería en Gestión Empresarial,5,Matutino,23,F,71.4,76.8,1,36,No,No,Tiempo completo,38,6.6,Sí,3,60.2,No,2,Medio,0,0
EST03005,Ingeniería Civil,3,Vespertino,22,F,67.7,73.5,2,36,No,No,No trabaja,0,12.3,Sí,8,86.1,No,2,Bajo,0,1
EST03006,Contador Público,9,Vespertino,27,F,76.9,69.6,0,30,No,No,Medio tiempo,28,6.5,Sí,0,74.6,No,3,Bajo,0,1
EST03007,Ingeniería Mecatrónica,9,Matutino,26,M,72.7,85.7,4,27,Sí,Sí,No trabaja,0,3.9,Sí,7,83.3,No,5,Bajo,0,0
EST03008,Ingeniería Industrial,7,Matutino,24,F,82.7,91.2,1,23,No,Sí,Medio tiempo,12,7.0,Sí,14,100,No,2,Bajo,0,0
EST03009,Ingeniería Mecatrónica,5,Matutino,19,F,71.9,71.6,4,29,Sí,No,No trabaja,0,10.7,Sí,6,93.3,No,1,Medio,0,1
EST03010,Ingeniería en Gestión Empresarial,6,Matutino,21,F,66.3,83.1,0,33,Sí,No,No trabaja,0,7.5,Sí,0,58.3,No,5,Bajo,0,1
EST03011,Ingeniería Civil,5,Vespertino,17,F,60.5,82.3,0,35,No,No,No trabaja,0,13.7,Sí,10,86.1,No,3,Bajo,0,1
EST03012,Ingeniería Civil,2,Matutino,17,M,76.3,52.3,3,29,No,No,Medio tiempo,22,1.9,Sí,3,44.5,No,5,Alto,1,1
EST03013,Ingeniería en Sistemas Computacionales,7,Vespertino,19,F,76.8,87.3,3,19,No,No,Medio tiempo,19,9.0,Sí,3,67.9,No,5,Medio,0,0
EST03014,Contador Público,4,Matutino,21,M,88.2,67.7,2,23,No,Sí,Medio tiempo,22,6.4,Sí,10,68.1,No,5,Bajo,0,0
EST03015,Ingeniería Industrial,10,Vespertino,25,M,66.7,53.9,1,20,Sí,No,Tiempo completo,40,0.5,Sí,12,70.2,No,3,Medio,1,0
EST03016,Ingeniería Industrial,3,Vespertino,22,F,71.7,85.1,2,34,Sí,No,Medio tiempo,19,7.4,Sí,5,66.2,No,5,Medio,1,0
EST03017,Licenciatura en Administración,9,Vespertino,24,F,78.1,84.4,0,34,Sí,Sí,Medio tiempo,21,4.0,Sí,5,81.9,No,3,Bajo,0,0
EST03018,Ingeniería Mecatrónica,2,Vespertino,20,M,77.8,73.7,0,27,Sí,Sí,No trabaja,0,5.4,Sí,1,64.5,No,3,Bajo,0,0
EST03019,Contador Público,8,Vespertino,19,F,88.1,76.9,2,29,Sí,No,Medio tiempo,19,0.5,Sí,9,71.2,Sí,4,Medio,0,0
EST03020,Ingeniería en Sistemas Computacionales,9,Vespertino,22,F,74.0,67.0,5,34,No,No,Tiempo completo,41,3.8,Sí,1,72.3,Sí,3,Alto,0,0
EST03021,Licenciatura en Administración,9,Matutino,21,F,73.8,71.7,0,22,Sí,No,Tiempo completo,30,14.5,Sí,1,68.1,No,4,Bajo,0,0
EST03022,Ingeniería Civil,1,Matutino,17,M,98.4,62.5,4,31,Sí,No,No trabaja,0,14.5,Sí,13,49.5,No,4,Bajo,0,0
EST03023,Contador Público,6,Vespertino,22,M,71.4,69.8,3,30,Sí,No,Medio tiempo,13,11.9,Sí,12,74.4,Sí,3,Medio,0,0
EST03024,Ingeniería Electromecánica,7,Matutino,20,M,76.5,86.3,0,36,No,No,No trabaja,0,6.7,No,2,43.4,No,3,Bajo,0,0
EST03025,Ingeniería Mecatrónica,10,Vespertino,21,F,82.3,80.0,1,31,No,Sí,No trabaja,0,4.7,Sí,5,95.6,No,1,Bajo,0,0
EST03026,Ingeniería en Sistemas Computacionales,4,Matutino,18,F,70.4,67.6,0,25,Sí,No,No trabaja,0,10.0,Sí,14,75.2,No,4,Bajo,0,0
EST03027,Ingeniería Industrial,5,Vespertino,25,F,59.1,81.8,2,19,Sí,Sí,No trabaja,0,7.8,Sí,11,87.8,No,5,Bajo,1,0
EST03028,Ingeniería Electromecánica,4,Vespertino,21,M,79.1,82.5,0,22,No,No,No trabaja,0,14.7,Sí,8,84.5,No,5,Bajo,0,0
EST03029,Ingeniería Electromecánica,8,Matutino,24,F,65.9,87.1,3,24,Sí,No,No trabaja,0,3.6,Sí,1,100,No,4,Bajo,0,0
EST03030,Ingeniería en Gestión Empresarial,2,Vespertino,19,F,73.0,84.5,0,21,No,Sí,No trabaja,0,15.8,Sí,14,80.4,No,4,Bajo,0,0
EST03031,Ingeniería Electromecánica,3,Vespertino,22,M,65.7,88.7,2,19,Sí,Sí,No trabaja,0,12.6,Sí,14,89.8,No,5,Bajo,0,0
EST03032,Ingeniería Mecatrónica,6,Vespertino,17,M,66.6,89.2,0,20,Sí,No,No trabaja,0,5.6,Sí,14,94.2,No,1,Bajo,0,0
EST03033,Ingeniería en Sistemas Computacionales,1,Vespertino,19,M,80.5,93.9,2,24,No,No,Medio tiempo,25,9.9,Sí,16,94.2,No,1,Bajo,0,0
EST03034,Ingeniería en Gestión Empresarial,9,Matutino,23,M,72.8,74.6,2,20,No,Sí,Medio tiempo,13,0.5,Sí,12,66.5,No,4,Medio,0,0
EST03035,Contador Público,6,Matutino,21,M,79.8,82.4,1,28,No,Sí,Medio tiempo,15,9.9,Sí,14,100,No,4,Bajo,1,0
EST03036,Licenciatura en Administración,6,Vespertino,26,M,78.5,72.4,0,26,No,Sí,Tiempo completo,48,10.1,No,3,57.3,No,3,Medio,0,0
EST03037,Ingeniería Electromecánica,4,Matutino,23,F,75.4,89.5,0,36,Sí,Sí,No trabaja,0,14.6,Sí,4,91.2,No,1,Bajo,0,0
EST03038,Ingeniería Civil,1,Matutino,20,M,54.8,78.3,1,27,No,Sí,Tiempo completo,47,10.0,Sí,3,57.9,No,5,Medio,1,1
EST03039,Ingeniería Industrial,9,Matutino,24,M,75.6,71.0,0,21,No,No,Tiempo completo,36,18.4,Sí,12,96.2,No,3,Bajo,0,0
EST03040,Licenciatura en Administración,8,Matutino,19,M,76.7,53.3,0,22,No,Sí,Tiempo completo,37,15.3,Sí,7,90.0,No,2,Medio,0,1
EST03041,Ingeniería en Gestión Empresarial,6,Matutino,22,F,70.0,89.4,3,35,No,No,Medio tiempo,18,7.1,Sí,5,74.4,No,5,Medio,0,0
EST03042,Ingeniería Industrial,8,Matutino,23,F,73.7,95.7,1,24,Sí,No,No trabaja,0,21.2,Sí,1,75.4,Sí,3,Bajo,0,1
EST03043,Ingeniería Mecatrónica,10,Vespertino,22,F,76.7,82.2,0,32,Sí,No,Medio tiempo,10,11.7,Sí,0,92.1,No,4,Bajo,0,0
EST03044,Contador Público,1,Vespertino,19,F,68.8,84.3,7,22,No,No,No trabaja,0,4.9,Sí,6,82.3,No,2,Alto,0,1
EST03045,Ingeniería Civil,3,Vespertino,23,M,92.1,87.8,5,29,No,No,Tiempo completo,45,15.7,Sí,13,89.6,No,5,Medio,1,0
EST03046,Ingeniería en Gestión Empresarial,9,Vespertino,24,F,84.2,72.8,0,27,Sí,No,Medio tiempo,16,16.0,Sí,8,76.5,No,5,Bajo,0,0
EST03047,Ingeniería Civil,9,Matutino,24,M,72.2,68.4,3,29,No,Sí,No trabaja,0,15.9,Sí,13,92.8,No,3,Medio,0,0
EST03048,Ingeniería en Sistemas Computacionales,4,Matutino,23,F,80.2,71.6,1,23,No,Sí,No trabaja,0,6.0,Sí,10,93.6,Sí,5,Bajo,0,1
EST03049,Ingeniería en Sistemas Computacionales,7,Matutino,22,F,72.8,81.5,0,21,No,No,Medio tiempo,22,17.4,Sí,7,77.9,No,3,Bajo,0,0
EST03050,Ingeniería Industrial,8,Matutino,17,M,85.0,75.5,3,26,No,No,No trabaja,0,12.5,Sí,7,83.7,Sí,1,Medio,0,1
EST03051,Ingeniería Electromecánica,8,Matutino,19,M,90.6,86.7,1,19,Sí,No,No trabaja,0,13.3,Sí,19,82.3,No,4,Bajo,0,1
EST03052,Ingeniería Mecatrónica,4,Matutino,24,M,61.1,79.7,1,35,No,No,Medio tiempo,26,6.1,Sí,4,56.9,No,5,Alto,1,1
EST03053,Ingeniería Electromecánica,3,Matutino,17,F,84.1,98.7,1,23,No,No,No trabaja,0,0.5,Sí,13,91.5,No,5,Bajo,0,0
EST03054,Ingeniería Mecatrónica,4,Vespertino,19,M,70.1,90.6,1,34,Sí,Sí,No trabaja,0,9.7,Sí,9,76.8,No,5,Bajo,0,0
EST03055,Ingeniería en Gestión Empresarial,3,Vespertino,20,M,81.7,77.4,0,31,No,No,No trabaja,0,0.5,Sí,7,80.5,No,5,Bajo,0,0
EST03056,Ingeniería Industrial,6,Matutino,21,M,83.8,80.0,2,33,Sí,No,No trabaja,0,10.1,Sí,9,94.3,No,2,Bajo,0,0
EST03057,Ingeniería Industrial,4,Matutino,20,F,75.1,84.4,3,26,No,No,Medio tiempo,17,17.0,Sí,5,80.1,Sí,1,Medio,0,1
EST03058,Ingeniería Mecatrónica,6,Matutino,26,M,74.0,79.7,6,22,No,Sí,Tiempo completo,48,13.8,Sí,8,85.0,No,1,Alto,0,0
EST03059,Ingeniería Mecatrónica,8,Matutino,20,F,80.2,100,3,19,Sí,No,No trabaja,0,12.2,Sí,16,78.6,No,2,Bajo,0,0
EST03060,Ingeniería en Gestión Empresarial,10,Matutino,23,F,83.7,76.3,1,21,Sí,Sí,No trabaja,0,0.5,Sí,7,91.5,No,3,Bajo,0,0
EST03061,Ingeniería en Sistemas Computacionales,3,Vespertino,21,M,74.6,70.3,2,21,No,Sí,No trabaja,0,0.5,Sí,8,90.8,No,1,Bajo,0,0
EST03062,Ingeniería Industrial,6,Vespertino,22,M,73.6,72.8,1,18,No,No,No trabaja,0,16.6,Sí,6,89.5,No,3,Bajo,0,0
EST03063,Ingeniería en Gestión Empresarial,5,Matutino,18,M,74.7,95.2,0,21,Sí,No,Tiempo completo,32,5.1,Sí,2,59.2,No,4,Bajo,0,0
EST03064,Ingeniería Civil,10,Matutino,22,F,74.2,78.0,1,18,Sí,Sí,No trabaja,0,16.8,Sí,7,78.3,No,4,Bajo,0,1
EST03065,Ingeniería Civil,1,Vespertino,18,F,73.8,85.9,1,24,Sí,Sí,No trabaja,0,9.7,Sí,7,77.0,No,2,Bajo,0,1
EST03066,Ingeniería Electromecánica,5,Vespertino,21,F,73.0,92.3,1,25,No,No,No trabaja,0,11.3,Sí,0,86.7,No,3,Bajo,0,0
EST03067,Ingeniería Electromecánica,4,Matutino,21,F,93.5,87.0,0,18,No,Sí,No trabaja,0,8.6,Sí,13,75.2,No,3,Bajo,0,0
EST03068,Ingeniería Civil,4,Matutino,21,F,75.8,70.7,0,30,No,No,No trabaja,0,7.0,Sí,14,100,No,5,Bajo,0,0
EST03069,Ingeniería en Gestión Empresarial,10,Matutino,20,F,77.0,82.7,0,25,No,No,Medio tiempo,18,1.5,Sí,8,77.5,No,4,Bajo,0,0
EST03070,Ingeniería Mecatrónica,3,Matutino,19,M,86.7,94.5,0,20,No,No,Medio tiempo,14,13.7,Sí,19,78.0,No,5,Bajo,0,0
EST03071,Ingeniería en Gestión Empresarial,8,Vespertino,19,M,66.3,83.4,2,22,Sí,No,Medio tiempo,26,9.8,Sí,0,61.2,No,1,Medio,0,0
EST03072,Contador Público,6,Vespertino,20,F,77.9,63.8,1,29,Sí,No,No trabaja,0,22.3,Sí,3,39.9,No,4,Medio,1,0
EST03073,Ingeniería en Sistemas Computacionales,2,Vespertino,21,F,74.3,76.6,1,35,Sí,Sí,No trabaja,0,7.2,Sí,2,64.4,No,3,Medio,1,0
EST03074,Ingeniería Electromecánica,4,Vespertino,20,F,100,79.1,0,29,No,Sí,No trabaja,0,10.7,Sí,12,85.0,Sí,5,Bajo,0,0
EST03075,Ingeniería Civil,7,Matutino,22,M,92.2,86.7,2,35,No,Sí,Medio tiempo,28,18.5,Sí,7,80.6,No,1,Bajo,0,0
EST03076,Licenciatura en Administración,8,Vespertino,23,F,61.5,78.1,2,34,Sí,Sí,No trabaja,0,4.4,Sí,0,52.5,No,2,Medio,1,1
EST03077,Ingeniería en Gestión Empresarial,4,Vespertino,20,F,73.9,100,2,34,Sí,No,Medio tiempo,21,7.6,Sí,4,82.9,Sí,3,Bajo,0,0
EST03078,Licenciatura en Administración,6,Vespertino,23,M,76.3,78.4,0,29,No,No,No trabaja,0,20.2,Sí,9,73.6,No,5,Bajo,0,0
EST03079,Licenciatura en Administración,4,Vespertino,25,M,67.5,85.4,2,33,Sí,No,Medio tiempo,13,5.5,Sí,3,74.1,No,1,Medio,0,0
EST03080,Ingeniería Civil,8,Vespertino,22,F,76.5,83.1,0,21,No,Sí,No trabaja,0,0.5,Sí,4,77.5,Sí,5,Bajo,0,0
EST03081,Licenciatura en Administración,9,Vespertino,21,M,82.3,99.2,1,25,No,Sí,No trabaja,0,8.6,Sí,9,100,No,2,Bajo,0,0
EST03082,Ingeniería en Sistemas Computacionales,2,Vespertino,20,M,89.6,71.8,0,20,No,No,Medio tiempo,21,19.5,Sí,6,63.0,Sí,4,Medio,1,0
EST03083,Ingeniería Industrial,5,Vespertino,20,F,75.4,69.6,1,18,Sí,Sí,Medio tiempo,16,15.7,Sí,12,96.1,No,1,Bajo,0,0
EST03084,Ingeniería en Sistemas Computacionales,5,Vespertino,21,M,83.8,89.0,1,32,No,Sí,No trabaja,0,7.8,Sí,18,79.6,No,1,Bajo,0,0
EST03085,Ingeniería Civil,7,Matutino,21,M,73.0,85.6,1,28,Sí,No,No trabaja,0,0.8,Sí,3,43.6,No,1,Bajo,0,0
EST03086,Ingeniería Mecatrónica,6,Matutino,24,M,75.2,73.4,1,31,Sí,No,Medio tiempo,13,17.5,Sí,7,92.9,No,3,Bajo,0,0
EST03087,Licenciatura en Administración,4,Matutino,21,F,83.3,68.2,0,26,Sí,No,Tiempo completo,44,10.6,Sí,4,80.7,No,2,Bajo,0,1
EST03088,Ingeniería en Gestión Empresarial,10,Vespertino,20,M,82.7,97.2,1,25,No,Sí,No trabaja,0,9.0,Sí,3,82.4,No,5,Bajo,1,0
EST03089,Ingeniería Electromecánica,6,Matutino,20,M,89.5,69.7,3,22,No,No,No trabaja,0,7.6,Sí,1,81.9,Sí,3,Medio,0,1
EST03090,Licenciatura en Administración,1,Matutino,17,F,65.9,65.2,2,27,No,No,No trabaja,0,17.5,Sí,7,82.2,Sí,5,Alto,1,1
EST03091,Ingeniería Industrial,6,Vespertino,20,M,67.8,79.3,3,21,No,No,No trabaja,0,15.0,Sí,11,94.3,No,1,Medio,1,1
EST03092,Ingeniería en Gestión Empresarial,9,Matutino,21,M,87.3,69.0,0,18,No,Sí,Medio tiempo,22,5.8,Sí,9,84.6,No,1,Bajo,1,0
EST03093,Ingeniería en Sistemas Computacionales,3,Matutino,21,M,88.2,100,0,29,No,No,No trabaja,0,7.5,Sí,17,66.0,No,3,Bajo,0,0
EST03094,Ingeniería en Sistemas Computacionales,8,Vespertino,24,F,56.9,89.0,4,27,Sí,No,Medio tiempo,21,8.5,Sí,14,81.4,No,5,Medio,1,1
EST03095,Ingeniería en Sistemas Computacionales,4,Vespertino,21,F,76.6,88.8,2,22,No,Sí,No trabaja,0,0.5,Sí,0,67.5,No,2,Bajo,0,0
EST03096,Ingeniería Civil,1,Vespertino,22,M,83.5,89.1,0,24,Sí,No,No trabaja,0,12.1,Sí,5,82.2,No,3,Bajo,1,0
EST03097,Ingeniería en Gestión Empresarial,3,Matutino,20,F,84.0,76.1,0,25,No,No,No trabaja,0,5.4,Sí,6,77.3,No,4,Bajo,1,1
EST03098,Contador Público,2,Matutino,22,F,83.0,100,0,33,Sí,No,Medio tiempo,28,24.4,Sí,5,92.9,No,4,Bajo,0,0
EST03099,Ingeniería Mecatrónica,10,Matutino,22,F,80.8,72.0,1,18,Sí,No,No trabaja,0,1.8,Sí,13,78.6,No,1,Bajo,0,0
EST03100,Ingeniería en Gestión Empresarial,10,Vespertino,21,M,63.3,85.1,1,27,Sí,Sí,Medio tiempo,23,13.1,Sí,13,71.0,No,4,Medio,0,0
EST03101,Ingeniería en Gestión Empresarial,6,Matutino,21,F,87.5,73.9,0,34,Sí,No,No trabaja,0,16.1,No,4,68.9,No,5,Medio,0,1
EST03102,Ingeniería en Gestión Empresarial,2,Vespertino,23,F,82.8,90.8,5,26,Sí,Sí,No trabaja,0,0.5,Sí,8,80.2,No,3,Bajo,0,1
EST03103,Ingeniería Mecatrónica,7,Vespertino,25,M,75.2,86.4,4,29,Sí,No,No trabaja,0,14.9,Sí,3,74.7,No,2,Bajo,0,1
EST03104,Ingeniería Mecatrónica,3,Vespertino,19,F,91.9,96.1,1,27,No,Sí,No trabaja,0,0.5,Sí,5,91.1,No,1,Bajo,0,0
EST03105,Ingeniería Civil,3,Vespertino,20,M,92.0,94.4,0,25,No,No,Tiempo completo,30,10.1,Sí,7,92.6,No,5,Bajo,0,0
EST03106,Ingeniería Civil,2,Vespertino,19,M,77.6,100,0,28,Sí,No,No trabaja,0,0.5,Sí,2,51.5,No,5,Bajo,0,0
EST03107,Contador Público,10,Matutino,20,F,83.3,75.9,0,34,Sí,No,Medio tiempo,11,11.9,Sí,14,87.1,Sí,5,Bajo,1,0
EST03108,Ingeniería en Gestión Empresarial,9,Vespertino,23,F,83.4,92.5,3,19,No,Sí,No trabaja,0,14.0,Sí,9,96.3,No,1,Bajo,0,1
EST03109,Ingeniería en Sistemas Computacionales,8,Vespertino,24,M,66.6,74.9,2,27,Sí,No,No trabaja,0,12.9,No,2,70.2,No,1,Medio,0,1
EST03110,Licenciatura en Administración,4,Vespertino,17,M,63.9,84.4,1,21,Sí,Sí,No trabaja,0,2.4,Sí,2,62.6,No,2,Medio,0,0
EST03111,Ingeniería Industrial,2,Matutino,18,F,79.8,92.7,5,28,No,Sí,Medio tiempo,26,14.1,Sí,11,55.5,Sí,4,Medio,0,0
EST03112,Contador Público,9,Matutino,20,M,85.3,100,1,18,No,Sí,No trabaja,0,12.7,Sí,8,67.4,No,5,Bajo,0,0
EST03113,Ingeniería Mecatrónica,6,Vespertino,23,F,72.9,85.2,0,27,No,No,Medio tiempo,10,11.6,Sí,12,93.5,No,5,Bajo,1,0
EST03114,Ingeniería Civil,4,Matutino,21,F,61.9,89.5,3,27,No,No,No trabaja,0,8.8,Sí,12,73.7,No,2,Medio,1,0
EST03115,Ingeniería Mecatrónica,4,Vespertino,23,M,76.8,87.4,0,20,No,No,Medio tiempo,17,2.6,Sí,9,74.9,No,5,Bajo,0,0
EST03116,Contador Público,1,Vespertino,18,F,70.5,95.5,1,36,No,Sí,Medio tiempo,10,9.9,Sí,3,70.1,No,2,Medio,0,0
EST03117,Licenciatura en Administración,4,Vespertino,18,F,55.5,88.6,1,33,No,No,Medio tiempo,18,3.3,Sí,11,93.5,No,2,Bajo,0,0
EST03118,Contador Público,5,Matutino,18,F,65.5,87.0,0,30,Sí,No,Tiempo completo,37,7.6,Sí,2,47.8,No,5,Bajo,0,0
EST03119,Licenciatura en Administración,5,Vespertino,24,F,90.0,68.3,0,21,No,No,Medio tiempo,13,16.2,Sí,11,64.1,No,5,Bajo,1,0
EST03120,Ingeniería en Sistemas Computacionales,2,Vespertino,17,F,77.7,85.9,0,34,No,No,Medio tiempo,20,11.6,No,11,71.4,Sí,4,Medio,0,0
EST03121,Ingeniería Civil,7,Vespertino,19,F,89.5,87.3,0,21,Sí,No,No trabaja,0,12.3,Sí,11,88.2,Sí,5,Bajo,0,0
EST03122,Ingeniería en Sistemas Computacionales,9,Matutino,23,F,65.7,76.4,2,31,No,Sí,No trabaja,0,7.7,Sí,12,74.0,No,4,Medio,0,1
EST03123,Licenciatura en Administración,10,Matutino,23,M,75.2,80.4,0,24,Sí,No,Medio tiempo,19,16.4,Sí,11,61.3,No,2,Bajo,0,0
EST03124,Ingeniería Mecatrónica,8,Vespertino,23,M,63.2,99.2,2,31,No,No,Tiempo completo,33,12.0,Sí,7,58.0,No,2,Alto,1,1
EST03125,Contador Público,9,Matutino,23,M,72.6,75.6,0,23,No,Sí,Tiempo completo,32,15.9,Sí,7,74.2,No,5,Medio,0,0
EST03126,Contador Público,4,Matutino,21,M,66.6,75.3,4,19,Sí,Sí,No trabaja,0,8.5,Sí,7,59.9,No,1,Medio,0,1
EST03127,Ingeniería en Sistemas Computacionales,7,Matutino,24,F,67.7,87.6,2,18,Sí,Sí,Tiempo completo,34,4.6,Sí,0,75.5,No,1,Medio,1,0
EST03128,Licenciatura en Administración,5,Matutino,22,M,71.8,100,0,35,Sí,Sí,No trabaja,0,7.8,Sí,4,98.8,No,5,Bajo,0,0
EST03129,Contador Público,1,Vespertino,18,M,74.7,82.2,1,24,Sí,No,No trabaja,0,0.5,No,9,88.5,No,1,Bajo,0,0
EST03130,Contador Público,3,Vespertino,24,F,71.8,89.1,0,22,No,Sí,Medio tiempo,20,7.5,No,5,75.6,No,3,Bajo,0,0
EST03131,Ingeniería en Gestión Empresarial,5,Vespertino,24,M,69.6,80.6,2,32,No,No,Tiempo completo,34,6.7,Sí,8,100,No,3,Bajo,0,1
EST03132,Contador Público,8,Matutino,19,M,71.1,79.4,1,18,Sí,Sí,Medio tiempo,28,0.5,Sí,3,80.0,No,5,Bajo,0,1
EST03133,Ingeniería Electromecánica,7,Matutino,22,F,72.4,76.2,1,22,No,Sí,No trabaja,0,16.4,Sí,9,89.6,Sí,3,Medio,0,1
EST03134,Contador Público,3,Vespertino,23,F,48.6,84.2,4,22,Sí,No,Tiempo completo,37,0.5,No,8,77.1,No,1,Alto,0,1
EST03135,Ingeniería Industrial,2,Vespertino,19,F,81.0,82.5,0,18,Sí,Sí,No trabaja,0,6.3,Sí,14,69.4,No,3,Bajo,0,0
EST03136,Ingeniería en Sistemas Computacionales,10,Vespertino,26,M,76.0,88.0,0,25,No,No,No trabaja,0,5.5,Sí,4,65.6,No,2,Bajo,0,0
EST03137,Ingeniería Mecatrónica,4,Vespertino,20,F,75.4,73.5,3,21,No,No,No trabaja,0,0.5,Sí,12,81.4,No,2,Bajo,0,1
EST03138,Ingeniería en Gestión Empresarial,4,Matutino,18,M,82.0,73.3,0,31,No,No,Tiempo completo,37,6.4,Sí,14,96.7,No,1,Bajo,0,0
EST03139,Ingeniería Industrial,8,Matutino,20,M,67.3,77.3,1,18,Sí,No,Medio tiempo,15,9.7,No,11,90.4,No,2,Bajo,0,0
EST03140,Ingeniería en Sistemas Computacionales,4,Matutino,20,F,69.1,88.5,3,30,No,No,Medio tiempo,16,7.3,No,5,51.1,No,3,Alto,0,1
EST03141,Contador Público,7,Vespertino,20,F,68.2,53.6,2,36,No,Sí,No trabaja,0,19.8,Sí,2,80.4,No,2,Medio,0,1
EST03142,Ingeniería Electromecánica,3,Matutino,21,M,80.8,80.7,1,19,Sí,Sí,Tiempo completo,38,8.1,No,11,62.8,No,1,Medio,0,0
EST03143,Ingeniería Mecatrónica,2,Vespertino,17,F,89.5,80.7,3,34,No,No,Medio tiempo,23,3.4,Sí,5,55.2,No,4,Bajo,0,1
EST03144,Ingeniería Civil,2,Vespertino,24,M,70.5,76.9,0,18,Sí,No,No trabaja,0,20.0,Sí,11,73.8,No,3,Bajo,0,0
EST03145,Ingeniería en Gestión Empresarial,4,Vespertino,19,M,75.9,77.4,1,19,No,Sí,No trabaja,0,0.6,Sí,8,86.2,No,1,Bajo,0,0
EST03146,Ingeniería Civil,3,Matutino,20,F,81.0,98.3,0,32,No,No,Medio tiempo,21,10.5,Sí,7,54.3,No,2,Bajo,0,0
EST03147,Ingeniería Mecatrónica,1,Matutino,21,M,77.0,92.9,2,33,Sí,No,Medio tiempo,11,11.6,Sí,8,76.5,Sí,5,Bajo,0,1
EST03148,Ingeniería Electromecánica,9,Vespertino,20,M,70.7,80.4,0,34,Sí,Sí,No trabaja,0,9.8,Sí,2,62.6,No,1,Bajo,0,0
EST03149,Ingeniería en Gestión Empresarial,5,Matutino,21,F,76.8,58.3,3,22,Sí,No,Tiempo completo,41,16.4,Sí,6,100,Sí,4,Medio,0,1
EST03150,Ingeniería Industrial,8,Vespertino,22,M,77.6,85.2,2,19,Sí,No,No trabaja,0,4.5,Sí,5,84.2,No,3,Bajo,0,1
EST03151,Ingeniería en Gestión Empresarial,3,Matutino,21,M,78.4,83.5,0,22,No,Sí,Medio tiempo,10,0.5,Sí,9,71.5,No,3,Bajo,0,1
EST03152,Ingeniería Industrial,1,Vespertino,20,F,73.9,89.9,0,29,No,No,Medio tiempo,12,7.8,Sí,3,70.0,No,1,Bajo,0,0
EST03153,Licenciatura en Administración,7,Matutino,23,M,73.4,80.0,0,25,No,Sí,Tiempo completo,35,3.2,Sí,10,61.1,No,5,Medio,0,0
EST03154,Ingeniería en Sistemas Computacionales,10,Vespertino,22,F,65.6,72.0,3,31,No,Sí,Medio tiempo,12,0.5,No,13,67.3,No,3,Alto,0,1
EST03155,Ingeniería Industrial,6,Matutino,21,F,72.8,77.1,2,28,No,Sí,Medio tiempo,21,6.5,Sí,2,60.0,Sí,3,Medio,0,1
EST03156,Contador Público,2,Vespertino,18,F,68.5,62.7,2,34,No,Sí,Tiempo completo,35,11.2,Sí,9,63.5,No,4,Alto,1,0
EST03157,Ingeniería Civil,1,Matutino,19,M,77.1,88.4,1,24,Sí,No,Tiempo completo,35,14.9,Sí,5,83.4,No,3,Bajo,0,1
EST03158,Ingeniería Mecatrónica,8,Matutino,19,F,73.1,86.7,0,30,Sí,No,No trabaja,0,1.6,Sí,6,79.3,No,4,Bajo,0,1
EST03159,Ingeniería en Sistemas Computacionales,4,Vespertino,22,M,78.3,95.2,1,34,No,No,No trabaja,0,8.7,Sí,0,69.4,No,1,Bajo,1,0
EST03160,Contador Público,7,Vespertino,19,F,75.4,80.2,0,27,Sí,No,No trabaja,0,9.3,Sí,3,66.2,No,1,Bajo,0,1
EST03161,Licenciatura en Administración,1,Matutino,21,M,70.6,66.7,3,27,No,No,Tiempo completo,41,7.8,Sí,14,70.6,No,2,Alto,0,1
EST03162,Ingeniería Civil,3,Vespertino,20,M,82.5,88.3,0,33,No,No,No trabaja,0,6.5,Sí,3,65.2,Sí,5,Bajo,0,0
EST03163,Licenciatura en Administración,9,Matutino,19,M,72.6,84.6,1,28,No,Sí,Medio tiempo,12,18.2,Sí,3,70.1,No,4,Bajo,0,0
EST03164,Contador Público,4,Vespertino,23,F,71.5,85.9,0,26,No,Sí,Medio tiempo,27,10.0,Sí,9,100,No,4,Bajo,0,0
EST03165,Ingeniería Civil,3,Vespertino,19,F,80.6,64.2,0,34,No,No,Medio tiempo,20,0.5,Sí,2,61.6,No,5,Medio,1,0
EST03166,Ingeniería en Sistemas Computacionales,7,Vespertino,22,M,64.8,74.9,2,22,No,No,Tiempo completo,43,14.2,Sí,14,81.2,No,4,Medio,1,0
EST03167,Ingeniería Civil,8,Matutino,23,M,67.3,96.1,1,35,No,Sí,No trabaja,0,0.5,Sí,4,74.4,Sí,1,Medio,0,0
EST03168,Ingeniería Mecatrónica,6,Matutino,22,F,68.6,62.2,1,34,No,No,Tiempo completo,33,10.6,Sí,0,55.3,No,3,Medio,0,1
EST03169,Ingeniería en Gestión Empresarial,3,Vespertino,22,M,66.5,78.0,4,29,No,Sí,No trabaja,0,17.8,Sí,2,80.8,Sí,3,Alto,1,0
EST03170,Contador Público,9,Vespertino,22,M,80.4,90.2,3,32,No,No,Tiempo completo,43,3.3,Sí,7,94.6,No,1,Medio,0,0
EST03171,Ingeniería Industrial,7,Matutino,22,F,63.6,95.9,1,35,No,No,No trabaja,0,5.2,Sí,9,88.2,No,5,Bajo,0,0
EST03172,Ingeniería Civil,8,Matutino,17,F,79.2,85.7,0,24,No,No,No trabaja,0,11.1,Sí,9,95.6,No,4,Bajo,0,0
EST03173,Ingeniería en Sistemas Computacionales,8,Vespertino,24,F,72.4,93.7,2,28,Sí,Sí,No trabaja,0,6.6,No,9,64.8,No,4,Medio,1,0
EST03174,Ingeniería Electromecánica,8,Vespertino,24,F,86.6,84.0,2,26,No,Sí,No trabaja,0,9.2,Sí,8,94.9,No,4,Bajo,0,0
EST03175,Ingeniería Mecatrónica,9,Vespertino,22,M,72.7,87.6,2,36,No,Sí,Medio tiempo,26,3.5,Sí,0,64.8,No,5,Bajo,0,0
EST03176,Ingeniería Industrial,7,Vespertino,19,M,71.7,75.1,0,27,No,No,No trabaja,0,9.7,Sí,5,81.1,No,1,Bajo,0,1
EST03177,Ingeniería en Sistemas Computacionales,7,Vespertino,27,M,78.5,74.5,0,32,No,Sí,Medio tiempo,10,11.8,Sí,4,88.9,No,3,Bajo,0,0
EST03178,Ingeniería Mecatrónica,9,Matutino,23,M,85.5,69.2,2,24,No,No,No trabaja,0,24.0,Sí,4,100,No,5,Medio,1,0
EST03179,Contador Público,8,Vespertino,20,M,79.5,82.0,3,35,No,No,No trabaja,0,17.4,Sí,8,96.2,Sí,3,Medio,1,0
EST03180,Licenciatura en Administración,4,Vespertino,20,F,79.1,84.5,4,21,Sí,Sí,No trabaja,0,13.3,Sí,12,100,No,5,Bajo,0,0
EST03181,Contador Público,8,Matutino,22,M,86.6,79.3,3,29,Sí,No,Tiempo completo,33,10.0,Sí,6,76.0,No,4,Medio,0,0
EST03182,Licenciatura en Administración,5,Vespertino,21,F,78.4,85.8,1,21,No,No,Medio tiempo,19,9.2,Sí,7,76.5,No,4,Bajo,0,0
EST03183,Ingeniería Electromecánica,2,Vespertino,22,M,75.8,84.6,1,18,No,Sí,No trabaja,0,16.6,Sí,0,74.5,No,5,Bajo,0,1
EST03184,Ingeniería Industrial,10,Matutino,21,M,69.4,77.8,1,35,No,Sí,Medio tiempo,27,10.4,Sí,7,94.9,No,2,Medio,1,1
EST03185,Licenciatura en Administración,9,Matutino,22,M,56.5,66.9,2,18,Sí,Sí,Tiempo completo,48,5.8,Sí,10,85.2,No,2,Alto,0,1
EST03186,Ingeniería Industrial,4,Matutino,24,M,78.5,76.9,3,24,No,No,Tiempo completo,46,12.4,Sí,4,65.6,No,4,Medio,0,1
EST03187,Licenciatura en Administración,4,Matutino,25,M,88.4,87.2,0,30,Sí,Sí,No trabaja,0,2.7,Sí,9,100,No,5,Bajo,0,0
EST03188,Ingeniería en Gestión Empresarial,8,Matutino,25,M,75.6,74.7,0,20,Sí,Sí,Tiempo completo,42,11.7,Sí,0,60.8,No,3,Bajo,1,0
EST03189,Licenciatura en Administración,2,Matutino,18,M,76.6,78.6,1,19,No,No,Tiempo completo,48,11.5,Sí,8,95.3,No,5,Bajo,0,0
EST03190,Ingeniería Industrial,10,Matutino,20,F,86.9,69.1,4,25,No,No,No trabaja,0,8.2,Sí,13,83.4,No,5,Medio,0,1
EST03191,Contador Público,2,Vespertino,23,F,72.6,86.3,2,18,No,No,No trabaja,0,14.9,Sí,7,68.0,No,2,Bajo,1,0
EST03192,Ingeniería Electromecánica,1,Vespertino,19,M,82.8,75.3,0,22,Sí,Sí,Tiempo completo,44,9.5,Sí,5,90.5,No,4,Bajo,0,0
EST03193,Ingeniería Civil,9,Matutino,23,F,68.9,87.8,2,29,No,No,No trabaja,0,3.7,Sí,1,75.5,No,5,Medio,0,1
EST03194,Ingeniería en Gestión Empresarial,6,Vespertino,17,F,79.6,81.1,1,31,Sí,Sí,Medio tiempo,11,13.6,Sí,4,100,No,1,Bajo,0,0
EST03195,Ingeniería Industrial,1,Matutino,19,F,80.9,96.7,0,33,Sí,Sí,No trabaja,0,6.8,Sí,5,93.1,No,3,Bajo,0,0
EST03196,Ingeniería en Gestión Empresarial,10,Matutino,25,M,57.7,66.1,1,30,No,No,Medio tiempo,26,6.8,Sí,2,65.5,No,4,Alto,0,1
EST03197,Ingeniería Industrial,4,Matutino,23,F,76.0,80.2,2,23,Sí,No,No trabaja,0,11.9,Sí,8,96.6,No,3,Bajo,0,0
EST03198,Ingeniería Industrial,5,Vespertino,20,F,76.7,81.8,1,27,Sí,No,Medio tiempo,20,19.5,Sí,14,78.1,No,2,Bajo,0,1
EST03199,Ingeniería en Gestión Empresarial,9,Matutino,23,F,77.6,80.7,1,20,No,No,Medio tiempo,28,4.1,Sí,7,99.3,No,3,Medio,0,1
EST03200,Ingeniería Industrial,1,Vespertino,20,M,62.3,86.5,1,27,No,Sí,Medio tiempo,16,14.7,Sí,0,82.2,No,4,Bajo,0,1
EST03201,Ingeniería en Gestión Empresarial,9,Matutino,24,F,68.6,89.1,2,23,No,Sí,Medio tiempo,12,13.7,Sí,14,66.4,No,1,Bajo,1,0
EST03202,Ingeniería Civil,7,Matutino,21,M,78.3,95.7,0,36,No,No,Medio tiempo,24,8.2,Sí,10,74.0,No,2,Bajo,0,0
EST03203,Ingeniería en Sistemas Computacionales,4,Matutino,20,F,77.7,67.7,2,25,Sí,Sí,No trabaja,0,4.1,Sí,10,100,No,1,Bajo,0,1
EST03204,Ingeniería Mecatrónica,2,Vespertino,21,F,65.6,89.3,4,30,No,No,Medio tiempo,27,9.8,No,11,81.4,No,4,Alto,1,0
EST03205,Ingeniería Mecatrónica,9,Vespertino,25,F,80.5,80.6,0,22,Sí,No,Medio tiempo,25,9.5,Sí,14,66.9,No,1,Bajo,0,0
EST03206,Ingeniería Civil,10,Matutino,23,M,63.4,87.7,1,29,Sí,No,Medio tiempo,12,10.3,Sí,12,61.5,No,5,Medio,1,0
EST03207,Contador Público,8,Vespertino,23,M,65.7,74.5,1,35,No,No,No trabaja,0,13.8,No,13,59.9,No,3,Alto,0,1
EST03208,Ingeniería Civil,6,Matutino,27,M,90.1,71.3,0,31,No,Sí,No trabaja,0,5.5,No,9,73.5,No,3,Bajo,0,0
EST03209,Ingeniería en Sistemas Computacionales,6,Matutino,27,F,82.0,78.1,1,30,Sí,No,Medio tiempo,18,26.8,No,11,54.0,No,2,Bajo,0,1
EST03210,Ingeniería Industrial,1,Matutino,18,M,78.3,76.3,0,25,Sí,No,No trabaja,0,3.0,Sí,0,49.8,No,2,Bajo,0,0
EST03211,Ingeniería Mecatrónica,3,Matutino,17,M,80.8,83.5,0,31,No,Sí,No trabaja,0,8.3,Sí,7,98.5,Sí,5,Bajo,0,0
EST03212,Ingeniería en Sistemas Computacionales,10,Vespertino,24,F,69.4,77.9,2,18,No,Sí,Medio tiempo,21,14.2,Sí,2,69.9,No,4,Medio,0,0
EST03213,Contador Público,1,Vespertino,19,F,100,100,2,32,No,No,Medio tiempo,23,14.4,Sí,18,77.8,No,3,Bajo,0,0
EST03214,Ingeniería Mecatrónica,6,Vespertino,24,M,67.9,76.0,2,32,No,No,No trabaja,0,3.0,Sí,12,64.3,No,1,Medio,0,0
EST03215,Licenciatura en Administración,6,Matutino,21,F,84.4,79.0,1,25,Sí,Sí,No trabaja,0,22.2,Sí,10,100,No,5,Bajo,0,0
EST03216,Contador Público,6,Vespertino,18,F,88.0,100,1,31,No,Sí,No trabaja,0,6.0,Sí,15,75.2,No,3,Bajo,0,0
EST03217,Ingeniería en Gestión Empresarial,6,Matutino,20,F,64.5,65.5,5,36,No,No,Medio tiempo,21,19.5,Sí,14,86.3,No,2,Alto,1,0
EST03218,Ingeniería en Sistemas Computacionales,1,Vespertino,20,M,75.6,66.4,1,33,No,Sí,Tiempo completo,46,9.2,Sí,12,81.8,No,2,Medio,0,0
EST03219,Ingeniería Civil,9,Vespertino,28,M,83.2,65.3,1,30,No,No,No trabaja,0,16.3,Sí,6,73.5,No,2,Bajo,0,0
EST03220,Ingeniería en Gestión Empresarial,10,Vespertino,24,M,83.7,63.5,0,19,No,No,No trabaja,0,6.1,Sí,8,83.9,Sí,4,Bajo,0,1
EST03221,Ingeniería en Sistemas Computacionales,7,Matutino,23,F,77.7,84.8,0,31,No,No,Medio tiempo,27,10.1,No,13,63.3,No,5,Medio,0,1
EST03222,Ingeniería Electromecánica,1,Vespertino,18,F,61.7,70.5,2,26,No,Sí,Medio tiempo,14,6.3,Sí,13,82.2,Sí,2,Alto,1,1
EST03223,Ingeniería Civil,8,Matutino,24,M,82.3,90.7,0,36,No,Sí,No trabaja,0,12.9,Sí,16,90.4,No,4,Bajo,0,0
EST03224,Ingeniería Civil,7,Matutino,20,F,67.6,63.2,0,20,No,No,Medio tiempo,22,9.2,Sí,5,83.7,No,3,Medio,1,1
EST03225,Ingeniería Civil,4,Vespertino,18,F,88.2,91.8,0,19,Sí,No,Medio tiempo,26,21.5,Sí,2,49.3,No,2,Bajo,0,0
EST03226,Ingeniería Mecatrónica,6,Matutino,21,M,78.9,75.4,1,28,No,Sí,No trabaja,0,11.9,Sí,4,83.2,No,1,Bajo,0,0
EST03227,Ingeniería Mecatrónica,9,Matutino,24,M,78.5,85.4,0,33,No,No,Medio tiempo,28,1.1,Sí,2,57.0,No,4,Bajo,0,0
EST03228,Licenciatura en Administración,4,Vespertino,23,F,76.5,90.8,0,36,No,No,No trabaja,0,0.5,Sí,7,94.7,No,4,Bajo,0,0
EST03229,Ingeniería Mecatrónica,3,Matutino,19,F,63.5,100,1,34,Sí,No,No trabaja,0,5.2,No,7,64.4,No,5,Bajo,0,0
EST03230,Ingeniería en Gestión Empresarial,7,Matutino,19,F,72.2,96.4,3,25,Sí,Sí,No trabaja,0,10.6,Sí,10,58.9,No,1,Bajo,0,0
EST03231,Ingeniería Civil,7,Matutino,21,M,73.9,82.7,1,29,No,Sí,Medio tiempo,26,6.2,Sí,8,80.1,No,5,Bajo,0,0
EST03232,Ingeniería en Sistemas Computacionales,6,Matutino,21,F,88.6,81.1,2,18,No,Sí,No trabaja,0,4.2,Sí,0,73.5,No,1,Bajo,0,0
EST03233,Licenciatura en Administración,2,Vespertino,18,F,62.4,84.8,2,31,No,No,No trabaja,0,3.5,Sí,0,71.7,No,5,Medio,0,0
EST03234,Licenciatura en Administración,9,Matutino,23,M,89.2,86.5,0,34,No,No,Medio tiempo,24,6.8,Sí,15,97.9,No,4,Bajo,0,1
EST03235,Contador Público,7,Vespertino,22,M,82.6,91.5,5,35,Sí,No,Medio tiempo,12,1.6,Sí,7,79.3,No,2,Medio,0,0
EST03236,Ingeniería Mecatrónica,9,Vespertino,22,F,71.9,77.4,1,24,No,Sí,Tiempo completo,39,0.5,No,11,72.0,No,3,Medio,1,1
EST03237,Ingeniería Mecatrónica,7,Matutino,19,F,95.6,89.6,3,23,No,No,No trabaja,0,20.1,Sí,13,89.6,No,3,Bajo,0,0
EST03238,Ingeniería Civil,10,Matutino,24,M,68.2,96.6,2,18,No,No,Medio tiempo,18,22.4,Sí,13,65.5,No,3,Medio,0,0
EST03239,Contador Público,5,Vespertino,21,F,64.8,60.4,1,21,Sí,No,Tiempo completo,31,6.5,Sí,11,53.8,No,3,Alto,1,0
EST03240,Ingeniería Industrial,3,Vespertino,22,M,66.9,93.6,1,28,Sí,No,No trabaja,0,6.1,Sí,7,80.0,No,3,Bajo,0,0
EST03241,Ingeniería Mecatrónica,6,Matutino,24,F,61.9,89.8,0,27,No,Sí,No trabaja,0,7.1,Sí,13,74.6,No,3,Bajo,0,1
EST03242,Ingeniería Mecatrónica,9,Matutino,21,M,78.3,81.8,0,31,No,No,No trabaja,0,1.3,Sí,13,72.0,No,3,Bajo,0,0
EST03243,Ingeniería Mecatrónica,1,Matutino,17,M,78.9,52.4,4,31,No,Sí,Tiempo completo,32,8.0,No,11,87.6,No,4,Medio,0,0
EST03244,Ingeniería Industrial,9,Vespertino,25,F,65.5,80.8,2,29,Sí,Sí,Medio tiempo,15,0.5,Sí,5,100,No,5,Medio,0,1
EST03245,Contador Público,8,Matutino,26,F,74.6,66.9,1,26,No,No,No trabaja,0,12.3,Sí,0,76.6,No,2,Medio,0,1
EST03246,Ingeniería Industrial,2,Matutino,20,M,82.3,72.4,0,34,Sí,No,Medio tiempo,20,0.5,Sí,2,71.1,No,2,Bajo,0,0
EST03247,Ingeniería Electromecánica,7,Matutino,23,F,71.0,80.1,2,26,Sí,Sí,No trabaja,0,1.7,No,14,100,Sí,4,Medio,0,0
EST03248,Licenciatura en Administración,1,Matutino,20,M,71.6,72.1,1,33,No,No,Medio tiempo,13,9.2,Sí,2,73.9,Sí,3,Medio,0,0
EST03249,Ingeniería Mecatrónica,6,Vespertino,22,M,61.1,83.8,2,36,Sí,No,No trabaja,0,13.3,Sí,13,69.4,No,1,Medio,0,0
EST03250,Ingeniería en Gestión Empresarial,6,Matutino,24,F,73.5,76.6,2,29,No,No,Medio tiempo,11,13.7,Sí,7,63.5,No,1,Alto,1,1
EST03251,Ingeniería en Gestión Empresarial,3,Matutino,19,M,55.6,86.8,1,23,No,Sí,No trabaja,0,2.6,Sí,10,93.7,No,4,Bajo,0,1
EST03252,Ingeniería Civil,10,Vespertino,22,M,70.4,77.6,0,25,Sí,No,Medio tiempo,22,0.5,No,3,76.7,No,5,Medio,0,0
EST03253,Ingeniería Electromecánica,3,Vespertino,20,M,74.5,85.7,0,33,No,Sí,No trabaja,0,21.8,Sí,7,81.1,Sí,4,Bajo,0,0
EST03254,Ingeniería Electromecánica,3,Vespertino,24,F,88.4,78.2,2,30,No,No,No trabaja,0,17.3,Sí,4,100,No,4,Bajo,0,0
EST03255,Ingeniería en Sistemas Computacionales,1,Matutino,18,M,61.2,84.7,4,33,Sí,No,No trabaja,0,9.8,Sí,8,90.0,No,3,Medio,0,1
EST03256,Ingeniería Civil,2,Vespertino,18,F,74.4,81.5,0,31,No,No,Medio tiempo,27,18.4,Sí,2,77.7,No,1,Bajo,0,0
EST03257,Ingeniería en Gestión Empresarial,2,Vespertino,17,F,76.7,87.8,1,30,No,Sí,No trabaja,0,3.9,Sí,10,70.1,Sí,4,Bajo,0,0
EST03258,Ingeniería Civil,4,Matutino,25,F,68.9,94.3,4,35,No,No,Medio tiempo,10,8.9,Sí,11,76.6,No,1,Medio,0,1
EST03259,Ingeniería en Gestión Empresarial,10,Vespertino,17,F,73.7,83.4,0,24,Sí,No,Medio tiempo,28,11.8,Sí,2,46.7,No,3,Bajo,0,1
EST03260,Licenciatura en Administración,9,Vespertino,20,M,82.1,100,0,34,Sí,No,No trabaja,0,10.3,Sí,6,72.5,No,1,Bajo,0,0
EST03261,Contador Público,7,Vespertino,22,F,68.7,82.1,3,29,No,No,No trabaja,0,10.1,Sí,6,58.7,No,2,Medio,0,1
EST03262,Ingeniería en Sistemas Computacionales,5,Vespertino,19,F,79.2,77.4,1,26,Sí,No,No trabaja,0,1.3,Sí,8,100,No,1,Bajo,0,0
EST03263,Ingeniería en Gestión Empresarial,2,Matutino,23,F,81.9,88.0,1,21,No,No,Medio tiempo,14,15.0,No,16,70.9,No,2,Bajo,0,0
EST03264,Ingeniería Mecatrónica,3,Matutino,23,M,75.3,81.9,0,25,Sí,No,No trabaja,0,8.8,Sí,8,82.9,No,5,Bajo,0,0
EST03265,Ingeniería en Sistemas Computacionales,2,Vespertino,20,F,73.4,92.1,0,31,Sí,No,No trabaja,0,3.1,Sí,9,57.6,No,2,Bajo,0,0
EST03266,Ingeniería en Sistemas Computacionales,4,Matutino,20,F,70.6,95.4,0,25,Sí,Sí,Medio tiempo,13,12.7,Sí,13,96.5,No,4,Bajo,0,0
EST03267,Ingeniería Civil,10,Vespertino,27,F,73.8,100.0,1,30,Sí,No,Medio tiempo,15,1.7,No,4,84.1,No,5,Bajo,0,1
EST03268,Contador Público,4,Matutino,18,M,60.5,71.4,2,35,No,No,Medio tiempo,24,12.2,Sí,10,100,No,1,Medio,0,0
EST03269,Ingeniería Electromecánica,2,Matutino,18,M,79.8,71.4,1,34,No,No,No trabaja,0,20.7,Sí,2,64.7,No,4,Medio,0,0
EST03270,Contador Público,5,Vespertino,23,F,72.2,80.7,0,32,Sí,Sí,No trabaja,0,0.5,Sí,14,80.3,No,5,Bajo,0,0
EST03271,Ingeniería en Sistemas Computacionales,1,Matutino,17,F,74.3,84.4,0,18,Sí,Sí,Medio tiempo,22,19.0,Sí,0,89.4,Sí,2,Bajo,0,0
EST03272,Ingeniería Mecatrónica,9,Matutino,19,M,70.4,75.3,2,23,No,Sí,Tiempo completo,43,11.5,Sí,5,83.0,No,2,Medio,1,1
EST03273,Ingeniería en Gestión Empresarial,5,Vespertino,23,F,61.2,73.1,0,26,No,No,No trabaja,0,10.6,Sí,0,65.5,No,2,Bajo,0,0
EST03274,Contador Público,10,Matutino,22,M,64.3,81.5,2,25,No,No,No trabaja,0,10.0,Sí,0,76.6,No,5,Medio,1,0
EST03275,Licenciatura en Administración,7,Vespertino,23,M,89.7,98.4,4,32,No,No,Medio tiempo,20,17.2,No,10,100,No,2,Bajo,0,0
EST03276,Licenciatura en Administración,5,Matutino,22,F,79.8,72.3,3,35,Sí,No,No trabaja,0,21.2,Sí,10,61.3,No,2,Medio,0,1
EST03277,Ingeniería Electromecánica,6,Matutino,22,F,66.0,90.0,2,32,No,No,No trabaja,0,4.5,Sí,11,87.4,No,2,Bajo,0,0
EST03278,Ingeniería Civil,10,Vespertino,23,F,79.4,71.3,1,31,No,No,Medio tiempo,10,10.7,Sí,1,77.9,No,4,Medio,0,0
EST03279,Ingeniería en Gestión Empresarial,4,Matutino,22,F,55.5,68.6,5,21,No,Sí,Tiempo completo,31,0.5,Sí,14,100,No,2,Alto,1,1
EST03280,Ingeniería Industrial,5,Matutino,18,F,89.9,68.4,0,22,No,Sí,No trabaja,0,10.7,Sí,14,76.0,No,1,Bajo,0,1
EST03281,Ingeniería en Gestión Empresarial,10,Matutino,22,F,69.5,68.4,2,26,No,Sí,Tiempo completo,31,13.6,Sí,6,80.4,No,2,Medio,0,1
EST03282,Ingeniería Electromecánica,8,Matutino,20,F,79.7,89.2,0,19,No,Sí,No trabaja,0,4.8,Sí,6,69.9,No,1,Bajo,0,0
EST03283,Ingeniería en Sistemas Computacionales,5,Matutino,23,F,72.3,82.7,0,29,Sí,No,Tiempo completo,31,9.3,Sí,8,80.2,No,3,Bajo,0,0
EST03284,Ingeniería Industrial,6,Matutino,20,F,90.1,75.5,1,21,No,Sí,Medio tiempo,28,3.6,Sí,10,100,Sí,5,Bajo,0,0
EST03285,Ingeniería Electromecánica,2,Matutino,17,F,82.1,89.7,0,21,No,No,No trabaja,0,13.4,Sí,10,76.6,No,4,Bajo,0,0
EST03286,Ingeniería Electromecánica,5,Matutino,20,M,95.7,86.6,3,30,No,Sí,No trabaja,0,13.5,Sí,16,57.9,Sí,4,Medio,1,0
EST03287,Ingeniería Electromecánica,5,Vespertino,21,M,53.9,90.1,1,22,Sí,No,Tiempo completo,46,9.8,No,12,70.4,No,5,Medio,1,1
EST03288,Licenciatura en Administración,9,Matutino,25,M,82.0,83.1,3,20,Sí,No,No trabaja,0,2.3,Sí,8,73.9,No,1,Medio,0,1
EST03289,Ingeniería Industrial,10,Matutino,26,F,83.1,89.8,1,27,Sí,No,No trabaja,0,5.4,Sí,20,69.5,Sí,2,Bajo,0,0
EST03290,Ingeniería Electromecánica,7,Matutino,22,F,67.0,95.3,4,28,Sí,Sí,Medio tiempo,25,9.1,Sí,8,77.6,Sí,2,Medio,0,0
EST03291,Ingeniería en Sistemas Computacionales,4,Matutino,20,M,53.9,89.9,2,21,Sí,Sí,No trabaja,0,10.7,Sí,1,91.1,Sí,5,Medio,0,0
EST03292,Ingeniería Industrial,1,Matutino,21,M,69.6,68.5,2,31,No,No,Tiempo completo,30,19.5,Sí,11,98.9,No,4,Medio,0,0
EST03293,Ingeniería Industrial,6,Matutino,22,M,64.5,100,4,26,No,No,Medio tiempo,11,4.3,Sí,12,89.7,Sí,1,Medio,1,1
EST03294,Ingeniería en Sistemas Computacionales,5,Vespertino,21,F,69.9,92.5,3,20,Sí,Sí,Medio tiempo,15,5.4,Sí,9,64.2,No,5,Medio,0,1
EST03295,Ingeniería Electromecánica,5,Matutino,19,F,75.3,66.7,3,31,No,No,Tiempo completo,32,0.5,Sí,3,63.3,No,2,Alto,1,0
EST03296,Licenciatura en Administración,5,Matutino,20,F,79.1,87.2,1,18,No,No,No trabaja,0,13.2,Sí,1,75.4,Sí,1,Bajo,0,0
EST03297,Ingeniería Mecatrónica,6,Vespertino,17,F,91.1,90.9,4,28,No,No,Medio tiempo,13,10.1,Sí,6,85.4,No,2,Bajo,0,0
EST03298,Contador Público,10,Matutino,23,F,75.7,77.9,2,19,Sí,No,No trabaja,0,11.0,Sí,10,62.1,No,4,Medio,0,0
EST03299,Ingeniería Industrial,4,Vespertino,21,F,63.9,75.3,0,24,No,Sí,Tiempo completo,38,11.9,Sí,5,73.6,Sí,3,Medio,0,1
EST03300,Ingeniería Industrial,2,Matutino,19,M,62.0,71.6,5,33,Sí,No,Medio tiempo,22,8.4,No,6,100,No,2,Alto,1,1
EST03301,Ingeniería Electromecánica,9,Matutino,24,M,75.6,97.2,5,23,Sí,No,No trabaja,0,11.6,Sí,13,100,No,4,Bajo,0,0
EST03302,Ingeniería en Gestión Empresarial,9,Matutino,23,F,85.2,79.3,0,27,Sí,No,No trabaja,0,7.6,Sí,0,45.3,Sí,1,Medio,0,0
EST03303,Ingeniería Industrial,3,Vespertino,20,M,98.6,97.9,2,27,No,No,No trabaja,0,12.2,Sí,9,80.7,No,1,Bajo,0,0
EST03304,Licenciatura en Administración,5,Matutino,19,F,80.2,93.2,1,27,No,No,No trabaja,0,11.2,Sí,16,73.9,No,2,Bajo,0,0
EST03305,Licenciatura en Administración,10,Matutino,23,M,83.1,75.7,4,29,No,No,Medio tiempo,12,10.5,Sí,0,72.8,No,3,Medio,1,1
EST03306,Ingeniería Civil,4,Vespertino,22,F,85.1,75.9,1,34,No,No,Medio tiempo,10,30.0,Sí,9,91.8,No,2,Bajo,0,0
EST03307,Contador Público,4,Matutino,20,F,58.4,71.7,1,26,No,No,Medio tiempo,26,2.0,No,1,55.0,No,2,Alto,1,1
EST03308,Ingeniería Industrial,8,Vespertino,21,F,68.5,83.8,2,33,No,No,No trabaja,0,14.3,Sí,14,60.1,Sí,4,Medio,0,0
EST03309,Licenciatura en Administración,10,Vespertino,22,F,78.7,83.4,3,30,No,Sí,Medio tiempo,12,3.1,Sí,6,100,No,1,Bajo,0,0
EST03310,Ingeniería Civil,9,Matutino,21,F,66.4,79.0,0,18,Sí,Sí,No trabaja,0,12.0,Sí,4,80.4,Sí,2,Bajo,1,0
EST03311,Ingeniería Civil,2,Vespertino,20,M,84.0,87.7,0,33,No,No,No trabaja,0,3.4,No,19,75.8,No,3,Bajo,0,1
EST03312,Licenciatura en Administración,9,Vespertino,20,M,72.2,82.8,2,24,No,Sí,No trabaja,0,10.2,Sí,0,46.1,No,5,Medio,1,0
EST03313,Contador Público,2,Matutino,19,M,84.1,66.7,1,36,No,Sí,No trabaja,0,26.5,Sí,9,76.2,No,2,Medio,0,1
EST03314,Ingeniería Industrial,9,Matutino,22,F,58.8,100,1,23,No,No,Medio tiempo,22,11.5,Sí,12,72.4,Sí,4,Bajo,0,0
EST03315,Ingeniería Civil,6,Vespertino,22,M,68.5,92.4,2,35,No,No,No trabaja,0,11.9,Sí,1,85.4,No,4,Bajo,0,0
EST03316,Ingeniería Civil,5,Vespertino,20,M,71.7,92.0,1,20,Sí,No,Medio tiempo,23,10.6,Sí,0,89.4,No,2,Bajo,0,0
EST03317,Ingeniería en Sistemas Computacionales,8,Vespertino,21,M,83.4,100,2,35,Sí,Sí,Medio tiempo,15,9.0,Sí,7,71.7,No,2,Bajo,1,0
EST03318,Ingeniería Civil,9,Matutino,19,F,60.7,83.3,3,22,Sí,No,Medio tiempo,16,13.6,No,5,99.6,No,4,Medio,0,0
EST03319,Ingeniería Civil,7,Matutino,21,F,88.5,69.1,0,20,Sí,Sí,No trabaja,0,8.9,Sí,5,86.7,Sí,4,Bajo,0,0
EST03320,Ingeniería Civil,3,Vespertino,19,F,79.7,79.4,2,18,No,Sí,No trabaja,0,0.5,Sí,1,43.5,No,5,Medio,0,0
EST03321,Ingeniería Industrial,2,Matutino,18,M,95.4,100,1,18,No,Sí,No trabaja,0,8.7,Sí,17,86.2,No,1,Bajo,0,0
EST03322,Ingeniería en Gestión Empresarial,1,Vespertino,20,M,61.6,73.4,2,23,No,No,Tiempo completo,45,10.0,Sí,9,67.4,No,4,Medio,0,1
EST03323,Ingeniería Civil,8,Vespertino,22,M,68.8,76.2,3,21,No,No,Medio tiempo,22,2.9,Sí,10,69.8,No,4,Alto,1,1
EST03324,Licenciatura en Administración,1,Matutino,22,M,75.1,90.0,3,26,No,Sí,No trabaja,0,7.2,Sí,12,82.6,No,3,Bajo,0,0
EST03325,Ingeniería en Gestión Empresarial,4,Matutino,22,M,70.3,70.4,3,36,No,Sí,Medio tiempo,14,7.4,Sí,10,84.8,No,1,Medio,0,1
EST03326,Ingeniería Industrial,7,Matutino,24,F,80.1,59.5,2,28,No,Sí,No trabaja,0,7.6,Sí,12,100,No,4,Bajo,0,0
EST03327,Ingeniería Electromecánica,4,Vespertino,22,M,73.9,77.1,0,22,Sí,Sí,No trabaja,0,11.3,Sí,14,94.4,No,5,Bajo,0,0
EST03328,Ingeniería Mecatrónica,4,Vespertino,22,M,81.3,85.9,2,28,No,No,Medio tiempo,17,15.9,Sí,6,98.8,No,1,Bajo,0,0
EST03329,Ingeniería en Sistemas Computacionales,7,Matutino,19,M,87.6,93.7,0,23,No,No,Medio tiempo,28,18.3,Sí,8,94.4,No,5,Bajo,0,0
EST03330,Contador Público,10,Vespertino,26,F,76.7,74.1,1,20,Sí,No,No trabaja,0,5.1,Sí,13,88.0,No,1,Bajo,0,0
EST03331,Ingeniería en Gestión Empresarial,3,Matutino,17,M,63.5,78.9,0,36,Sí,No,No trabaja,0,7.4,No,5,69.9,No,4,Bajo,0,1
EST03332,Ingeniería en Gestión Empresarial,5,Matutino,22,F,81.1,87.8,2,30,No,No,No trabaja,0,6.3,Sí,11,64.4,No,3,Bajo,1,0
EST03333,Ingeniería Electromecánica,8,Vespertino,20,F,81.2,84.3,0,31,No,No,Medio tiempo,19,0.5,Sí,1,73.1,No,3,Bajo,0,0
EST03334,Ingeniería Electromecánica,6,Matutino,22,M,89.3,57.2,0,21,Sí,No,No trabaja,0,14.7,Sí,7,78.3,No,3,Bajo,0,0
EST03335,Ingeniería Mecatrónica,3,Matutino,20,M,64.5,98.2,3,23,No,No,No trabaja,0,14.9,Sí,4,68.5,No,2,Medio,0,1
EST03336,Ingeniería Mecatrónica,4,Matutino,18,F,66.2,81.5,1,18,Sí,No,Medio tiempo,22,3.5,Sí,6,94.6,No,2,Bajo,0,0
EST03337,Ingeniería Industrial,1,Matutino,21,F,77.4,76.8,0,35,No,No,No trabaja,0,0.5,Sí,8,77.7,No,1,Bajo,0,1
EST03338,Ingeniería Electromecánica,9,Matutino,25,F,73.6,99.5,3,19,No,No,No trabaja,0,2.3,Sí,6,72.0,No,1,Bajo,0,0
EST03339,Ingeniería Electromecánica,5,Vespertino,21,F,75.9,82.1,0,19,Sí,Sí,Medio tiempo,12,4.3,Sí,6,85.8,Sí,5,Bajo,0,0
EST03340,Ingeniería en Gestión Empresarial,2,Matutino,20,M,79.6,91.1,0,27,Sí,No,No trabaja,0,18.0,Sí,1,88.1,No,4,Bajo,0,0
EST03341,Licenciatura en Administración,8,Matutino,22,M,83.7,78.0,2,31,No,Sí,No trabaja,0,10.9,Sí,9,100,Sí,2,Bajo,0,0
EST03342,Ingeniería en Sistemas Computacionales,1,Vespertino,23,M,72.0,65.9,2,19,Sí,No,Medio tiempo,19,4.4,No,10,82.4,No,1,Medio,0,1
EST03343,Ingeniería Industrial,4,Matutino,19,F,62.4,73.2,0,24,Sí,No,No trabaja,0,0.5,Sí,0,77.2,No,3,Medio,0,0
EST03344,Licenciatura en Administración,4,Vespertino,22,M,77.0,84.1,0,34,No,No,No trabaja,0,9.0,Sí,13,99.4,No,4,Bajo,0,0
EST03345,Contador Público,9,Vespertino,22,M,67.9,83.9,3,25,Sí,Sí,Medio tiempo,12,0.5,Sí,8,94.7,Sí,2,Bajo,0,0
EST03346,Ingeniería en Gestión Empresarial,9,Vespertino,19,M,54.2,86.1,1,18,No,No,Tiempo completo,39,0.5,Sí,14,68.3,No,1,Alto,0,0
EST03347,Contador Público,10,Vespertino,19,M,85.9,87.5,2,21,No,No,No trabaja,0,3.5,Sí,4,89.9,No,1,Bajo,0,0
EST03348,Ingeniería en Sistemas Computacionales,5,Vespertino,24,M,67.4,92.4,1,35,Sí,Sí,No trabaja,0,11.0,Sí,14,75.9,No,1,Bajo,0,0
EST03349,Ingeniería Electromecánica,6,Vespertino,26,M,71.9,92.4,0,19,Sí,Sí,Tiempo completo,34,10.0,No,7,97.6,No,1,Bajo,0,0
EST03350,Ingeniería en Gestión Empresarial,9,Matutino,23,M,74.5,84.0,0,36,No,No,Tiempo completo,40,11.1,Sí,10,70.3,No,4,Bajo,0,1
EST03351,Ingeniería Electromecánica,4,Vespertino,21,F,84.3,89.6,1,34,No,Sí,No trabaja,0,2.9,Sí,4,87.6,No,3,Bajo,0,0
EST03352,Contador Público,1,Vespertino,21,F,78.5,80.0,0,23,No,No,No trabaja,0,7.8,Sí,3,89.0,No,2,Bajo,0,0
EST03353,Ingeniería Civil,5,Vespertino,23,F,75.0,89.6,0,22,No,Sí,Medio tiempo,22,13.2,Sí,3,59.3,No,1,Bajo,0,0
EST03354,Contador Público,1,Vespertino,20,M,76.5,80.4,0,34,No,No,Medio tiempo,14,10.3,Sí,1,62.5,Sí,4,Medio,0,0
EST03355,Ingeniería en Gestión Empresarial,2,Matutino,19,M,77.6,99.6,2,31,Sí,No,Medio tiempo,25,7.6,Sí,8,78.9,Sí,3,Bajo,0,0
EST03356,Ingeniería Mecatrónica,3,Matutino,22,M,83.6,97.8,0,35,No,Sí,No trabaja,0,10.6,Sí,12,78.8,No,4,Bajo,0,0
EST03357,Licenciatura en Administración,4,Vespertino,23,M,72.5,94.0,4,30,Sí,Sí,No trabaja,0,0.5,No,2,61.3,No,5,Alto,1,0
EST03358,Ingeniería Civil,1,Matutino,19,F,68.3,95.2,1,32,Sí,Sí,Medio tiempo,15,13.1,Sí,3,60.7,No,4,Bajo,0,0
EST03359,Ingeniería Industrial,8,Matutino,20,F,55.5,85.2,3,25,Sí,Sí,No trabaja,0,8.6,No,0,56.0,No,2,Alto,0,0
EST03360,Ingeniería Industrial,4,Vespertino,19,F,71.0,73.1,0,20,No,No,Medio tiempo,14,16.8,No,8,94.3,No,4,Medio,0,0
EST03361,Ingeniería en Gestión Empresarial,3,Vespertino,17,F,67.8,78.5,0,29,Sí,No,No trabaja,0,6.3,Sí,5,66.6,Sí,5,Bajo,0,1
EST03362,Licenciatura en Administración,7,Vespertino,26,F,76.1,80.4,0,28,Sí,No,No trabaja,0,1.4,Sí,12,72.4,No,1,Bajo,0,0
EST03363,Ingeniería Mecatrónica,3,Vespertino,22,M,67.9,79.6,0,36,Sí,Sí,No trabaja,0,9.3,Sí,8,80.4,No,3,Bajo,0,0
EST03364,Ingeniería en Sistemas Computacionales,5,Matutino,19,M,79.4,55.7,2,20,Sí,No,Medio tiempo,28,28.3,Sí,8,100,No,1,Medio,0,0
EST03365,Ingeniería Mecatrónica,10,Matutino,25,M,84.2,72.2,0,22,No,No,No trabaja,0,3.3,Sí,10,56.0,Sí,4,Medio,0,0
EST03366,Contador Público,8,Matutino,22,F,71.8,73.3,2,33,No,No,No trabaja,0,2.6,Sí,10,72.4,No,4,Medio,0,1
EST03367,Contador Público,1,Vespertino,18,F,67.5,78.8,1,30,No,No,No trabaja,0,0.5,Sí,13,93.7,No,1,Medio,1,1
EST03368,Licenciatura en Administración,6,Matutino,20,M,83.8,83.7,2,23,No,No,No trabaja,0,13.7,Sí,7,95.0,No,3,Bajo,1,0
EST03369,Ingeniería Civil,3,Matutino,21,M,71.5,91.6,0,23,No,Sí,No trabaja,0,4.0,Sí,11,97.7,Sí,2,Bajo,0,0
EST03370,Ingeniería Mecatrónica,5,Matutino,22,F,72.9,100,0,22,No,No,Medio tiempo,18,15.4,Sí,13,94.4,No,3,Bajo,0,0
EST03371,Ingeniería Mecatrónica,8,Vespertino,20,M,78.0,88.7,0,18,Sí,No,No trabaja,0,6.3,Sí,12,84.2,No,5,Bajo,0,0
EST03372,Licenciatura en Administración,10,Matutino,22,F,87.4,66.5,1,36,Sí,No,No trabaja,0,11.6,Sí,13,64.5,No,3,Bajo,0,0
EST03373,Contador Público,1,Matutino,19,F,75.1,70.9,2,32,No,No,No trabaja,0,3.0,Sí,4,74.8,No,2,Bajo,0,0
EST03374,Ingeniería Electromecánica,10,Vespertino,26,M,81.6,100,0,29,Sí,Sí,No trabaja,0,12.5,Sí,6,74.4,No,3,Bajo,0,0
EST03375,Ingeniería Mecatrónica,3,Matutino,20,M,82.3,89.0,0,34,No,No,Medio tiempo,27,3.7,No,10,97.8,No,5,Bajo,0,0
EST03376,Ingeniería en Gestión Empresarial,5,Matutino,25,M,62.2,83.2,3,27,Sí,Sí,Tiempo completo,48,12.6,Sí,13,45.6,No,2,Alto,1,1
EST03377,Ingeniería Industrial,6,Vespertino,24,M,70.1,100,4,22,Sí,No,Medio tiempo,17,11.9,Sí,3,85.1,No,5,Bajo,0,0
EST03378,Ingeniería en Gestión Empresarial,6,Vespertino,21,M,55.7,90.8,1,33,No,No,No trabaja,0,5.4,Sí,12,94.8,No,3,Bajo,0,0
EST03379,Ingeniería Industrial,9,Matutino,22,M,88.4,77.6,0,35,No,No,No trabaja,0,7.8,Sí,3,65.6,No,3,Bajo,0,0
EST03380,Ingeniería Mecatrónica,1,Vespertino,20,F,85.9,92.8,1,30,Sí,Sí,No trabaja,0,12.2,Sí,11,82.1,No,1,Bajo,0,0
EST03381,Licenciatura en Administración,1,Vespertino,21,M,77.8,76.0,6,18,No,Sí,No trabaja,0,9.6,Sí,11,72.9,No,3,Medio,0,0
EST03382,Ingeniería en Sistemas Computacionales,9,Matutino,23,F,79.8,70.6,0,22,No,Sí,Tiempo completo,38,11.4,No,5,82.3,Sí,5,Medio,0,0
EST03383,Licenciatura en Administración,3,Vespertino,22,F,81.9,93.4,1,30,No,Sí,No trabaja,0,10.7,Sí,6,84.8,No,1,Bajo,0,0
EST03384,Ingeniería Industrial,1,Matutino,17,M,74.2,77.1,5,21,No,No,No trabaja,0,7.6,Sí,11,63.0,No,1,Alto,1,0
EST03385,Ingeniería en Gestión Empresarial,7,Vespertino,20,M,75.5,80.9,1,20,No,No,Medio tiempo,22,6.5,Sí,10,81.3,No,5,Medio,0,0
EST03386,Ingeniería Civil,2,Matutino,18,M,70.4,83.0,3,20,No,No,No trabaja,0,5.3,Sí,14,100,No,3,Alto,0,1
EST03387,Ingeniería Electromecánica,6,Matutino,20,M,81.7,82.8,0,23,No,No,Medio tiempo,23,19.7,Sí,12,54.1,Sí,2,Medio,1,1
EST03388,Ingeniería Electromecánica,5,Matutino,24,F,82.1,67.8,1,18,No,Sí,Tiempo completo,35,21.6,Sí,10,92.2,No,1,Medio,0,1
EST03389,Ingeniería en Gestión Empresarial,7,Matutino,20,M,68.9,74.5,2,18,Sí,No,No trabaja,0,20.9,Sí,11,100,No,2,Bajo,0,0
EST03390,Contador Público,6,Matutino,22,M,71.4,74.4,0,18,No,No,Tiempo completo,47,10.2,Sí,0,48.2,No,5,Alto,1,1
EST03391,Ingeniería Mecatrónica,10,Matutino,24,F,75.6,85.3,0,35,No,Sí,No trabaja,0,2.1,Sí,9,86.1,No,2,Bajo,0,0
EST03392,Ingeniería Mecatrónica,10,Matutino,23,M,78.2,51.4,0,20,No,No,Tiempo completo,32,21.8,No,6,75.7,No,5,Medio,1,0
EST03393,Contador Público,10,Vespertino,20,F,69.9,91.7,2,23,No,No,Medio tiempo,24,0.5,No,1,76.5,No,5,Medio,0,0
EST03394,Ingeniería en Sistemas Computacionales,5,Vespertino,20,M,60.0,91.1,1,28,Sí,Sí,No trabaja,0,0.5,No,5,88.9,No,5,Bajo,1,0
EST03395,Ingeniería en Gestión Empresarial,8,Matutino,26,M,63.6,74.4,0,24,Sí,No,Medio tiempo,27,15.5,Sí,2,83.5,No,2,Bajo,0,0
EST03396,Ingeniería Mecatrónica,6,Matutino,20,F,78.0,76.6,2,25,No,No,Tiempo completo,36,4.3,Sí,5,44.3,No,2,Medio,0,1
EST03397,Licenciatura en Administración,1,Vespertino,23,F,67.9,77.9,1,34,No,No,No trabaja,0,7.2,Sí,5,100,No,5,Bajo,0,0
EST03398,Ingeniería Industrial,2,Matutino,21,M,74.3,100,3,23,No,No,No trabaja,0,10.1,Sí,13,89.5,No,4,Bajo,1,0
EST03399,Ingeniería Civil,5,Vespertino,22,M,68.8,80.5,3,26,Sí,Sí,Medio tiempo,28,2.9,Sí,6,98.3,No,1,Bajo,1,0
EST03400,Ingeniería Electromecánica,10,Matutino,24,F,79.1,59.2,1,19,Sí,No,No trabaja,0,17.1,Sí,12,93.3,No,1,Bajo,0,1
EST03401,Ingeniería Industrial,7,Vespertino,24,F,79.6,81.8,5,23,No,Sí,No trabaja,0,10.0,Sí,6,75.4,No,2,Medio,0,0
EST03402,Ingeniería Industrial,3,Matutino,17,F,83.6,70.5,0,30,Sí,Sí,No trabaja,0,16.5,Sí,12,71.5,No,3,Bajo,0,0
EST03403,Ingeniería Civil,1,Matutino,21,F,74.4,70.1,0,31,No,Sí,Tiempo completo,34,8.4,Sí,13,80.2,Sí,5,Medio,0,1
EST03404,Contador Público,8,Vespertino,22,M,77.7,77.3,3,22,No,Sí,Medio tiempo,11,10.5,Sí,13,78.3,No,1,Bajo,0,1
EST03405,Ingeniería Mecatrónica,5,Vespertino,27,F,84.5,86.3,4,27,Sí,Sí,Medio tiempo,17,9.8,Sí,14,70.7,No,1,Bajo,0,0
EST03406,Ingeniería Civil,4,Matutino,22,F,87.2,74.1,2,29,Sí,Sí,No trabaja,0,14.4,Sí,14,78.4,No,1,Bajo,0,0
EST03407,Ingeniería Industrial,7,Matutino,20,M,84.5,77.0,1,34,Sí,No,Medio tiempo,18,0.5,Sí,7,92.4,No,4,Bajo,0,0
EST03408,Ingeniería en Sistemas Computacionales,8,Vespertino,21,M,79.9,88.2,0,31,Sí,No,No trabaja,0,9.8,No,1,25,Sí,4,Medio,0,1
EST03409,Ingeniería Electromecánica,4,Matutino,23,F,54.8,91.6,2,24,No,No,Medio tiempo,15,0.5,Sí,7,85.5,No,4,Medio,1,0
EST03410,Ingeniería Electromecánica,8,Vespertino,22,F,67.8,93.9,1,35,No,No,No trabaja,0,7.7,Sí,3,68.9,No,1,Medio,0,0
EST03411,Ingeniería Mecatrónica,3,Matutino,19,M,67.8,73.9,3,24,Sí,Sí,Medio tiempo,14,0.5,No,9,99.4,No,2,Medio,1,0
EST03412,Ingeniería Civil,10,Vespertino,20,F,76.8,64.4,1,27,No,Sí,No trabaja,0,9.3,Sí,7,79.1,Sí,1,Medio,1,0
EST03413,Ingeniería Electromecánica,10,Vespertino,25,M,82.6,72.3,3,25,No,Sí,No trabaja,0,10.5,Sí,11,98.4,No,4,Bajo,0,0
EST03414,Contador Público,6,Matutino,22,M,69.3,82.0,3,24,Sí,No,Tiempo completo,39,6.9,Sí,7,100,No,4,Bajo,1,0
EST03415,Licenciatura en Administración,3,Matutino,20,F,77.7,82.6,0,18,No,No,Medio tiempo,14,3.1,Sí,9,100,Sí,2,Bajo,0,0
EST03416,Ingeniería en Sistemas Computacionales,7,Vespertino,20,F,81.0,77.6,1,28,Sí,No,Medio tiempo,10,7.0,Sí,8,94.9,No,1,Bajo,0,0
EST03417,Ingeniería en Gestión Empresarial,1,Vespertino,18,M,86.8,87.0,2,36,Sí,No,No trabaja,0,4.3,Sí,14,89.0,No,4,Bajo,0,0
EST03418,Contador Público,9,Vespertino,21,M,91.9,69.7,2,22,Sí,No,No trabaja,0,16.2,Sí,2,78.9,No,4,Bajo,0,1
EST03419,Ingeniería Electromecánica,10,Vespertino,18,M,71.0,100,2,19,Sí,No,No trabaja,0,3.3,Sí,3,75.1,No,5,Bajo,0,0
EST03420,Ingeniería en Sistemas Computacionales,5,Vespertino,20,M,75.9,61.4,2,23,No,Sí,No trabaja,0,0.5,Sí,10,100,No,5,Bajo,0,1
EST03421,Ingeniería Civil,10,Matutino,26,M,65.0,83.2,2,18,Sí,No,No trabaja,0,0.8,Sí,4,72.1,Sí,5,Medio,0,0
EST03422,Licenciatura en Administración,5,Vespertino,23,M,85.6,80.1,2,31,No,No,Medio tiempo,25,10.6,Sí,14,59.3,No,1,Medio,0,1
EST03423,Ingeniería Electromecánica,8,Matutino,24,M,74.0,75.6,0,32,No,No,No trabaja,0,4.4,Sí,12,95.4,No,2,Bajo,0,0
EST03424,Ingeniería en Gestión Empresarial,1,Vespertino,26,F,77.1,73.4,1,33,No,No,Medio tiempo,10,12.6,Sí,14,97.4,No,1,Medio,0,1
EST03425,Ingeniería en Sistemas Computacionales,10,Vespertino,22,M,76.8,99.1,0,24,No,Sí,Medio tiempo,25,3.8,Sí,0,47.4,No,3,Bajo,0,1
EST03426,Contador Público,10,Matutino,24,M,92.2,92.6,1,34,No,No,No trabaja,0,11.3,Sí,17,60.8,No,4,Bajo,0,0
EST03427,Ingeniería en Sistemas Computacionales,10,Vespertino,24,M,75.3,75.5,2,18,No,Sí,No trabaja,0,10.9,Sí,11,90.2,No,1,Bajo,0,0
EST03428,Contador Público,7,Vespertino,21,F,73.9,81.8,2,19,No,No,No trabaja,0,2.2,Sí,5,77.5,Sí,5,Medio,1,0
EST03429,Ingeniería Mecatrónica,9,Vespertino,21,F,68.4,100,3,33,Sí,No,Medio tiempo,19,8.3,Sí,1,84.6,Sí,5,Bajo,0,0
EST03430,Ingeniería en Gestión Empresarial,3,Matutino,20,F,67.2,59.0,3,26,No,No,Tiempo completo,47,10.6,Sí,0,66.1,No,1,Alto,1,1
EST03431,Ingeniería Industrial,5,Matutino,23,M,76.5,95.8,0,30,Sí,No,No trabaja,0,7.8,Sí,11,74.6,No,5,Bajo,0,0
EST03432,Ingeniería Electromecánica,4,Vespertino,20,F,55.6,78.8,1,19,No,Sí,No trabaja,0,9.6,No,9,76.7,No,1,Medio,1,0
EST03433,Contador Público,9,Matutino,22,M,55.2,97.1,0,26,No,No,Tiempo completo,34,8.4,Sí,11,68.1,No,2,Alto,0,1
EST03434,Contador Público,4,Matutino,19,M,78.4,70.0,0,24,No,Sí,Tiempo completo,30,22.7,Sí,12,87.5,No,1,Bajo,0,0
EST03435,Contador Público,5,Matutino,19,F,55.9,73.0,5,23,No,No,No trabaja,0,11.3,Sí,1,48.5,No,1,Alto,1,1
EST03436,Ingeniería Electromecánica,9,Vespertino,24,F,87.7,83.8,1,34,Sí,No,Medio tiempo,14,4.3,Sí,6,75.5,No,4,Bajo,0,1
EST03437,Ingeniería Civil,7,Matutino,26,F,78.6,74.5,1,26,No,No,Medio tiempo,28,0.5,Sí,5,59.9,No,1,Medio,0,0
EST03438,Contador Público,4,Matutino,21,F,78.6,90.5,1,35,Sí,No,Medio tiempo,15,6.0,Sí,12,94.6,No,2,Bajo,0,0
EST03439,Contador Público,7,Matutino,19,M,59.1,67.1,2,26,No,No,No trabaja,0,15.1,Sí,2,42.1,No,1,Alto,0,1
EST03440,Contador Público,7,Matutino,24,M,64.9,85.9,1,35,No,Sí,Medio tiempo,24,11.2,Sí,5,95.6,Sí,2,Bajo,0,0
EST03441,Ingeniería Electromecánica,10,Vespertino,23,F,55.2,88.8,3,29,Sí,Sí,Medio tiempo,16,0.5,No,4,66.3,No,4,Alto,0,1
EST03442,Ingeniería Mecatrónica,5,Vespertino,22,F,75.0,74.9,1,33,Sí,Sí,No trabaja,0,0.5,Sí,1,70.7,No,5,Bajo,0,0
EST03443,Licenciatura en Administración,6,Matutino,27,M,80.4,92.8,0,34,No,No,Medio tiempo,17,2.9,Sí,4,74.5,Sí,3,Medio,0,1
EST03444,Licenciatura en Administración,6,Vespertino,21,M,82.0,87.4,0,23,No,No,No trabaja,0,0.5,Sí,17,74.3,No,3,Bajo,0,0
EST03445,Ingeniería Electromecánica,6,Vespertino,23,M,61.6,100,2,28,No,No,No trabaja,0,8.2,Sí,0,32.1,No,5,Medio,1,1
EST03446,Ingeniería Mecatrónica,6,Vespertino,20,F,81.3,84.6,3,31,No,No,No trabaja,0,13.8,Sí,7,100,No,4,Bajo,1,1
EST03447,Ingeniería en Gestión Empresarial,2,Matutino,21,F,90.3,68.5,1,20,No,Sí,Medio tiempo,25,8.0,Sí,14,65.0,No,2,Bajo,0,0
EST03448,Ingeniería Electromecánica,3,Matutino,18,F,75.1,80.4,6,32,No,No,No trabaja,0,7.5,No,6,93.5,No,3,Medio,0,1
EST03449,Ingeniería Industrial,8,Vespertino,24,M,81.7,88.8,0,34,No,Sí,Medio tiempo,13,1.0,Sí,10,83.6,No,2,Bajo,0,0
EST03450,Ingeniería Civil,7,Vespertino,20,F,79.4,69.5,2,31,Sí,No,Tiempo completo,38,4.1,Sí,11,83.8,Sí,4,Bajo,0,0
EST03451,Ingeniería Mecatrónica,4,Matutino,18,F,83.2,72.4,0,35,No,No,No trabaja,0,8.1,Sí,3,92.7,Sí,1,Bajo,0,1
EST03452,Ingeniería Electromecánica,2,Matutino,23,M,82.7,92.0,3,35,No,No,Medio tiempo,22,3.9,Sí,4,100,No,3,Bajo,1,0
EST03453,Ingeniería Industrial,4,Matutino,17,F,85.2,79.9,0,34,Sí,No,Medio tiempo,13,0.7,No,3,65.4,No,2,Bajo,0,0
EST03454,Ingeniería Mecatrónica,1,Vespertino,18,M,82.5,65.9,1,25,Sí,No,Medio tiempo,10,8.4,Sí,9,81.4,No,4,Bajo,0,0
EST03455,Ingeniería Mecatrónica,3,Vespertino,22,M,81.0,71.0,0,32,Sí,Sí,Medio tiempo,27,2.7,Sí,10,100,No,1,Bajo,0,0
EST03456,Ingeniería Industrial,9,Matutino,21,M,79.1,83.0,2,23,No,Sí,Tiempo completo,38,4.0,Sí,2,53.0,No,2,Medio,0,0
EST03457,Contador Público,10,Vespertino,23,F,57.5,80.0,1,23,Sí,Sí,Tiempo completo,34,15.1,Sí,6,73.5,No,4,Medio,1,0
EST03458,Ingeniería Industrial,8,Vespertino,21,F,82.7,87.0,0,28,No,Sí,No trabaja,0,12.7,Sí,15,81.6,No,1,Bajo,0,0
EST03459,Ingeniería Electromecánica,3,Vespertino,19,M,82.0,75.3,1,32,Sí,Sí,Medio tiempo,13,6.8,Sí,8,67.5,No,3,Bajo,1,0
EST03460,Ingeniería Industrial,2,Matutino,22,F,84.0,81.8,4,33,Sí,Sí,No trabaja,0,8.6,Sí,2,40.3,No,2,Medio,1,1
EST03461,Ingeniería Electromecánica,10,Vespertino,18,M,78.4,74.0,2,34,No,No,No trabaja,0,16.7,Sí,7,89.2,No,5,Bajo,0,0
EST03462,Ingeniería Civil,8,Matutino,23,M,81.1,85.5,4,35,No,No,No trabaja,0,7.4,Sí,7,84.4,No,5,Medio,0,1
EST03463,Ingeniería Industrial,5,Matutino,22,F,81.4,88.1,6,26,No,No,No trabaja,0,10.9,Sí,8,69.1,Sí,3,Medio,0,0
EST03464,Ingeniería Civil,1,Matutino,20,F,64.5,89.5,1,21,Sí,No,Tiempo completo,45,4.9,Sí,13,64.4,No,2,Medio,0,1
EST03465,Ingeniería en Sistemas Computacionales,1,Vespertino,18,M,80.8,100,2,34,No,No,Medio tiempo,28,9.7,Sí,15,94.2,No,5,Bajo,0,0
EST03466,Ingeniería Mecatrónica,9,Matutino,23,F,84.1,96.6,0,30,Sí,No,Medio tiempo,12,4.9,Sí,10,67.4,No,4,Bajo,0,0
EST03467,Ingeniería Electromecánica,8,Matutino,22,F,81.9,70.9,0,29,No,No,No trabaja,0,12.6,Sí,3,63.2,No,1,Bajo,0,0
EST03468,Ingeniería Civil,8,Matutino,25,M,69.1,77.1,1,29,No,Sí,No trabaja,0,6.6,No,10,79.2,No,1,Bajo,0,1
EST03469,Ingeniería Civil,2,Vespertino,20,F,55.3,94.2,6,29,Sí,Sí,No trabaja,0,7.2,Sí,2,73.6,No,1,Alto,1,1
EST03470,Ingeniería Industrial,4,Matutino,20,F,73.3,76.9,0,24,No,No,Medio tiempo,22,16.2,No,1,84.4,No,1,Bajo,0,0
EST03471,Ingeniería en Gestión Empresarial,8,Matutino,26,F,95.0,85.5,6,29,No,No,Medio tiempo,17,14.5,Sí,5,71.8,No,2,Medio,1,1
EST03472,Ingeniería Industrial,7,Matutino,20,F,63.4,83.6,1,33,Sí,No,Medio tiempo,10,15.8,Sí,7,63.5,No,4,Medio,0,0
EST03473,Ingeniería Civil,2,Vespertino,24,F,67.1,83.0,3,25,No,No,No trabaja,0,1.1,Sí,5,53.7,No,3,Alto,0,1
EST03474,Ingeniería Mecatrónica,4,Vespertino,21,F,81.1,91.6,5,31,Sí,No,Medio tiempo,28,0.5,No,3,77.0,No,1,Medio,0,0
EST03475,Ingeniería Mecatrónica,1,Vespertino,17,F,65.2,83.2,2,36,No,Sí,No trabaja,0,9.3,Sí,0,85.6,No,1,Medio,0,1
EST03476,Ingeniería Mecatrónica,2,Matutino,23,M,62.0,90.3,3,36,No,Sí,No trabaja,0,3.8,Sí,11,91.2,No,5,Medio,0,1
EST03477,Ingeniería Mecatrónica,2,Matutino,21,F,88.0,58.6,2,20,Sí,No,No trabaja,0,12.3,Sí,3,53.8,No,3,Medio,0,0
EST03478,Ingeniería Mecatrónica,1,Matutino,21,F,70.7,72.2,1,23,No,No,No trabaja,0,18.5,Sí,3,86.9,No,5,Medio,0,1
EST03479,Ingeniería Electromecánica,7,Vespertino,23,M,83.0,78.2,0,21,No,No,No trabaja,0,0.5,Sí,7,77.9,No,2,Bajo,0,0
EST03480,Ingeniería Civil,3,Vespertino,21,M,80.9,86.9,0,32,No,No,No trabaja,0,12.3,Sí,7,67.6,No,4,Bajo,0,0
EST03481,Ingeniería Civil,4,Vespertino,22,F,68.2,80.4,1,33,No,Sí,Medio tiempo,24,7.2,Sí,1,67.1,No,4,Bajo,0,1
EST03482,Ingeniería Civil,8,Vespertino,21,M,69.2,86.2,3,35,No,No,No trabaja,0,0.9,No,1,40.0,No,2,Alto,0,0
EST03483,Licenciatura en Administración,4,Matutino,18,M,67.2,73.3,1,27,Sí,No,Medio tiempo,11,14.9,Sí,12,97.9,Sí,5,Bajo,0,0
EST03484,Licenciatura en Administración,4,Vespertino,25,F,70.0,66.9,0,20,No,No,No trabaja,0,5.3,Sí,12,79.6,No,1,Bajo,0,0
EST03485,Ingeniería Mecatrónica,2,Vespertino,17,M,72.4,92.0,0,18,No,No,Medio tiempo,19,11.9,Sí,5,76.1,No,5,Medio,0,0
EST03486,Ingeniería Electromecánica,10,Matutino,17,M,62.8,79.6,2,36,Sí,No,Medio tiempo,27,11.5,Sí,9,59.0,No,4,Medio,0,0
EST03487,Ingeniería Mecatrónica,9,Vespertino,21,F,75.6,67.6,2,32,No,No,Medio tiempo,20,6.9,No,13,65.6,No,1,Medio,1,0
EST03488,Contador Público,8,Vespertino,20,F,67.3,74.8,0,26,Sí,No,No trabaja,0,12.3,Sí,1,77.8,No,1,Bajo,0,1
EST03489,Ingeniería en Sistemas Computacionales,10,Matutino,23,F,79.3,93.2,3,31,No,Sí,No trabaja,0,12.1,Sí,10,87.0,No,3,Bajo,0,0
EST03490,Ingeniería en Sistemas Computacionales,1,Vespertino,17,M,74.3,90.4,0,30,Sí,No,No trabaja,0,10.8,Sí,13,78.6,No,3,Bajo,0,0
EST03491,Ingeniería en Gestión Empresarial,1,Matutino,22,F,57.8,71.2,2,20,No,No,No trabaja,0,0.5,No,8,75.9,No,4,Alto,0,1
EST03492,Ingeniería Industrial,3,Matutino,21,F,64.1,72.4,7,32,No,Sí,Tiempo completo,35,0.5,Sí,13,83.4,No,1,Alto,1,1
EST03493,Ingeniería Mecatrónica,9,Vespertino,21,F,67.4,79.3,2,35,No,No,No trabaja,0,12.6,Sí,12,89.3,No,4,Bajo,0,0
EST03494,Ingeniería en Sistemas Computacionales,6,Matutino,19,M,84.1,92.7,0,35,Sí,Sí,No trabaja,0,3.6,Sí,14,88.0,No,5,Bajo,0,0
EST03495,Contador Público,1,Vespertino,20,M,79.4,90.8,0,30,No,Sí,No trabaja,0,15.2,Sí,4,92.7,No,3,Bajo,0,0
EST03496,Contador Público,2,Matutino,19,M,57.8,78.7,4,23,Sí,No,No trabaja,0,2.3,Sí,5,58.3,No,4,Alto,0,1
EST03497,Contador Público,9,Matutino,21,M,91.3,89.0,3,27,Sí,No,No trabaja,0,0.5,Sí,13,90.0,No,4,Bajo,0,0
EST03498,Ingeniería en Sistemas Computacionales,10,Vespertino,22,M,76.5,76.7,5,27,Sí,No,No trabaja,0,19.2,Sí,3,51.2,No,2,Alto,1,1
EST03499,Ingeniería Mecatrónica,5,Matutino,23,M,58.0,94.2,3,34,No,No,Medio tiempo,27,13.4,No,5,88.4,No,3,Medio,0,1
EST03500,Ingeniería en Gestión Empresarial,5,Matutino,23,F,69.6,81.5,2,30,No,No,Tiempo completo,46,13.8,Sí,14,95.1,No,5,Bajo,1,0
EST03501,Ingeniería Electromecánica,8,Matutino,22,F,82.2,71.8,0,34,Sí,No,No trabaja,0,8.0,Sí,11,94.4,No,1,Bajo,0,0
EST03502,Ingeniería en Sistemas Computacionales,4,Vespertino,25,M,87.9,94.9,0,20,No,No,Medio tiempo,11,9.6,Sí,7,73.4,No,2,Bajo,0,0
EST03503,Ingeniería Electromecánica,8,Matutino,20,M,84.0,90.9,4,21,No,No,Medio tiempo,28,11.7,Sí,6,100,No,4,Bajo,0,1
EST03504,Ingeniería en Sistemas Computacionales,8,Matutino,24,F,60.8,96.2,1,30,No,No,No trabaja,0,12.1,Sí,12,74.3,No,1,Bajo,1,0
EST03505,Ingeniería en Sistemas Computacionales,2,Matutino,17,F,97.3,90.3,1,26,Sí,No,No trabaja,0,11.2,Sí,16,84.2,No,4,Bajo,0,0
EST03506,Ingeniería en Gestión Empresarial,10,Vespertino,21,F,87.5,76.5,1,19,No,No,No trabaja,0,15.6,Sí,2,85.9,Sí,5,Bajo,0,0
EST03507,Ingeniería Electromecánica,1,Matutino,22,M,80.4,85.7,0,22,No,Sí,No trabaja,0,12.4,Sí,16,81.8,No,5,Bajo,0,0
EST03508,Licenciatura en Administración,7,Vespertino,23,F,47.7,86.5,3,34,No,No,Tiempo completo,38,7.6,Sí,2,72.0,No,3,Alto,0,1
EST03509,Ingeniería en Sistemas Computacionales,9,Matutino,28,F,74.2,71.5,2,18,Sí,Sí,Tiempo completo,48,8.7,No,7,74.3,No,5,Alto,0,1
EST03510,Ingeniería Mecatrónica,4,Matutino,21,M,69.1,58.8,4,36,No,Sí,Tiempo completo,33,6.6,Sí,4,83.1,No,3,Alto,0,1
EST03511,Ingeniería Industrial,5,Matutino,18,M,85.6,99.0,0,36,Sí,No,No trabaja,0,0.5,Sí,10,64.6,No,4,Bajo,0,0
EST03512,Contador Público,2,Vespertino,22,M,65.0,84.5,1,36,No,Sí,No trabaja,0,7.5,Sí,7,100,No,4,Bajo,0,0
EST03513,Ingeniería Industrial,7,Matutino,21,F,81.5,82.9,5,23,No,Sí,Medio tiempo,25,18.7,Sí,5,80.3,No,1,Alto,0,1
EST03514,Ingeniería Civil,7,Matutino,23,F,80.4,81.0,1,27,No,No,Tiempo completo,38,13.1,Sí,2,61.5,No,4,Medio,1,0
EST03515,Ingeniería Industrial,5,Vespertino,23,M,59.9,94.4,2,21,Sí,No,No trabaja,0,13.7,Sí,12,94.7,No,1,Bajo,0,1
EST03516,Contador Público,9,Matutino,21,F,77.2,76.4,0,24,Sí,No,No trabaja,0,17.9,Sí,0,100,No,4,Bajo,0,0
EST03517,Ingeniería en Sistemas Computacionales,1,Vespertino,18,F,81.5,82.2,0,35,No,Sí,Medio tiempo,28,12.3,Sí,10,100,No,4,Bajo,0,0
EST03518,Ingeniería Mecatrónica,2,Matutino,21,F,80.5,77.9,6,28,No,No,Medio tiempo,15,5.6,Sí,10,68.9,No,4,Alto,1,1
EST03519,Licenciatura en Administración,9,Matutino,24,M,83.4,58.6,0,31,No,No,No trabaja,0,16.4,Sí,10,57.3,No,3,Bajo,0,0
EST03520,Licenciatura en Administración,9,Vespertino,20,M,53.2,61.7,1,23,Sí,No,Tiempo completo,41,3.1,No,7,78.7,No,3,Alto,0,1
EST03521,Ingeniería Civil,1,Matutino,19,M,90.2,85.0,3,26,Sí,No,Medio tiempo,28,8.9,Sí,1,96.7,No,1,Bajo,0,0
EST03522,Ingeniería en Sistemas Computacionales,8,Vespertino,24,M,85.3,97.2,1,36,No,Sí,Medio tiempo,21,4.3,Sí,3,67.8,No,1,Bajo,0,0
EST03523,Ingeniería Mecatrónica,9,Matutino,22,M,78.6,87.6,1,34,No,No,No trabaja,0,14.7,Sí,2,33.1,No,2,Medio,0,0
EST03524,Ingeniería Civil,10,Vespertino,20,F,45,75.6,2,32,Sí,No,Tiempo completo,43,8.2,Sí,4,76.8,Sí,3,Alto,1,1
EST03525,Contador Público,8,Matutino,19,F,96.0,83.9,5,35,Sí,No,No trabaja,0,9.1,Sí,1,62.4,No,1,Medio,0,0
EST03526,Contador Público,10,Matutino,22,M,84.0,83.4,0,26,No,No,No trabaja,0,2.0,Sí,4,73.2,No,5,Bajo,0,0
EST03527,Ingeniería Civil,6,Vespertino,20,F,72.8,88.6,1,19,No,No,Tiempo completo,43,18.5,Sí,1,76.6,No,4,Bajo,0,0
EST03528,Ingeniería en Gestión Empresarial,2,Vespertino,18,F,69.1,93.2,3,30,No,No,Medio tiempo,24,13.6,Sí,0,70.2,No,2,Bajo,1,0
EST03529,Ingeniería Industrial,4,Vespertino,22,M,58.0,75.1,0,23,No,No,Tiempo completo,34,13.8,Sí,1,72.4,No,3,Alto,0,0
EST03530,Ingeniería en Gestión Empresarial,8,Vespertino,22,M,78.3,75.2,1,25,No,No,No trabaja,0,15.6,Sí,12,64.7,No,1,Bajo,0,1
EST03531,Contador Público,8,Vespertino,23,M,61.7,70.6,2,22,No,No,No trabaja,0,9.7,Sí,9,91.9,No,4,Medio,1,1
EST03532,Licenciatura en Administración,3,Vespertino,21,F,83.5,100,1,21,No,No,Medio tiempo,10,2.6,Sí,16,80.9,No,1,Bajo,0,0
EST03533,Ingeniería en Sistemas Computacionales,2,Matutino,23,F,77.4,99.7,0,20,Sí,No,Medio tiempo,21,14.4,Sí,14,76.7,No,5,Bajo,0,0
EST03534,Ingeniería en Gestión Empresarial,8,Vespertino,28,M,87.5,81.0,0,28,No,No,No trabaja,0,22.0,Sí,9,68.3,No,5,Bajo,0,0
EST03535,Contador Público,2,Vespertino,19,M,84.9,88.3,0,21,No,Sí,No trabaja,0,8.8,Sí,14,66.9,No,2,Bajo,0,0
EST03536,Contador Público,9,Vespertino,17,M,66.1,88.8,2,20,No,Sí,Medio tiempo,27,5.7,Sí,3,81.1,No,5,Medio,0,0
EST03537,Ingeniería Industrial,6,Matutino,21,M,70.6,69.8,5,27,Sí,No,Medio tiempo,14,12.8,No,10,91.3,No,3,Alto,1,1
EST03538,Ingeniería en Sistemas Computacionales,9,Matutino,23,F,82.3,60.1,0,19,No,No,Medio tiempo,20,0.6,Sí,10,58.5,Sí,2,Alto,0,1
EST03539,Ingeniería Civil,10,Matutino,26,M,72.4,84.2,0,33,Sí,No,Medio tiempo,26,6.2,Sí,11,68.2,No,5,Bajo,0,0
EST03540,Ingeniería Mecatrónica,4,Vespertino,22,M,69.6,63.5,1,28,No,No,No trabaja,0,3.0,Sí,1,71.3,No,5,Bajo,1,0
EST03541,Licenciatura en Administración,4,Vespertino,22,M,69.4,86.0,1,33,No,Sí,No trabaja,0,8.6,Sí,13,65.3,No,5,Bajo,0,0
EST03542,Ingeniería Electromecánica,2,Matutino,19,F,87.6,100,1,34,No,No,No trabaja,0,11.3,Sí,8,87.6,Sí,5,Bajo,0,0
EST03543,Ingeniería en Sistemas Computacionales,2,Matutino,23,F,86.3,77.7,0,26,Sí,Sí,No trabaja,0,7.3,Sí,7,90.5,No,4,Bajo,0,0
EST03544,Ingeniería Mecatrónica,5,Matutino,20,M,75.1,85.5,0,21,Sí,No,No trabaja,0,8.8,Sí,3,62.4,No,2,Bajo,0,0
EST03545,Ingeniería Civil,7,Vespertino,23,M,70.7,93.6,1,21,No,Sí,Medio tiempo,27,4.2,Sí,1,66.3,No,5,Medio,1,0
EST03546,Ingeniería Mecatrónica,10,Vespertino,20,F,77.4,89.6,3,29,No,No,No trabaja,0,8.7,Sí,2,89.8,No,5,Bajo,0,0
EST03547,Licenciatura en Administración,9,Matutino,26,M,91.2,86.0,3,26,No,No,No trabaja,0,0.8,Sí,13,69.1,Sí,3,Bajo,0,0
EST03548,Ingeniería Mecatrónica,6,Vespertino,22,F,80.3,100,1,27,No,No,Medio tiempo,17,0.5,Sí,15,82.7,No,5,Bajo,0,0
EST03549,Ingeniería en Gestión Empresarial,9,Vespertino,24,M,82.1,98.4,0,22,No,No,No trabaja,0,19.5,Sí,6,100,Sí,4,Bajo,0,0
EST03550,Ingeniería en Sistemas Computacionales,1,Matutino,19,F,85.1,79.6,0,28,Sí,No,No trabaja,0,0.5,Sí,9,83.9,No,2,Bajo,0,0
EST03551,Licenciatura en Administración,3,Vespertino,18,F,68.4,60.7,2,35,No,No,Tiempo completo,34,16.7,No,7,57.5,Sí,1,Alto,1,0
EST03552,Contador Público,1,Matutino,20,M,75.0,72.5,0,24,No,Sí,Tiempo completo,36,9.4,Sí,5,52.7,No,3,Medio,1,1
EST03553,Ingeniería en Sistemas Computacionales,7,Vespertino,23,F,71.7,76.4,0,31,No,No,No trabaja,0,7.9,Sí,7,96.5,Sí,2,Bajo,0,0
EST03554,Ingeniería Electromecánica,8,Vespertino,19,F,80.7,94.1,1,18,No,No,Medio tiempo,24,9.4,No,8,74.2,Sí,2,Bajo,0,0
EST03555,Licenciatura en Administración,4,Vespertino,22,F,87.6,99.2,0,34,Sí,Sí,No trabaja,0,7.8,Sí,8,59.7,No,5,Bajo,0,0
EST03556,Ingeniería Electromecánica,5,Matutino,19,F,94.6,78.5,1,25,No,No,No trabaja,0,0.5,Sí,11,77.8,Sí,5,Bajo,0,0
EST03557,Ingeniería en Gestión Empresarial,1,Matutino,20,M,73.8,86.5,0,20,Sí,Sí,No trabaja,0,21.3,Sí,12,81.9,No,2,Bajo,0,0
EST03558,Ingeniería Civil,10,Vespertino,24,F,67.6,65.8,2,29,No,No,Medio tiempo,28,17.4,No,1,77.3,Sí,1,Alto,1,1
EST03559,Ingeniería Civil,1,Matutino,23,F,87.9,76.6,4,34,No,Sí,Medio tiempo,22,6.8,Sí,8,82.3,No,4,Medio,0,0
EST03560,Ingeniería Electromecánica,2,Matutino,19,M,70.2,82.9,1,25,No,No,Medio tiempo,26,11.9,Sí,4,82.1,No,2,Bajo,0,0
EST03561,Ingeniería Electromecánica,7,Matutino,18,M,86.4,86.8,1,30,No,No,No trabaja,0,10.6,Sí,14,71.7,No,5,Bajo,0,0
EST03562,Contador Público,7,Matutino,19,F,73.3,80.7,4,35,No,No,No trabaja,0,6.9,Sí,11,77.6,No,1,Alto,0,1
EST03563,Licenciatura en Administración,7,Matutino,24,F,88.3,90.9,3,24,Sí,No,No trabaja,0,3.2,Sí,13,90.4,No,5,Bajo,0,0
EST03564,Ingeniería Mecatrónica,4,Vespertino,18,F,67.1,66.2,6,20,No,No,Medio tiempo,11,18.7,Sí,11,75.5,No,3,Alto,1,1
EST03565,Licenciatura en Administración,9,Matutino,22,M,46.0,73.4,1,19,No,No,Tiempo completo,36,8.3,Sí,1,72.3,No,1,Alto,0,1
EST03566,Contador Público,1,Matutino,19,F,75.1,64.2,1,32,No,No,Medio tiempo,15,17.3,Sí,2,56.4,No,2,Medio,0,0
EST03567,Ingeniería en Sistemas Computacionales,9,Vespertino,23,F,68.6,95.5,4,32,Sí,No,No trabaja,0,3.6,Sí,8,100,No,1,Bajo,0,0
EST03568,Ingeniería en Gestión Empresarial,7,Vespertino,21,F,73.1,76.4,0,27,Sí,No,No trabaja,0,0.5,Sí,0,84.7,No,5,Bajo,0,0
EST03569,Contador Público,3,Matutino,21,F,81.4,91.3,0,33,Sí,No,No trabaja,0,11.0,No,6,89.8,No,1,Bajo,0,0
EST03570,Ingeniería Mecatrónica,1,Matutino,18,M,82.2,86.9,0,24,No,No,Medio tiempo,23,6.5,Sí,6,80.9,No,4,Bajo,0,0
EST03571,Contador Público,2,Matutino,22,M,86.5,93.1,0,22,No,No,No trabaja,0,8.7,No,11,87.7,No,3,Bajo,0,0
EST03572,Contador Público,4,Vespertino,20,F,66.8,77.3,4,36,No,No,Medio tiempo,18,0.5,No,13,69.3,No,2,Alto,0,0
EST03573,Ingeniería Electromecánica,10,Vespertino,20,F,72.4,82.3,1,36,Sí,No,No trabaja,0,9.5,Sí,1,72.4,No,5,Bajo,0,0
EST03574,Ingeniería Civil,7,Matutino,22,M,52.7,72.8,2,26,No,Sí,Tiempo completo,41,12.7,Sí,1,87.6,No,5,Medio,1,1
EST03575,Ingeniería Civil,2,Matutino,19,F,76.6,76.4,0,34,No,No,Medio tiempo,28,12.0,No,6,54.9,Sí,2,Medio,1,1
EST03576,Contador Público,2,Vespertino,22,F,81.8,79.6,1,18,No,Sí,No trabaja,0,20.3,Sí,4,80.0,No,4,Bajo,0,0
EST03577,Ingeniería Electromecánica,7,Matutino,21,F,61.8,84.6,3,27,Sí,Sí,No trabaja,0,0.5,Sí,6,67.1,No,4,Medio,0,0
EST03578,Ingeniería Industrial,2,Vespertino,21,M,67.8,54.6,2,24,No,Sí,Medio tiempo,12,3.2,Sí,2,47.0,Sí,5,Alto,1,1
EST03579,Licenciatura en Administración,1,Vespertino,17,F,79.8,76.9,0,18,No,Sí,Medio tiempo,18,11.8,Sí,1,75.7,No,4,Bajo,0,1
EST03580,Ingeniería en Sistemas Computacionales,7,Matutino,20,M,74.1,100,0,23,No,No,No trabaja,0,8.1,Sí,14,83.5,No,3,Bajo,0,0
EST03581,Ingeniería Electromecánica,6,Vespertino,22,F,74.1,88.0,1,34,No,Sí,Medio tiempo,28,6.0,Sí,9,86.4,No,4,Bajo,0,1
EST03582,Ingeniería en Sistemas Computacionales,9,Vespertino,24,M,72.3,81.0,1,32,No,No,No trabaja,0,0.5,Sí,8,58.9,No,3,Bajo,0,0
EST03583,Ingeniería Mecatrónica,9,Matutino,20,M,47.5,81.6,3,27,No,No,No trabaja,0,8.1,No,14,68.5,Sí,1,Alto,0,1
EST03584,Ingeniería en Gestión Empresarial,10,Matutino,22,F,68.7,82.9,1,20,No,Sí,Medio tiempo,27,10.7,Sí,0,61.4,No,1,Bajo,0,1
EST03585,Ingeniería en Sistemas Computacionales,7,Vespertino,20,M,75.1,100,0,30,No,Sí,Medio tiempo,20,12.1,No,6,83.2,Sí,2,Bajo,0,1
EST03586,Contador Público,1,Matutino,21,M,88.8,77.9,3,36,Sí,No,Medio tiempo,28,7.6,Sí,11,88.2,No,1,Bajo,0,0
EST03587,Contador Público,8,Vespertino,22,M,85.3,62.2,1,33,No,No,Tiempo completo,35,9.8,Sí,2,79.9,No,3,Medio,0,1
EST03588,Ingeniería Mecatrónica,3,Vespertino,21,F,81.5,81.6,3,31,No,No,No trabaja,0,7.7,Sí,6,100,No,2,Bajo,1,0
EST03589,Ingeniería Industrial,4,Vespertino,21,M,77.3,73.0,0,31,No,No,Medio tiempo,13,8.6,No,2,61.3,No,2,Medio,0,0
EST03590,Ingeniería Electromecánica,5,Vespertino,22,M,84.2,84.1,0,32,Sí,No,No trabaja,0,3.3,Sí,11,93.4,Sí,2,Bajo,0,0
EST03591,Ingeniería Industrial,3,Vespertino,22,F,82.8,85.5,5,35,Sí,Sí,Medio tiempo,11,3.2,Sí,15,73.3,No,4,Bajo,0,0
EST03592,Ingeniería en Gestión Empresarial,6,Vespertino,22,F,79.1,89.3,0,27,No,No,No trabaja,0,13.0,Sí,12,78.8,No,1,Bajo,0,1
EST03593,Contador Público,3,Matutino,18,F,90.4,90.6,0,23,Sí,No,No trabaja,0,12.3,Sí,12,100,No,5,Bajo,0,0
EST03594,Ingeniería Industrial,6,Vespertino,17,F,70.3,79.5,0,29,Sí,No,Medio tiempo,14,18.7,Sí,14,100,No,3,Bajo,0,0
EST03595,Ingeniería en Sistemas Computacionales,8,Matutino,23,M,76.2,73.9,1,21,No,No,Medio tiempo,16,10.4,Sí,9,63.3,No,4,Bajo,0,0
EST03596,Licenciatura en Administración,9,Vespertino,24,M,83.5,91.7,0,24,No,Sí,Medio tiempo,26,20.4,Sí,12,82.3,No,5,Bajo,0,0
EST03597,Ingeniería en Sistemas Computacionales,1,Matutino,19,M,68.3,93.7,3,34,No,No,No trabaja,0,6.8,Sí,0,59.4,No,1,Medio,1,0
EST03598,Licenciatura en Administración,4,Vespertino,21,M,67.9,99.1,1,18,Sí,Sí,No trabaja,0,13.2,Sí,4,74.7,Sí,1,Bajo,1,0
EST03599,Ingeniería Civil,8,Matutino,17,F,71.4,92.3,1,29,No,Sí,No trabaja,0,5.7,Sí,13,80.2,No,4,Bajo,0,0
EST03600,Ingeniería Industrial,3,Vespertino,20,F,85.0,73.3,0,31,Sí,No,No trabaja,0,0.8,Sí,4,100,No,1,Bajo,0,0
EST03601,Ingeniería Industrial,8,Matutino,21,M,57.5,92.6,1,23,No,Sí,Tiempo completo,40,6.2,No,5,81.9,No,1,Alto,0,1
EST03602,Contador Público,8,Vespertino,21,M,81.0,69.3,2,27,No,No,Medio tiempo,22,0.5,Sí,7,51.8,Sí,2,Alto,0,0
EST03603,Ingeniería Civil,3,Matutino,21,F,69.0,60.5,2,28,No,Sí,Tiempo completo,39,3.7,Sí,9,53.1,No,3,Alto,1,1
EST03604,Ingeniería Industrial,2,Matutino,21,F,89.5,100,2,30,Sí,Sí,Medio tiempo,27,6.3,Sí,13,79.4,No,4,Bajo,0,0
EST03605,Ingeniería Industrial,8,Matutino,23,M,58.8,89.2,1,18,Sí,No,No trabaja,0,14.5,No,7,80.5,No,2,Bajo,0,1
EST03606,Ingeniería Industrial,10,Vespertino,23,F,78.8,100,0,20,No,No,No trabaja,0,8.9,Sí,0,77.4,Sí,1,Bajo,0,0
EST03607,Ingeniería Industrial,3,Matutino,22,M,78.2,94.1,1,28,Sí,No,Medio tiempo,21,4.9,Sí,5,71.2,No,5,Bajo,0,0
EST03608,Ingeniería en Sistemas Computacionales,9,Vespertino,24,M,80.1,97.2,6,19,No,Sí,Medio tiempo,17,5.5,Sí,6,73.5,No,5,Bajo,0,0
EST03609,Ingeniería Electromecánica,6,Matutino,25,M,75.1,72.0,0,22,No,No,No trabaja,0,1.7,Sí,4,83.3,No,5,Bajo,0,0
EST03610,Ingeniería Civil,6,Matutino,22,M,81.7,95.9,1,26,No,No,Medio tiempo,17,2.1,Sí,7,51.8,No,5,Bajo,0,0
EST03611,Ingeniería en Gestión Empresarial,4,Matutino,18,M,65.8,81.6,1,35,No,Sí,Medio tiempo,22,11.9,Sí,9,73.8,No,1,Medio,0,0
EST03612,Ingeniería Mecatrónica,3,Vespertino,17,F,75.3,100,0,22,Sí,Sí,Medio tiempo,19,8.9,No,0,39.6,No,3,Bajo,0,0
EST03613,Licenciatura en Administración,3,Matutino,20,M,64.8,79.9,2,36,No,No,No trabaja,0,9.0,Sí,5,52.6,No,3,Alto,1,1
EST03614,Ingeniería Electromecánica,4,Vespertino,17,M,72.6,75.5,2,20,Sí,Sí,Tiempo completo,45,0.8,Sí,1,60.9,No,5,Medio,0,1
EST03615,Ingeniería Mecatrónica,1,Vespertino,21,M,72.8,78.2,3,32,Sí,Sí,No trabaja,0,15.6,Sí,7,79.6,Sí,5,Medio,0,0
EST03616,Ingeniería en Gestión Empresarial,7,Vespertino,22,M,72.6,95.7,1,22,No,No,No trabaja,0,11.2,Sí,12,100,No,4,Bajo,0,0
EST03617,Ingeniería Electromecánica,9,Vespertino,20,M,88.1,95.9,1,33,No,Sí,Medio tiempo,25,4.3,No,6,67.0,No,4,Bajo,0,0
EST03618,Ingeniería Industrial,2,Vespertino,20,F,77.9,79.6,2,33,No,No,Medio tiempo,18,1.9,Sí,12,84.7,No,4,Bajo,0,0
EST03619,Ingeniería Civil,1,Matutino,23,M,78.0,83.6,0,33,Sí,No,No trabaja,0,15.7,Sí,13,67.7,No,2,Bajo,0,0
EST03620,Ingeniería Electromecánica,3,Matutino,23,M,62.7,88.3,1,23,Sí,Sí,No trabaja,0,4.2,No,2,64.9,No,1,Bajo,1,0
EST03621,Ingeniería Electromecánica,4,Vespertino,20,M,88.9,85.0,1,35,No,Sí,No trabaja,0,1.1,Sí,3,53.6,No,3,Bajo,0,0
EST03622,Ingeniería Electromecánica,7,Matutino,21,F,85.5,87.2,3,35,No,No,No trabaja,0,3.0,Sí,14,70.9,No,4,Bajo,0,0
EST03623,Ingeniería en Gestión Empresarial,10,Matutino,23,F,71.2,89.9,2,23,No,No,Medio tiempo,14,8.1,Sí,5,100,No,5,Bajo,0,0
EST03624,Ingeniería Mecatrónica,6,Matutino,21,M,77.7,94.1,2,28,Sí,Sí,Medio tiempo,13,2.8,Sí,2,65.1,Sí,2,Medio,0,0
EST03625,Contador Público,9,Vespertino,18,M,81.2,70.8,0,22,No,Sí,Medio tiempo,16,5.1,Sí,0,71.2,Sí,3,Bajo,0,0
EST03626,Ingeniería Electromecánica,1,Vespertino,20,F,91.8,83.3,4,24,Sí,No,Medio tiempo,19,11.7,Sí,3,64.9,No,3,Bajo,1,0
EST03627,Ingeniería Mecatrónica,2,Vespertino,22,M,86.5,78.5,3,23,Sí,No,No trabaja,0,11.1,Sí,3,43.7,Sí,5,Alto,0,0
EST03628,Ingeniería Civil,1,Matutino,17,M,58.4,64.4,4,20,Sí,No,Tiempo completo,42,17.4,No,4,100,No,2,Alto,1,1
EST03629,Ingeniería en Gestión Empresarial,7,Vespertino,22,F,72.8,83.3,1,30,Sí,No,No trabaja,0,13.3,Sí,4,100,Sí,1,Bajo,0,1
EST03630,Ingeniería en Sistemas Computacionales,3,Vespertino,24,M,58.0,100,1,24,No,Sí,No trabaja,0,10.1,No,12,92.4,Sí,2,Medio,0,0
EST03631,Ingeniería en Gestión Empresarial,7,Vespertino,24,F,61.4,81.6,6,24,No,No,Medio tiempo,19,12.7,Sí,13,88.1,No,4,Alto,0,0
EST03632,Ingeniería en Sistemas Computacionales,3,Vespertino,17,M,69.9,69.5,2,27,No,No,No trabaja,0,0.9,Sí,1,55.8,No,5,Medio,1,0
EST03633,Ingeniería en Sistemas Computacionales,3,Vespertino,20,F,70.8,69.6,1,19,No,No,Tiempo completo,35,2.3,Sí,12,87.6,No,4,Medio,0,0
EST03634,Ingeniería Industrial,5,Vespertino,21,M,62.4,92.6,1,23,No,No,No trabaja,0,0.5,Sí,7,100,No,5,Bajo,1,0
EST03635,Ingeniería en Gestión Empresarial,9,Matutino,22,M,84.4,70.7,0,25,Sí,No,No trabaja,0,20.1,Sí,12,54.1,No,5,Bajo,0,1
EST03636,Contador Público,2,Matutino,20,M,76.1,79.9,3,29,Sí,Sí,Medio tiempo,14,2.5,Sí,12,74.8,Sí,4,Medio,0,0
EST03637,Ingeniería Civil,10,Vespertino,24,M,82.2,77.8,1,33,No,No,No trabaja,0,6.4,Sí,1,83.8,No,3,Bajo,0,0
EST03638,Ingeniería en Gestión Empresarial,1,Matutino,22,M,75.8,77.3,0,31,Sí,Sí,No trabaja,0,12.0,Sí,5,57.1,No,5,Bajo,0,0
EST03639,Ingeniería Mecatrónica,3,Vespertino,27,M,70.0,73.6,2,19,No,No,Tiempo completo,33,1.5,Sí,0,79.0,Sí,4,Medio,1,0
EST03640,Ingeniería en Gestión Empresarial,2,Matutino,20,M,77.9,75.8,0,28,Sí,No,Medio tiempo,18,4.8,Sí,12,81.4,No,1,Bajo,0,0
EST03641,Ingeniería Industrial,9,Matutino,23,M,74.1,74.4,3,28,Sí,No,Medio tiempo,14,15.7,No,8,66.9,Sí,1,Alto,0,1
EST03642,Ingeniería Industrial,4,Matutino,21,F,78.3,100,0,24,No,Sí,No trabaja,0,10.7,Sí,4,69.7,No,4,Bajo,0,0
EST03643,Ingeniería en Gestión Empresarial,9,Vespertino,20,M,71.2,87.8,1,32,No,No,No trabaja,0,1.8,Sí,4,58.9,No,4,Bajo,0,0
EST03644,Ingeniería en Gestión Empresarial,6,Matutino,25,M,85.8,70.9,4,25,No,Sí,Medio tiempo,24,4.0,Sí,8,81.6,No,2,Medio,0,1
EST03645,Ingeniería en Gestión Empresarial,6,Vespertino,17,F,68.6,68.8,0,20,No,No,Tiempo completo,45,10.7,Sí,11,54.5,No,2,Medio,0,0
EST03646,Ingeniería Civil,2,Vespertino,23,M,66.5,84.4,7,31,No,Sí,No trabaja,0,7.3,Sí,10,70.5,No,4,Alto,0,1
EST03647,Ingeniería Mecatrónica,9,Vespertino,23,F,75.2,81.4,0,30,No,No,No trabaja,0,10.9,No,10,52.4,No,5,Medio,0,0
EST03648,Ingeniería Mecatrónica,3,Vespertino,25,M,77.6,100,0,23,No,No,Medio tiempo,23,12.9,Sí,8,94.4,No,4,Bajo,0,1
EST03649,Ingeniería Civil,2,Matutino,22,M,65.5,89.0,1,24,No,No,Medio tiempo,24,0.9,Sí,10,97.6,No,4,Bajo,0,1
EST03650,Contador Público,5,Matutino,19,M,71.4,81.0,1,30,No,No,Tiempo completo,33,5.2,Sí,10,85.5,No,3,Medio,1,0
EST03651,Ingeniería Industrial,8,Vespertino,20,F,66.1,87.9,1,29,No,No,Medio tiempo,27,5.1,Sí,5,72.5,No,2,Bajo,0,0
EST03652,Licenciatura en Administración,9,Matutino,27,M,62.4,76.9,0,30,No,No,No trabaja,0,13.3,Sí,5,54.2,No,1,Bajo,0,1
EST03653,Ingeniería en Sistemas Computacionales,4,Matutino,22,M,60.9,72.8,4,25,Sí,No,No trabaja,0,9.2,Sí,2,100,No,1,Alto,0,1
EST03654,Licenciatura en Administración,2,Vespertino,21,M,61.3,81.7,7,18,Sí,No,No trabaja,0,6.7,No,3,48.6,Sí,5,Alto,0,1
EST03655,Ingeniería Civil,10,Vespertino,23,M,53.4,71.6,1,18,No,No,No trabaja,0,2.0,Sí,2,54.2,Sí,2,Alto,0,1
EST03656,Ingeniería Civil,8,Matutino,23,F,78.6,78.5,1,26,No,No,No trabaja,0,9.3,No,14,91.6,Sí,1,Bajo,0,0
EST03657,Ingeniería Civil,1,Matutino,20,M,66.4,88.8,5,26,No,No,Tiempo completo,32,6.2,Sí,1,70.3,No,1,Medio,0,0
EST03658,Ingeniería Mecatrónica,2,Matutino,21,M,73.9,73.1,0,33,No,Sí,Tiempo completo,38,14.7,Sí,12,75.7,No,1,Bajo,0,0
EST03659,Contador Público,4,Vespertino,23,F,63.9,87.0,5,31,No,Sí,No trabaja,0,1.4,Sí,14,85.8,No,2,Bajo,0,0
EST03660,Contador Público,6,Vespertino,19,F,67.2,82.6,2,33,Sí,Sí,Medio tiempo,20,16.7,Sí,4,50.0,No,1,Medio,0,1
EST03661,Ingeniería en Sistemas Computacionales,6,Vespertino,24,M,68.7,75.0,2,34,No,No,Tiempo completo,43,0.5,Sí,2,63.3,No,5,Alto,0,1
EST03662,Ingeniería en Sistemas Computacionales,3,Matutino,19,M,84.7,84.4,0,35,No,Sí,No trabaja,0,12.1,Sí,10,96.4,No,5,Bajo,0,0
EST03663,Licenciatura en Administración,1,Vespertino,18,F,71.5,75.6,0,32,No,No,Medio tiempo,25,26.4,No,9,64.0,No,4,Medio,0,0
EST03664,Licenciatura en Administración,4,Vespertino,19,M,75.6,81.5,3,24,No,Sí,Medio tiempo,10,10.7,No,13,69.3,No,3,Alto,1,0
EST03665,Ingeniería Electromecánica,3,Vespertino,23,F,71.7,82.2,1,29,No,Sí,Medio tiempo,21,12.1,Sí,10,100,No,5,Bajo,0,0
EST03666,Ingeniería Industrial,5,Matutino,21,F,48.7,71.1,7,25,Sí,Sí,No trabaja,0,10.6,No,10,95.1,No,4,Alto,0,1
EST03667,Ingeniería Industrial,4,Matutino,20,M,71.0,77.9,0,24,No,Sí,No trabaja,0,13.0,Sí,3,63.4,No,5,Bajo,0,0
EST03668,Ingeniería Mecatrónica,10,Vespertino,28,F,81.1,96.1,5,23,No,No,Medio tiempo,19,5.5,Sí,13,84.2,No,3,Bajo,0,0
EST03669,Licenciatura en Administración,8,Matutino,18,F,71.9,56.8,0,28,Sí,Sí,Tiempo completo,41,6.4,Sí,12,89.6,No,2,Bajo,0,1
EST03670,Ingeniería en Gestión Empresarial,5,Vespertino,20,F,75.0,77.3,0,18,No,No,Medio tiempo,13,9.4,Sí,3,84.6,No,4,Medio,1,0
EST03671,Ingeniería Electromecánica,9,Vespertino,21,M,67.1,85.2,5,29,No,Sí,No trabaja,0,2.2,Sí,12,100,No,3,Bajo,0,0
EST03672,Ingeniería en Gestión Empresarial,9,Vespertino,20,F,83.3,78.8,1,35,No,No,No trabaja,0,9.1,Sí,3,88.7,No,3,Bajo,0,0
EST03673,Licenciatura en Administración,4,Matutino,24,M,97.0,70.0,3,33,No,No,No trabaja,0,5.9,Sí,3,100,No,3,Bajo,0,1
EST03674,Contador Público,2,Matutino,17,M,73.5,93.0,2,32,Sí,Sí,Medio tiempo,17,7.3,Sí,12,87.9,Sí,1,Bajo,0,0
EST03675,Ingeniería Industrial,2,Vespertino,17,F,65.7,77.9,1,32,No,No,No trabaja,0,3.0,Sí,13,95.3,No,1,Bajo,0,0
EST03676,Contador Público,3,Matutino,20,F,86.9,76.0,2,27,No,No,No trabaja,0,0.5,Sí,2,87.2,No,4,Bajo,0,0
EST03677,Ingeniería Industrial,4,Vespertino,23,M,79.6,96.0,2,30,Sí,Sí,No trabaja,0,14.2,Sí,2,74.4,No,4,Bajo,1,0
EST03678,Ingeniería en Sistemas Computacionales,2,Vespertino,20,M,91.0,97.0,2,26,Sí,No,No trabaja,0,17.8,Sí,13,100,No,1,Bajo,0,0
EST03679,Ingeniería en Gestión Empresarial,4,Vespertino,18,M,86.0,76.4,0,32,No,No,No trabaja,0,1.0,No,10,45.0,No,3,Medio,0,0
EST03680,Ingeniería en Gestión Empresarial,4,Vespertino,24,F,83.9,97.5,0,18,No,No,No trabaja,0,6.4,Sí,14,76.3,No,4,Bajo,0,0
EST03681,Ingeniería Mecatrónica,10,Vespertino,24,F,94.3,71.9,4,18,No,No,No trabaja,0,14.6,Sí,2,72.8,No,4,Medio,0,0
EST03682,Ingeniería Electromecánica,2,Vespertino,21,M,76.0,81.6,0,36,No,Sí,Medio tiempo,18,0.5,Sí,11,78.3,No,2,Bajo,0,0
EST03683,Ingeniería en Gestión Empresarial,5,Matutino,21,F,84.2,95.0,0,35,Sí,Sí,Medio tiempo,13,2.1,No,14,92.4,No,4,Bajo,0,0
EST03684,Ingeniería Mecatrónica,5,Matutino,23,M,68.5,75.8,1,31,Sí,No,Tiempo completo,36,7.9,No,9,83.1,No,4,Medio,0,1
EST03685,Ingeniería Electromecánica,7,Vespertino,26,M,66.6,79.6,3,24,No,No,Medio tiempo,16,7.5,Sí,4,75.5,No,5,Medio,0,0
EST03686,Ingeniería Industrial,4,Matutino,21,M,72.7,81.3,0,31,Sí,Sí,Medio tiempo,18,10.9,Sí,4,84.9,Sí,5,Bajo,1,0
EST03687,Licenciatura en Administración,3,Vespertino,17,F,85.9,80.9,0,31,No,No,Medio tiempo,11,10.2,Sí,10,79.4,No,4,Bajo,0,0
EST03688,Ingeniería Mecatrónica,7,Vespertino,19,M,86.0,90.3,0,27,No,Sí,No trabaja,0,7.3,Sí,9,90.5,Sí,4,Bajo,0,0
EST03689,Contador Público,1,Vespertino,20,M,100,72.6,1,22,No,No,Medio tiempo,21,14.8,Sí,5,49.6,No,3,Medio,0,0
EST03690,Ingeniería Mecatrónica,10,Vespertino,19,F,78.8,66.4,3,29,No,No,Tiempo completo,34,4.5,Sí,13,67.5,Sí,4,Alto,0,1
EST03691,Ingeniería en Gestión Empresarial,2,Vespertino,18,F,85.1,100,0,34,Sí,Sí,No trabaja,0,1.0,Sí,17,99.5,No,4,Bajo,0,0
EST03692,Ingeniería en Gestión Empresarial,1,Matutino,20,M,73.3,64.7,5,28,No,No,Tiempo completo,41,9.8,Sí,6,72.2,Sí,4,Alto,0,0
EST03693,Ingeniería en Gestión Empresarial,1,Matutino,17,M,53.0,89.4,4,34,No,No,Medio tiempo,27,1.3,Sí,4,75.5,No,1,Medio,0,1
EST03694,Ingeniería Electromecánica,5,Vespertino,22,F,63.0,58.0,2,24,No,Sí,Tiempo completo,46,17.6,Sí,1,55.7,No,1,Alto,1,1
EST03695,Ingeniería Industrial,10,Vespertino,22,F,79.6,76.0,2,21,No,No,No trabaja,0,10.4,Sí,5,78.1,No,3,Medio,0,0
EST03696,Licenciatura en Administración,6,Matutino,24,F,85.9,79.6,0,35,No,No,No trabaja,0,10.5,Sí,13,71.7,No,2,Bajo,0,0
EST03697,Contador Público,3,Matutino,17,F,90.8,84.7,1,35,No,Sí,Medio tiempo,23,8.6,Sí,6,92.2,No,2,Bajo,0,0
EST03698,Ingeniería en Gestión Empresarial,6,Vespertino,22,F,67.2,70.1,1,28,No,Sí,Tiempo completo,47,7.5,Sí,4,76.7,No,5,Medio,0,1
EST03699,Licenciatura en Administración,8,Vespertino,20,F,72.6,100,1,19,No,No,No trabaja,0,1.0,Sí,11,81.4,No,3,Bajo,0,0
EST03700,Ingeniería en Gestión Empresarial,2,Vespertino,18,M,71.9,88.7,0,23,Sí,No,No trabaja,0,4.1,Sí,8,73.7,No,3,Bajo,1,0
EST03701,Ingeniería Mecatrónica,6,Matutino,22,F,72.7,73.2,2,26,Sí,No,Medio tiempo,22,0.5,Sí,0,75.0,No,2,Medio,0,0
EST03702,Ingeniería Mecatrónica,1,Vespertino,17,F,77.2,83.2,3,33,No,No,No trabaja,0,0.5,Sí,9,78.5,Sí,5,Bajo,0,0
EST03703,Ingeniería Mecatrónica,9,Vespertino,22,F,84.9,76.6,1,36,No,No,No trabaja,0,13.6,Sí,9,89.1,No,4,Bajo,0,0
EST03704,Ingeniería Industrial,10,Vespertino,23,F,71.5,76.9,1,23,No,No,Medio tiempo,28,8.1,Sí,14,57.1,No,2,Medio,0,0
EST03705,Licenciatura en Administración,6,Matutino,22,M,97.3,76.5,1,25,No,No,Medio tiempo,16,15.2,Sí,0,78.4,No,1,Bajo,0,0
EST03706,Ingeniería Mecatrónica,10,Matutino,21,M,69.2,100,2,22,Sí,No,No trabaja,0,0.5,Sí,7,83.8,No,5,Bajo,0,0
EST03707,Ingeniería Mecatrónica,6,Matutino,22,F,52.9,74.2,1,29,Sí,No,No trabaja,0,5.9,Sí,4,100,No,5,Bajo,0,1
EST03708,Ingeniería Electromecánica,5,Vespertino,19,F,85.4,67.3,4,22,No,Sí,No trabaja,0,9.7,Sí,3,80.4,No,3,Medio,0,1
EST03709,Ingeniería Electromecánica,6,Matutino,22,M,90.0,96.7,0,25,No,No,Medio tiempo,21,12.6,Sí,11,89.5,No,2,Bajo,0,0
EST03710,Licenciatura en Administración,9,Matutino,19,M,62.6,95.8,1,27,Sí,Sí,Tiempo completo,32,6.3,Sí,1,82.3,No,5,Bajo,0,0
EST03711,Ingeniería en Sistemas Computacionales,4,Vespertino,24,M,85.4,81.7,0,35,No,No,Medio tiempo,26,21.6,Sí,2,35.2,No,3,Bajo,0,0
EST03712,Licenciatura en Administración,3,Vespertino,19,M,83.0,94.2,0,18,No,No,No trabaja,0,10.4,Sí,6,96.8,No,5,Bajo,0,0
EST03713,Ingeniería Civil,10,Vespertino,24,F,66.1,61.4,3,21,No,Sí,Medio tiempo,24,15.9,No,3,37.0,No,1,Alto,0,1
EST03714,Ingeniería Mecatrónica,1,Matutino,21,M,87.7,83.0,1,24,No,No,No trabaja,0,11.7,Sí,0,77.6,No,3,Bajo,1,0
EST03715,Ingeniería en Sistemas Computacionales,10,Matutino,24,M,88.5,100.0,0,29,No,No,Medio tiempo,20,13.7,Sí,14,79.2,No,3,Bajo,0,0
EST03716,Ingeniería en Sistemas Computacionales,10,Vespertino,23,M,73.9,81.9,0,20,No,No,Medio tiempo,21,11.6,Sí,13,92.5,No,1,Bajo,0,0
EST03717,Ingeniería Industrial,8,Matutino,23,M,87.6,97.5,1,33,Sí,Sí,No trabaja,0,13.4,Sí,3,65.0,No,1,Bajo,0,0
EST03718,Ingeniería en Sistemas Computacionales,4,Matutino,21,F,98.7,88.9,1,26,No,No,No trabaja,0,0.5,Sí,16,81.1,No,4,Bajo,0,0
EST03719,Ingeniería Industrial,1,Vespertino,18,M,51.8,82.9,1,19,Sí,Sí,Tiempo completo,46,0.5,Sí,6,74.3,Sí,1,Alto,0,0
EST03720,Ingeniería Mecatrónica,10,Matutino,25,M,58.6,89.3,2,30,No,No,No trabaja,0,24.7,Sí,4,76.1,No,1,Medio,0,0
EST03721,Ingeniería en Sistemas Computacionales,10,Matutino,23,M,92.0,60.3,0,28,No,No,No trabaja,0,16.7,Sí,12,65.8,No,2,Medio,1,0
EST03722,Ingeniería Civil,5,Vespertino,19,F,80.0,88.1,2,33,No,No,No trabaja,0,3.9,Sí,5,74.7,No,4,Bajo,0,0
EST03723,Ingeniería Industrial,8,Vespertino,23,F,48.7,75.3,2,30,Sí,Sí,Medio tiempo,18,17.0,Sí,12,100,No,1,Medio,0,0
EST03724,Contador Público,4,Matutino,27,M,56.7,82.3,1,21,No,No,Medio tiempo,26,4.3,Sí,11,100,No,5,Medio,0,0
EST03725,Ingeniería en Sistemas Computacionales,6,Vespertino,20,M,71.8,85.0,0,36,Sí,Sí,Medio tiempo,13,8.9,Sí,5,65.7,No,3,Bajo,0,0
EST03726,Ingeniería Industrial,1,Vespertino,23,F,70.5,91.6,0,27,Sí,No,Medio tiempo,15,15.0,Sí,12,58.9,No,2,Bajo,0,0
EST03727,Ingeniería Mecatrónica,7,Matutino,19,F,66.9,92.7,6,31,No,No,Medio tiempo,15,5.7,Sí,10,59.1,Sí,3,Alto,0,1
EST03728,Ingeniería Civil,7,Vespertino,22,M,74.3,76.5,4,29,No,No,Medio tiempo,12,8.9,Sí,10,86.8,No,5,Medio,0,0
EST03729,Ingeniería Civil,2,Vespertino,20,F,64.1,69.7,3,36,No,No,Tiempo completo,46,18.9,Sí,2,53.7,No,5,Alto,1,1
EST03730,Ingeniería en Gestión Empresarial,5,Matutino,19,M,73.8,86.5,0,23,Sí,Sí,No trabaja,0,24.6,Sí,14,80.5,No,5,Bajo,0,1
EST03731,Ingeniería Electromecánica,7,Matutino,23,F,70.1,93.6,0,32,No,Sí,No trabaja,0,20.8,Sí,7,69.3,No,2,Bajo,0,0
EST03732,Ingeniería Mecatrónica,9,Vespertino,21,F,59.5,70.5,1,31,No,Sí,No trabaja,0,9.8,Sí,13,81.2,No,5,Bajo,0,0
EST03733,Ingeniería en Sistemas Computacionales,10,Matutino,22,F,63.8,68.6,3,18,Sí,Sí,Medio tiempo,13,9.4,Sí,2,72.1,No,5,Medio,0,1
EST03734,Ingeniería Civil,1,Matutino,19,M,74.3,83.7,2,28,No,Sí,Medio tiempo,23,6.5,Sí,7,67.0,No,4,Bajo,0,0
EST03735,Ingeniería en Gestión Empresarial,10,Matutino,22,F,64.5,80.4,7,35,No,No,Tiempo completo,32,0.5,Sí,3,31.9,No,5,Alto,1,1
EST03736,Ingeniería en Gestión Empresarial,10,Vespertino,24,M,73.4,82.4,5,27,No,No,Tiempo completo,47,5.6,Sí,13,64.6,No,3,Alto,0,1
EST03737,Ingeniería Mecatrónica,1,Matutino,19,F,70.0,71.1,5,21,No,Sí,No trabaja,0,18.9,No,7,67.6,No,1,Alto,0,1
EST03738,Contador Público,9,Vespertino,19,M,90.1,68.1,1,35,Sí,No,Tiempo completo,32,9.4,Sí,0,79.9,No,5,Bajo,0,0
EST03739,Contador Público,5,Matutino,21,M,72.3,91.0,4,27,No,Sí,No trabaja,0,11.1,Sí,2,73.3,No,4,Bajo,0,1
EST03740,Ingeniería en Gestión Empresarial,8,Vespertino,23,F,72.4,78.5,2,29,No,Sí,No trabaja,0,3.6,Sí,7,88.4,No,2,Bajo,0,0
EST03741,Ingeniería en Gestión Empresarial,2,Matutino,22,M,92.4,89.5,1,28,Sí,No,No trabaja,0,13.5,Sí,16,86.5,No,5,Bajo,0,0
EST03742,Ingeniería en Gestión Empresarial,7,Vespertino,23,F,81.8,78.6,1,26,Sí,No,Tiempo completo,40,3.2,Sí,5,77.2,No,2,Bajo,0,1
EST03743,Ingeniería en Sistemas Computacionales,4,Vespertino,21,F,63.2,76.1,0,25,Sí,No,Tiempo completo,37,1.9,Sí,8,60.7,No,3,Medio,1,0
EST03744,Ingeniería Civil,6,Matutino,21,F,68.2,82.6,0,21,No,Sí,Medio tiempo,18,11.8,Sí,14,72.1,No,5,Bajo,0,0
EST03745,Ingeniería Mecatrónica,6,Matutino,20,M,58.1,100,3,26,Sí,No,No trabaja,0,2.7,No,0,75.7,No,3,Medio,0,0
EST03746,Ingeniería Electromecánica,8,Vespertino,21,M,78.6,78.4,1,18,No,No,No trabaja,0,7.8,Sí,6,83.9,No,1,Bajo,0,0
EST03747,Ingeniería en Gestión Empresarial,5,Vespertino,24,F,78.5,75.7,1,32,No,No,No trabaja,0,7.8,No,3,61.4,No,5,Medio,0,1
EST03748,Licenciatura en Administración,8,Matutino,23,F,61.5,79.1,2,20,No,No,Tiempo completo,40,9.1,No,11,73.9,Sí,5,Alto,1,0
EST03749,Contador Público,6,Vespertino,20,M,75.2,81.0,2,30,Sí,No,No trabaja,0,7.3,Sí,7,84.9,No,2,Medio,0,0
EST03750,Ingeniería en Sistemas Computacionales,4,Vespertino,22,F,68.7,73.6,2,32,No,No,No trabaja,0,6.6,Sí,0,75.3,No,3,Medio,0,0
EST03751,Licenciatura en Administración,10,Matutino,23,M,72.1,97.7,0,20,Sí,No,No trabaja,0,4.8,Sí,2,87.8,No,5,Bajo,0,0
EST03752,Ingeniería Industrial,4,Vespertino,26,M,71.5,65.2,2,35,No,No,No trabaja,0,5.9,Sí,5,66.3,No,3,Medio,1,1
EST03753,Ingeniería en Gestión Empresarial,6,Matutino,22,F,66.0,93.5,5,19,No,Sí,No trabaja,0,6.9,Sí,1,85.4,No,1,Medio,0,0
EST03754,Ingeniería en Sistemas Computacionales,9,Vespertino,22,M,75.9,71.4,1,19,No,No,No trabaja,0,14.9,Sí,3,44.3,Sí,2,Medio,1,1
EST03755,Ingeniería Electromecánica,3,Matutino,17,F,72.2,66.0,0,35,No,No,Medio tiempo,24,11.1,Sí,2,65.0,No,3,Medio,0,1
EST03756,Ingeniería en Sistemas Computacionales,9,Matutino,23,F,74.7,68.2,0,23,No,Sí,Tiempo completo,43,21.4,Sí,1,60.2,No,3,Medio,0,1
EST03757,Ingeniería en Gestión Empresarial,1,Vespertino,17,F,88.9,98.0,5,27,Sí,Sí,Medio tiempo,28,13.4,Sí,14,58.2,No,3,Bajo,0,1
EST03758,Ingeniería Mecatrónica,8,Vespertino,22,M,57.2,79.0,3,30,Sí,No,Tiempo completo,45,1.4,Sí,10,56.5,No,1,Alto,1,1
EST03759,Ingeniería Mecatrónica,9,Vespertino,25,M,65.1,64.7,2,19,No,Sí,Medio tiempo,16,16.3,No,2,70.9,No,2,Alto,0,0
EST03760,Ingeniería Mecatrónica,3,Matutino,20,F,75.1,74.8,1,33,No,No,Medio tiempo,16,13.5,Sí,9,53.3,Sí,5,Alto,0,0
EST03761,Licenciatura en Administración,10,Vespertino,24,M,59.9,90.2,5,29,No,No,Medio tiempo,18,1.7,Sí,9,69.8,No,3,Medio,0,0
EST03762,Ingeniería Civil,1,Matutino,18,F,70.0,71.7,0,27,No,Sí,Medio tiempo,19,7.3,Sí,0,47.0,No,3,Medio,0,1
EST03763,Licenciatura en Administración,8,Matutino,26,F,76.9,81.4,0,31,No,Sí,No trabaja,0,8.2,No,7,58.2,Sí,5,Bajo,0,0
EST03764,Ingeniería Civil,2,Vespertino,19,M,58.1,93.9,1,32,No,Sí,Tiempo completo,48,7.9,Sí,12,84.8,No,1,Bajo,0,0
EST03765,Licenciatura en Administración,4,Vespertino,22,M,72.4,89.2,0,30,No,Sí,No trabaja,0,12.3,Sí,8,98.3,No,1,Bajo,0,0
EST03766,Ingeniería Industrial,8,Matutino,23,F,65.8,68.0,2,32,Sí,No,Medio tiempo,13,2.4,Sí,4,60.9,Sí,2,Alto,0,1
EST03767,Ingeniería en Gestión Empresarial,3,Vespertino,18,F,71.3,85.2,0,34,No,No,No trabaja,0,6.9,Sí,0,84.9,No,5,Bajo,0,0
EST03768,Ingeniería Electromecánica,4,Matutino,20,F,84.6,85.4,3,35,No,No,Medio tiempo,25,13.3,Sí,9,77.7,No,1,Medio,0,0
EST03769,Ingeniería Electromecánica,4,Matutino,26,M,74.5,69.3,0,25,No,No,No trabaja,0,16.4,Sí,0,78.0,No,2,Bajo,0,0
EST03770,Ingeniería Electromecánica,10,Matutino,21,M,79.5,78.4,3,34,No,No,No trabaja,0,1.8,Sí,3,64.9,No,4,Bajo,0,1
EST03771,Ingeniería Electromecánica,5,Vespertino,18,F,76.4,90.3,5,36,No,No,Medio tiempo,24,14.6,Sí,12,100,No,2,Bajo,0,1
EST03772,Ingeniería en Gestión Empresarial,3,Vespertino,19,M,65.2,93.5,3,21,No,Sí,Tiempo completo,40,9.4,Sí,6,60.1,No,1,Medio,1,0
EST03773,Licenciatura en Administración,5,Matutino,24,M,71.7,88.5,1,21,Sí,No,No trabaja,0,17.5,Sí,8,90.2,Sí,1,Bajo,0,0
EST03774,Ingeniería Civil,6,Vespertino,24,F,70.1,65.4,5,33,No,No,Tiempo completo,33,16.6,No,3,68.0,No,5,Alto,1,1
EST03775,Ingeniería Industrial,3,Vespertino,18,M,75.2,53.2,2,19,No,Sí,Medio tiempo,17,21.4,Sí,13,76.2,No,4,Medio,1,0
EST03776,Ingeniería Civil,4,Matutino,20,M,65.2,92.0,4,24,No,No,No trabaja,0,1.0,Sí,4,70.6,No,5,Medio,1,1
EST03777,Ingeniería en Gestión Empresarial,6,Matutino,21,M,80.9,78.6,3,34,Sí,Sí,Medio tiempo,23,0.9,Sí,9,80.5,No,2,Bajo,0,0
EST03778,Ingeniería Industrial,5,Vespertino,18,M,72.2,90.8,0,29,No,No,Medio tiempo,16,8.2,No,12,73.2,No,4,Bajo,0,1
EST03779,Contador Público,3,Vespertino,20,M,66.3,85.5,7,34,No,No,No trabaja,0,13.6,Sí,8,89.3,Sí,5,Alto,0,1
EST03780,Licenciatura en Administración,4,Matutino,17,F,82.1,76.0,0,29,No,No,Medio tiempo,21,0.9,Sí,2,66.0,No,4,Medio,1,0
EST03781,Ingeniería en Sistemas Computacionales,4,Matutino,25,M,72.9,74.7,1,22,No,No,Tiempo completo,35,11.0,Sí,12,55.1,No,1,Medio,0,1
EST03782,Ingeniería Mecatrónica,3,Vespertino,24,M,75.0,88.2,0,28,No,No,No trabaja,0,8.9,No,5,84.9,Sí,4,Bajo,0,0
EST03783,Ingeniería en Sistemas Computacionales,6,Vespertino,23,F,74.0,82.0,1,31,Sí,No,Medio tiempo,26,9.1,Sí,14,73.5,No,4,Medio,1,1
EST03784,Ingeniería en Sistemas Computacionales,4,Matutino,22,M,81.1,94.2,0,33,No,No,No trabaja,0,11.0,Sí,17,73.8,Sí,2,Bajo,0,0
EST03785,Ingeniería Industrial,2,Matutino,17,F,69.7,91.3,2,23,No,Sí,Medio tiempo,25,8.2,Sí,8,98.3,No,3,Bajo,0,0
EST03786,Ingeniería Mecatrónica,7,Matutino,23,F,69.7,76.5,1,36,No,Sí,No trabaja,0,4.1,Sí,1,56.6,No,4,Bajo,1,1
EST03787,Licenciatura en Administración,10,Matutino,26,M,88.7,79.5,1,34,No,No,No trabaja,0,5.0,Sí,2,95.1,No,2,Bajo,0,0
EST03788,Ingeniería Electromecánica,6,Vespertino,24,M,72.8,100,1,28,No,Sí,Medio tiempo,15,9.4,Sí,5,89.9,No,4,Bajo,0,0
EST03789,Ingeniería Electromecánica,3,Matutino,22,F,79.4,98.2,1,24,No,No,No trabaja,0,0.5,Sí,7,84.5,No,3,Bajo,0,0
EST03790,Ingeniería Electromecánica,7,Matutino,24,M,62.6,84.8,3,29,No,No,No trabaja,0,25.6,Sí,2,63.6,No,1,Alto,1,1
EST03791,Ingeniería en Sistemas Computacionales,1,Vespertino,18,F,71.8,64.9,0,27,Sí,No,No trabaja,0,7.0,Sí,13,86.2,Sí,2,Bajo,0,0
EST03792,Ingeniería en Gestión Empresarial,8,Vespertino,18,M,87.5,80.9,0,30,No,Sí,No trabaja,0,11.2,Sí,14,76.9,No,5,Bajo,0,0
EST03793,Ingeniería Civil,7,Matutino,20,M,80.0,63.8,2,30,No,No,No trabaja,0,13.6,Sí,8,96.6,Sí,2,Bajo,0,0
EST03794,Ingeniería Mecatrónica,4,Matutino,18,M,89.1,86.9,0,19,No,No,Medio tiempo,18,12.6,Sí,5,92.4,Sí,4,Bajo,0,0
EST03795,Ingeniería en Gestión Empresarial,3,Vespertino,19,F,78.2,73.1,2,30,No,No,Medio tiempo,28,18.8,Sí,1,73.9,No,2,Bajo,0,1
EST03796,Ingeniería en Gestión Empresarial,7,Vespertino,22,F,80.1,90.0,0,26,No,Sí,No trabaja,0,23.5,Sí,13,100,No,3,Bajo,0,1
EST03797,Ingeniería Mecatrónica,5,Matutino,20,M,72.0,77.0,0,18,No,No,No trabaja,0,5.9,No,14,83.1,Sí,3,Medio,0,0
EST03798,Ingeniería Industrial,10,Vespertino,24,M,72.1,70.3,0,19,No,Sí,No trabaja,0,12.1,Sí,0,94.6,No,2,Bajo,0,0
EST03799,Licenciatura en Administración,8,Matutino,22,M,69.6,75.4,1,20,No,No,No trabaja,0,4.1,Sí,1,38.9,No,3,Alto,1,1
EST03800,Ingeniería Civil,8,Vespertino,23,M,58.4,69.5,3,19,No,Sí,No trabaja,0,13.4,Sí,8,73.2,No,2,Medio,0,1
EST03801,Ingeniería Electromecánica,10,Vespertino,25,M,68.6,65.5,3,27,No,Sí,Medio tiempo,19,5.3,Sí,3,60.0,No,5,Medio,0,0
EST03802,Ingeniería Industrial,1,Matutino,17,F,80.1,100,2,33,No,Sí,Medio tiempo,22,7.6,Sí,16,100,No,4,Bajo,0,0
EST03803,Ingeniería Mecatrónica,3,Matutino,22,F,76.3,91.9,3,26,No,No,No trabaja,0,10.8,No,0,82.7,No,3,Bajo,0,0
EST03804,Ingeniería Mecatrónica,6,Vespertino,23,M,76.8,83.6,2,24,Sí,No,Tiempo completo,41,5.2,Sí,5,48.7,No,5,Medio,0,0
EST03805,Ingeniería en Gestión Empresarial,7,Matutino,24,M,85.8,90.6,0,19,No,No,No trabaja,0,18.9,Sí,12,100,Sí,5,Bajo,0,0
EST03806,Ingeniería Civil,7,Vespertino,22,M,88.1,91.5,0,34,No,Sí,Medio tiempo,12,7.8,Sí,19,82.5,No,1,Bajo,0,1
EST03807,Ingeniería en Sistemas Computacionales,7,Matutino,22,M,79.8,76.4,1,20,Sí,No,Medio tiempo,17,9.0,Sí,12,88.4,No,2,Bajo,0,0
EST03808,Licenciatura en Administración,1,Matutino,22,F,63.0,74.6,1,33,Sí,No,Medio tiempo,21,14.9,No,10,83.4,Sí,3,Medio,1,0
EST03809,Ingeniería Industrial,6,Matutino,22,M,78.7,74.1,1,26,Sí,No,No trabaja,0,3.8,Sí,3,82.9,Sí,5,Bajo,0,0
EST03810,Licenciatura en Administración,7,Matutino,21,F,75.5,74.8,0,35,Sí,Sí,No trabaja,0,5.2,Sí,5,78.6,No,2,Bajo,0,0
EST03811,Ingeniería Industrial,5,Vespertino,24,F,60.4,66.6,2,29,Sí,Sí,Tiempo completo,39,10.5,Sí,4,57.0,No,2,Alto,1,1
EST03812,Contador Público,8,Matutino,23,M,53.9,61.9,8,29,No,Sí,Tiempo completo,47,12.6,No,10,80.0,No,2,Alto,1,1
EST03813,Ingeniería Mecatrónica,1,Matutino,22,F,71.8,76.9,1,22,Sí,No,Medio tiempo,10,14.1,Sí,13,81.8,No,4,Bajo,0,0
EST03814,Licenciatura en Administración,3,Matutino,18,F,77.8,73.1,1,20,No,No,No trabaja,0,8.2,Sí,6,87.6,No,5,Bajo,0,0
EST03815,Ingeniería en Sistemas Computacionales,4,Vespertino,23,F,74.9,68.9,0,35,No,Sí,No trabaja,0,11.1,Sí,11,49.5,No,4,Alto,0,1
EST03816,Ingeniería en Sistemas Computacionales,10,Matutino,25,F,74.3,91.1,0,31,Sí,No,No trabaja,0,14.1,Sí,8,83.2,No,2,Bajo,0,0
EST03817,Ingeniería Electromecánica,5,Vespertino,21,F,89.3,88.5,1,35,No,Sí,No trabaja,0,6.7,Sí,20,85.8,No,1,Bajo,1,0
EST03818,Ingeniería Industrial,3,Vespertino,17,F,71.7,68.6,2,36,Sí,Sí,Tiempo completo,34,13.8,Sí,10,70.7,No,3,Medio,1,1
EST03819,Ingeniería Mecatrónica,3,Matutino,23,M,48.7,91.7,2,29,Sí,No,No trabaja,0,14.2,Sí,2,87.2,No,2,Bajo,0,0
EST03820,Licenciatura en Administración,10,Vespertino,22,F,85.1,79.7,1,23,No,No,Medio tiempo,27,9.6,Sí,7,100,Sí,5,Bajo,0,0
EST03821,Ingeniería Mecatrónica,5,Matutino,25,F,74.0,97.9,0,18,No,Sí,No trabaja,0,14.9,Sí,2,78.0,No,5,Bajo,0,0
EST03822,Contador Público,7,Vespertino,25,M,73.5,85.2,0,36,No,No,No trabaja,0,18.5,Sí,2,85.0,No,3,Bajo,0,1
EST03823,Licenciatura en Administración,4,Vespertino,21,M,86.9,83.4,0,23,No,No,No trabaja,0,1.2,Sí,6,77.4,No,4,Bajo,0,0
EST03824,Contador Público,2,Vespertino,20,M,75.1,82.3,5,32,No,No,No trabaja,0,0.6,No,14,70.6,No,5,Alto,1,1
EST03825,Contador Público,5,Vespertino,21,M,67.4,83.0,4,28,No,No,No trabaja,0,7.7,Sí,10,100,No,1,Medio,1,0
EST03826,Ingeniería Civil,9,Matutino,22,M,70.2,86.1,1,18,No,No,No trabaja,0,12.5,No,0,46.8,No,2,Medio,0,1
EST03827,Ingeniería Electromecánica,9,Matutino,23,M,89.8,88.3,3,33,No,No,Medio tiempo,17,0.5,Sí,8,64.5,No,4,Medio,0,1
EST03828,Ingeniería Industrial,1,Vespertino,22,F,70.1,93.3,0,19,No,No,Medio tiempo,23,3.1,Sí,5,82.7,No,2,Bajo,0,0
EST03829,Ingeniería Electromecánica,1,Matutino,19,F,97.8,84.4,1,29,Sí,No,Medio tiempo,21,5.2,Sí,5,79.2,No,3,Bajo,0,0
EST03830,Ingeniería en Sistemas Computacionales,6,Matutino,22,F,53.0,70.6,3,35,No,No,Tiempo completo,43,14.4,Sí,6,70.9,Sí,1,Alto,1,1
EST03831,Licenciatura en Administración,1,Matutino,17,M,65.0,80.3,4,28,Sí,No,Medio tiempo,16,10.9,Sí,8,77.4,No,1,Alto,0,1
EST03832,Contador Público,2,Vespertino,20,M,83.4,86.8,0,18,No,Sí,No trabaja,0,13.8,Sí,9,97.2,No,5,Bajo,0,0
EST03833,Ingeniería Mecatrónica,4,Vespertino,19,M,88.8,64.8,1,21,No,No,No trabaja,0,5.4,Sí,8,67.5,No,2,Bajo,0,0
EST03834,Ingeniería en Sistemas Computacionales,1,Vespertino,19,F,74.2,57.3,0,23,Sí,Sí,Tiempo completo,36,8.7,Sí,5,72.0,No,3,Medio,0,1
EST03835,Ingeniería Electromecánica,3,Matutino,23,F,89.3,89.0,1,24,Sí,No,No trabaja,0,9.7,Sí,13,71.1,No,2,Bajo,0,0
EST03836,Ingeniería en Sistemas Computacionales,8,Vespertino,21,F,74.2,76.4,0,27,Sí,No,No trabaja,0,12.7,Sí,2,62.4,No,3,Bajo,0,1
EST03837,Ingeniería Civil,5,Matutino,19,F,79.0,65.2,6,35,No,Sí,Tiempo completo,46,3.3,Sí,12,78.6,No,3,Alto,1,0
EST03838,Ingeniería Civil,4,Matutino,19,F,72.5,84.4,0,28,No,No,Medio tiempo,17,4.8,Sí,0,82.6,Sí,1,Bajo,0,0
EST03839,Ingeniería Electromecánica,2,Matutino,17,F,82.4,71.4,0,31,Sí,No,Medio tiempo,10,11.2,Sí,8,100,No,5,Bajo,0,0
EST03840,Ingeniería Electromecánica,4,Vespertino,17,M,83.5,87.4,0,21,Sí,Sí,Medio tiempo,11,0.5,Sí,7,77.2,No,5,Bajo,0,0
EST03841,Ingeniería Electromecánica,5,Vespertino,21,F,73.0,93.2,0,22,No,Sí,No trabaja,0,11.9,Sí,6,77.0,No,1,Bajo,0,0
EST03842,Ingeniería Industrial,6,Vespertino,21,M,96.6,99.7,4,21,No,No,Medio tiempo,12,17.0,Sí,9,81.7,Sí,1,Bajo,0,0
EST03843,Licenciatura en Administración,5,Matutino,18,M,87.5,55.5,1,31,No,No,No trabaja,0,7.7,Sí,1,64.0,No,4,Medio,1,0
EST03844,Ingeniería Electromecánica,10,Matutino,22,M,89.6,89.1,0,27,No,No,No trabaja,0,3.6,Sí,4,84.5,Sí,5,Bajo,0,0
EST03845,Ingeniería en Sistemas Computacionales,2,Vespertino,19,F,66.1,90.7,1,29,No,Sí,No trabaja,0,11.5,Sí,7,78.0,No,2,Bajo,1,1
EST03846,Ingeniería Industrial,8,Vespertino,19,M,86.1,69.9,1,27,No,No,No trabaja,0,1.6,Sí,12,81.1,No,5,Bajo,0,0
EST03847,Ingeniería Industrial,4,Matutino,18,M,89.6,99.4,2,20,Sí,No,No trabaja,0,9.6,Sí,12,95.3,No,4,Bajo,0,0
EST03848,Ingeniería Industrial,4,Vespertino,21,F,78.5,61.2,0,25,Sí,No,Tiempo completo,42,17.1,Sí,7,79.2,No,3,Medio,0,0
EST03849,Ingeniería Mecatrónica,7,Vespertino,23,F,87.1,86.1,3,31,Sí,No,No trabaja,0,0.5,Sí,4,79.2,No,5,Bajo,0,0
EST03850,Ingeniería en Gestión Empresarial,8,Matutino,24,M,76.6,60.8,1,18,Sí,No,No trabaja,0,5.5,Sí,4,94.1,No,1,Medio,1,1
EST03851,Ingeniería Mecatrónica,6,Matutino,22,M,66.9,70.0,2,36,No,No,Tiempo completo,39,13.1,Sí,1,52.6,No,1,Alto,0,1
EST03852,Ingeniería en Gestión Empresarial,5,Vespertino,20,F,85.9,59.0,1,22,Sí,No,No trabaja,0,15.2,No,7,91.7,No,2,Bajo,0,0
EST03853,Ingeniería en Gestión Empresarial,3,Vespertino,17,F,78.5,96.9,0,19,No,Sí,Medio tiempo,25,15.2,Sí,3,52.2,No,4,Bajo,0,0
EST03854,Ingeniería Electromecánica,1,Matutino,18,F,75.2,86.6,1,19,No,Sí,No trabaja,0,0.5,Sí,14,100,Sí,1,Bajo,0,0
EST03855,Ingeniería en Sistemas Computacionales,8,Matutino,23,F,98.6,83.0,0,23,No,Sí,No trabaja,0,13.0,Sí,3,66.1,No,1,Bajo,0,0
EST03856,Ingeniería Electromecánica,5,Vespertino,22,M,89.4,81.1,0,29,Sí,Sí,Tiempo completo,35,5.9,Sí,4,61.9,No,2,Bajo,0,0
EST03857,Licenciatura en Administración,1,Matutino,18,M,92.2,81.2,1,25,Sí,Sí,No trabaja,0,0.9,Sí,14,95.9,No,5,Bajo,0,0
EST03858,Contador Público,3,Vespertino,18,M,74.0,92.2,1,19,No,No,No trabaja,0,0.5,Sí,6,93.2,No,4,Bajo,0,0
EST03859,Ingeniería Mecatrónica,9,Vespertino,22,M,75.2,84.6,3,34,No,Sí,No trabaja,0,10.5,Sí,14,61.0,No,1,Bajo,0,0
EST03860,Ingeniería Mecatrónica,3,Vespertino,18,F,80.7,73.0,0,25,No,Sí,No trabaja,0,20.5,Sí,13,84.9,No,5,Bajo,0,0
EST03861,Licenciatura en Administración,3,Matutino,24,F,83.2,75.9,0,27,No,Sí,Medio tiempo,22,4.3,No,4,94.3,No,3,Bajo,0,0
EST03862,Ingeniería Industrial,5,Matutino,21,M,86.2,74.7,3,28,No,No,No trabaja,0,9.9,Sí,1,77.1,No,3,Medio,0,1
EST03863,Licenciatura en Administración,6,Matutino,21,F,84.0,89.3,1,29,No,No,Medio tiempo,23,11.1,Sí,9,79.5,No,3,Bajo,0,0
EST03864,Contador Público,8,Matutino,23,F,73.1,72.5,2,23,No,No,No trabaja,0,5.9,Sí,9,91.3,Sí,2,Bajo,0,0
EST03865,Ingeniería Civil,2,Vespertino,17,M,54.3,83.0,1,34,No,No,Medio tiempo,21,6.2,Sí,7,66.6,No,4,Alto,0,0
EST03866,Licenciatura en Administración,7,Matutino,23,F,79.4,74.3,0,24,No,No,No trabaja,0,10.1,Sí,5,70.1,No,4,Bajo,0,0
EST03867,Ingeniería en Gestión Empresarial,10,Vespertino,25,F,91.1,86.8,6,25,No,No,No trabaja,0,7.7,Sí,13,97.6,No,2,Bajo,0,0
EST03868,Contador Público,5,Matutino,22,F,60.7,68.0,1,28,Sí,No,Tiempo completo,45,12.1,Sí,6,84.4,No,4,Alto,0,0
EST03869,Ingeniería Industrial,6,Vespertino,25,M,74.8,80.3,0,25,No,Sí,No trabaja,0,15.8,Sí,8,90.2,No,5,Bajo,0,0
EST03870,Ingeniería Electromecánica,2,Vespertino,21,F,86.0,90.0,0,27,No,No,No trabaja,0,0.5,Sí,17,97.6,No,3,Bajo,0,0
EST03871,Contador Público,9,Vespertino,21,M,79.1,77.1,2,35,No,No,Medio tiempo,15,13.5,Sí,9,85.2,No,3,Bajo,0,0
EST03872,Ingeniería Electromecánica,5,Matutino,22,M,70.8,67.4,0,25,No,No,Medio tiempo,13,2.4,Sí,7,79.3,No,5,Medio,0,0
EST03873,Ingeniería en Sistemas Computacionales,5,Matutino,22,M,100,71.9,2,32,No,Sí,No trabaja,0,12.5,No,8,85.8,No,3,Bajo,0,0
EST03874,Ingeniería en Sistemas Computacionales,9,Vespertino,23,M,77.1,77.9,0,22,Sí,Sí,No trabaja,0,7.4,Sí,2,62.7,No,2,Bajo,0,1
EST03875,Ingeniería Electromecánica,5,Vespertino,25,F,73.7,84.0,3,34,Sí,Sí,No trabaja,0,21.6,No,6,79.5,Sí,3,Medio,0,1
EST03876,Ingeniería Electromecánica,2,Matutino,17,M,68.9,90.2,2,26,No,No,Medio tiempo,11,12.5,Sí,6,88.5,No,2,Medio,0,1
EST03877,Ingeniería en Sistemas Computacionales,3,Matutino,20,F,77.2,66.1,1,18,No,No,No trabaja,0,15.7,Sí,8,86.2,No,2,Bajo,1,0
EST03878,Ingeniería en Gestión Empresarial,1,Vespertino,19,F,63.5,93.4,1,35,No,Sí,No trabaja,0,6.6,Sí,13,61.5,No,1,Bajo,0,0
EST03879,Licenciatura en Administración,5,Vespertino,21,F,79.5,78.1,0,27,Sí,Sí,Medio tiempo,26,7.6,Sí,12,73.5,Sí,1,Bajo,0,0
EST03880,Ingeniería Civil,10,Matutino,21,M,72.2,72.1,0,25,No,Sí,No trabaja,0,3.8,Sí,7,63.0,Sí,2,Medio,0,1
EST03881,Ingeniería Electromecánica,9,Matutino,19,F,94.7,92.8,1,28,No,No,Medio tiempo,21,11.6,Sí,12,91.2,Sí,4,Bajo,0,0
EST03882,Ingeniería Electromecánica,1,Matutino,17,F,86.8,82.7,2,29,No,Sí,Medio tiempo,28,4.0,Sí,12,67.4,No,3,Bajo,0,0
EST03883,Ingeniería Electromecánica,1,Vespertino,18,M,66.1,80.5,1,19,Sí,No,No trabaja,0,10.3,Sí,12,92.0,Sí,2,Bajo,0,1
EST03884,Licenciatura en Administración,9,Matutino,23,M,72.1,86.1,2,22,No,No,Medio tiempo,21,17.9,Sí,7,76.5,No,3,Medio,0,0
EST03885,Contador Público,4,Matutino,21,F,74.5,63.2,0,24,No,Sí,Medio tiempo,23,3.1,Sí,7,71.3,No,2,Medio,0,1
EST03886,Ingeniería en Sistemas Computacionales,5,Vespertino,18,M,84.6,70.4,1,28,No,Sí,Medio tiempo,23,2.2,Sí,8,78.5,No,3,Bajo,0,1
EST03887,Ingeniería Mecatrónica,9,Vespertino,22,M,69.6,77.4,6,28,No,Sí,No trabaja,0,2.8,Sí,4,77.2,No,3,Alto,0,1
EST03888,Ingeniería Industrial,4,Matutino,24,F,92.7,100,0,23,Sí,Sí,No trabaja,0,6.7,Sí,4,68.6,Sí,4,Bajo,0,0
EST03889,Ingeniería Electromecánica,3,Matutino,24,M,100,89.8,0,18,No,No,No trabaja,0,11.6,Sí,13,96.4,Sí,4,Bajo,0,0
EST03890,Licenciatura en Administración,9,Vespertino,26,M,66.4,77.4,2,18,Sí,No,No trabaja,0,7.1,Sí,0,56.0,No,4,Medio,0,1
EST03891,Ingeniería en Sistemas Computacionales,4,Vespertino,20,M,85.5,75.2,2,32,No,Sí,Medio tiempo,15,10.6,Sí,7,84.6,No,1,Bajo,0,1
EST03892,Ingeniería en Gestión Empresarial,1,Matutino,20,F,77.2,72.3,3,20,No,Sí,No trabaja,0,6.0,Sí,7,80.1,No,2,Medio,0,1
EST03893,Ingeniería Industrial,3,Matutino,22,M,85.3,79.1,2,29,No,No,No trabaja,0,1.1,Sí,11,87.4,No,2,Bajo,0,0
EST03894,Licenciatura en Administración,2,Vespertino,21,F,79.4,74.4,0,34,No,Sí,No trabaja,0,7.7,Sí,4,57.2,No,1,Medio,1,1
EST03895,Ingeniería Industrial,2,Matutino,20,F,74.7,88.9,0,25,Sí,No,No trabaja,0,1.9,Sí,2,64.8,Sí,5,Bajo,0,0
EST03896,Ingeniería en Sistemas Computacionales,9,Matutino,23,M,70.1,86.6,3,25,No,Sí,Medio tiempo,16,16.9,Sí,11,89.3,No,1,Medio,1,1
EST03897,Licenciatura en Administración,1,Matutino,18,F,77.9,67.4,0,28,Sí,No,No trabaja,0,17.5,Sí,13,100,No,4,Bajo,0,0
EST03898,Contador Público,7,Matutino,17,M,72.1,99.9,0,25,No,No,Medio tiempo,23,0.5,Sí,7,75.7,Sí,4,Bajo,0,0
EST03899,Ingeniería en Gestión Empresarial,1,Matutino,23,F,59.6,71.6,1,23,Sí,Sí,Medio tiempo,24,6.8,Sí,10,100,No,2,Bajo,0,0
EST03900,Ingeniería en Sistemas Computacionales,4,Matutino,25,M,83.2,100,5,24,No,No,No trabaja,0,9.8,No,19,79.1,No,5,Medio,0,0
EST03901,Ingeniería Electromecánica,4,Matutino,24,F,85.9,70.2,1,26,Sí,No,No trabaja,0,13.9,Sí,1,50.5,Sí,3,Medio,0,0
EST03902,Ingeniería Mecatrónica,6,Vespertino,19,F,63.9,74.3,2,18,No,Sí,No trabaja,0,15.7,Sí,10,82.3,No,2,Medio,0,0
EST03903,Ingeniería Industrial,9,Matutino,23,F,85.0,92.0,4,35,No,No,Medio tiempo,20,0.5,Sí,17,100,No,2,Bajo,0,1
EST03904,Ingeniería Electromecánica,8,Vespertino,17,M,77.5,72.0,1,33,No,Sí,No trabaja,0,1.1,Sí,12,81.2,No,4,Bajo,0,0
EST03905,Ingeniería en Sistemas Computacionales,9,Vespertino,25,F,87.7,75.7,0,33,Sí,No,No trabaja,0,3.9,Sí,7,100,No,4,Bajo,0,0
EST03906,Contador Público,7,Vespertino,26,F,81.4,74.0,2,18,Sí,Sí,No trabaja,0,18.5,Sí,6,84.1,No,3,Bajo,0,1
EST03907,Licenciatura en Administración,2,Matutino,24,F,65.9,78.6,1,22,No,No,No trabaja,0,7.7,Sí,8,68.1,Sí,1,Medio,0,0
EST03908,Ingeniería Mecatrónica,5,Vespertino,22,F,74.9,75.7,0,23,No,No,Medio tiempo,15,0.5,Sí,6,72.3,No,1,Bajo,1,1
EST03909,Ingeniería Electromecánica,5,Vespertino,24,F,80.8,88.4,3,28,Sí,No,Medio tiempo,19,22.6,Sí,15,80.5,No,2,Bajo,0,1
EST03910,Ingeniería Industrial,6,Matutino,23,M,70.1,81.1,0,18,Sí,No,Medio tiempo,17,0.5,Sí,13,81.1,No,1,Bajo,0,0
EST03911,Ingeniería Civil,10,Matutino,24,F,80.7,83.9,1,27,No,No,No trabaja,0,7.5,Sí,3,61.7,No,1,Bajo,0,1
EST03912,Contador Público,3,Matutino,22,M,53.2,66.3,1,32,Sí,No,Tiempo completo,33,15.2,Sí,11,84.3,No,1,Alto,1,1
EST03913,Ingeniería en Sistemas Computacionales,10,Matutino,22,F,70.7,70.9,2,27,Sí,Sí,No trabaja,0,0.5,Sí,14,88.4,No,1,Bajo,1,1
EST03914,Ingeniería en Sistemas Computacionales,5,Vespertino,22,F,79.5,78.3,0,28,Sí,No,Medio tiempo,15,17.4,Sí,10,87.3,No,4,Bajo,0,0
EST03915,Ingeniería Industrial,6,Matutino,24,M,88.3,91.7,0,20,Sí,No,No trabaja,0,1.4,Sí,10,70.9,No,4,Bajo,0,0
EST03916,Ingeniería Electromecánica,1,Vespertino,23,M,45,74.0,1,22,No,No,Tiempo completo,38,14.5,Sí,14,100,No,1,Alto,1,0
EST03917,Licenciatura en Administración,7,Vespertino,19,F,80.3,100,1,27,No,No,Medio tiempo,24,3.1,Sí,19,66.3,No,4,Bajo,0,0
EST03918,Ingeniería Electromecánica,5,Vespertino,25,F,86.6,95.2,0,21,Sí,No,Medio tiempo,21,0.5,Sí,15,94.6,No,2,Bajo,0,0
EST03919,Ingeniería Mecatrónica,4,Matutino,25,M,81.6,91.2,3,26,Sí,No,No trabaja,0,9.7,Sí,17,84.5,Sí,3,Medio,1,1
EST03920,Ingeniería en Gestión Empresarial,4,Vespertino,24,M,92.4,81.7,1,35,No,No,Medio tiempo,28,20.3,Sí,5,98.4,Sí,4,Bajo,0,0
EST03921,Ingeniería Electromecánica,6,Vespertino,20,F,73.8,57.7,1,25,Sí,No,No trabaja,0,17.8,Sí,8,95.5,No,2,Medio,0,0
EST03922,Ingeniería en Gestión Empresarial,10,Vespertino,23,F,68.8,84.0,5,24,Sí,No,Medio tiempo,24,9.9,Sí,10,68.4,No,2,Alto,1,1
EST03923,Licenciatura en Administración,6,Vespertino,20,F,70.5,71.5,1,34,No,No,No trabaja,0,15.2,No,5,78.3,No,5,Medio,0,0
EST03924,Ingeniería Industrial,7,Matutino,22,F,78.2,92.5,1,24,No,No,No trabaja,0,0.5,Sí,2,44.1,No,3,Medio,0,0
EST03925,Ingeniería Mecatrónica,1,Matutino,22,F,83.3,78.4,0,21,Sí,Sí,No trabaja,0,8.3,Sí,6,96.8,No,3,Bajo,0,0
EST03926,Ingeniería en Gestión Empresarial,2,Vespertino,22,F,81.4,90.3,1,35,Sí,No,Medio tiempo,18,11.5,Sí,17,68.0,No,1,Bajo,0,1
EST03927,Licenciatura en Administración,7,Vespertino,24,M,78.0,81.6,0,18,No,No,No trabaja,0,13.0,Sí,9,68.6,No,3,Bajo,0,0
EST03928,Licenciatura en Administración,9,Matutino,23,M,72.4,67.3,5,32,Sí,No,No trabaja,0,12.3,Sí,9,89.8,No,2,Alto,1,1
EST03929,Licenciatura en Administración,9,Vespertino,26,F,89.3,85.0,0,33,Sí,Sí,No trabaja,0,12.6,Sí,0,69.5,No,3,Bajo,0,1
EST03930,Ingeniería Electromecánica,1,Matutino,17,M,100,62.0,3,20,Sí,Sí,No trabaja,0,14.9,Sí,9,88.8,No,5,Bajo,0,0
EST03931,Ingeniería Civil,5,Matutino,27,F,80.1,75.9,1,20,Sí,No,No trabaja,0,12.3,No,2,75.5,No,2,Bajo,0,0
EST03932,Ingeniería Mecatrónica,1,Vespertino,20,F,70.1,76.9,5,33,No,No,Medio tiempo,18,7.1,Sí,5,77.0,No,1,Medio,0,0
EST03933,Ingeniería en Sistemas Computacionales,2,Matutino,21,F,74.2,89.2,0,22,No,Sí,No trabaja,0,10.8,Sí,14,95.8,No,2,Bajo,0,0
EST03934,Ingeniería Electromecánica,9,Vespertino,24,M,78.4,76.0,3,29,Sí,Sí,Tiempo completo,37,11.5,Sí,6,90.0,No,3,Bajo,0,0
EST03935,Contador Público,2,Vespertino,19,M,75.1,79.8,2,34,Sí,No,Tiempo completo,44,6.3,Sí,1,61.7,Sí,5,Bajo,0,0
EST03936,Licenciatura en Administración,7,Vespertino,20,M,89.5,75.5,1,23,No,No,Medio tiempo,18,7.8,Sí,1,53.0,No,2,Bajo,0,0
EST03937,Ingeniería en Gestión Empresarial,2,Matutino,19,F,66.2,98.6,0,29,Sí,Sí,No trabaja,0,11.9,Sí,13,73.9,Sí,5,Bajo,0,0
EST03938,Ingeniería Electromecánica,9,Vespertino,24,F,78.3,80.4,0,25,No,No,Tiempo completo,43,0.5,Sí,13,82.6,No,2,Bajo,0,0
EST03939,Contador Público,5,Vespertino,18,F,76.4,68.3,0,20,No,Sí,No trabaja,0,23.1,Sí,2,67.7,No,4,Bajo,0,1
EST03940,Ingeniería Civil,2,Matutino,22,M,73.1,77.1,0,21,No,No,Medio tiempo,21,0.5,Sí,4,69.8,No,1,Bajo,0,1
EST03941,Licenciatura en Administración,1,Vespertino,18,M,73.3,78.1,1,21,Sí,Sí,No trabaja,0,8.2,Sí,11,72.5,No,1,Bajo,0,0
EST03942,Ingeniería Industrial,9,Matutino,24,M,70.1,87.9,2,32,Sí,No,Medio tiempo,16,3.6,No,9,86.8,No,1,Bajo,0,0
EST03943,Ingeniería Civil,7,Vespertino,23,M,63.0,74.5,3,36,No,No,No trabaja,0,10.2,No,10,83.4,Sí,4,Alto,1,0
EST03944,Ingeniería Industrial,5,Vespertino,19,M,90.5,59.9,0,22,No,No,No trabaja,0,16.9,Sí,9,73.3,No,3,Bajo,0,0
EST03945,Ingeniería en Gestión Empresarial,3,Vespertino,17,F,87.6,86.9,0,33,Sí,Sí,No trabaja,0,11.1,Sí,15,84.6,No,3,Bajo,0,0
EST03946,Ingeniería en Sistemas Computacionales,7,Matutino,26,M,69.6,92.6,3,26,Sí,No,Medio tiempo,12,10.8,Sí,6,56.2,No,5,Medio,1,0
EST03947,Contador Público,8,Matutino,22,F,86.4,84.8,0,20,Sí,Sí,Medio tiempo,17,7.7,Sí,8,78.6,No,5,Bajo,0,0
EST03948,Ingeniería en Sistemas Computacionales,2,Vespertino,20,M,86.4,90.9,0,35,No,No,No trabaja,0,10.2,Sí,9,94.5,No,3,Bajo,1,0
EST03949,Licenciatura en Administración,9,Vespertino,24,M,83.3,86.3,0,35,No,Sí,Medio tiempo,11,8.9,Sí,9,97.4,No,5,Bajo,0,0
EST03950,Ingeniería en Gestión Empresarial,3,Vespertino,20,F,70.5,69.5,0,29,Sí,Sí,Medio tiempo,11,10.1,No,7,66.5,No,1,Medio,0,0
EST03951,Ingeniería en Gestión Empresarial,2,Matutino,20,F,74.5,72.9,1,24,Sí,No,No trabaja,0,13.4,Sí,11,81.7,No,4,Bajo,0,0
EST03952,Ingeniería Mecatrónica,5,Vespertino,17,M,72.0,72.0,4,21,Sí,No,No trabaja,0,6.1,Sí,10,87.3,Sí,5,Medio,1,0
EST03953,Ingeniería en Gestión Empresarial,2,Vespertino,20,M,75.6,66.1,1,21,No,No,No trabaja,0,11.5,Sí,13,100,No,1,Bajo,0,0
EST03954,Licenciatura en Administración,3,Vespertino,19,M,63.2,58.7,4,36,Sí,No,Tiempo completo,39,8.9,Sí,4,62.8,No,1,Alto,0,1
EST03955,Ingeniería en Gestión Empresarial,2,Matutino,20,M,57.5,69.5,4,20,Sí,Sí,Tiempo completo,34,17.1,Sí,9,87.9,No,3,Alto,1,0
EST03956,Ingeniería Mecatrónica,5,Matutino,18,F,72.9,96.7,1,24,No,No,No trabaja,0,5.4,Sí,9,98.2,No,2,Bajo,0,0
EST03957,Contador Público,9,Vespertino,19,M,60.4,75.9,1,22,No,No,No trabaja,0,20.1,Sí,14,72.3,No,1,Alto,1,0
EST03958,Ingeniería en Sistemas Computacionales,10,Vespertino,25,F,84.0,100,2,25,Sí,No,Medio tiempo,18,13.2,Sí,20,77.3,No,5,Bajo,0,0
EST03959,Ingeniería en Gestión Empresarial,10,Matutino,23,F,71.0,85.1,0,33,No,Sí,Medio tiempo,27,14.5,Sí,9,100,No,4,Bajo,0,0
EST03960,Contador Público,4,Vespertino,26,F,94.7,89.9,1,34,Sí,No,Medio tiempo,11,12.2,Sí,7,87.6,No,4,Bajo,0,1
EST03961,Licenciatura en Administración,6,Matutino,20,F,75.1,69.8,2,26,No,No,No trabaja,0,5.1,Sí,9,100,No,4,Bajo,0,1
EST03962,Ingeniería en Sistemas Computacionales,8,Vespertino,23,M,90.7,69.1,3,31,Sí,No,No trabaja,0,4.8,Sí,5,71.6,No,2,Bajo,0,0
EST03963,Licenciatura en Administración,2,Vespertino,21,F,69.6,71.1,2,25,No,No,No trabaja,0,15.6,Sí,8,84.1,No,1,Medio,1,0
EST03964,Licenciatura en Administración,9,Matutino,22,M,71.0,77.8,0,33,No,No,Medio tiempo,27,18.1,Sí,14,85.5,No,1,Bajo,0,1
EST03965,Ingeniería Civil,7,Matutino,19,M,56.8,72.6,2,30,No,No,No trabaja,0,15.9,Sí,2,54.1,Sí,4,Alto,1,0
EST03966,Ingeniería en Sistemas Computacionales,4,Matutino,20,M,70.0,69.4,3,20,No,No,Tiempo completo,41,9.8,Sí,10,58.8,No,5,Alto,1,1
EST03967,Ingeniería Mecatrónica,4,Matutino,26,F,84.5,92.0,1,32,Sí,No,No trabaja,0,2.7,Sí,12,84.6,No,2,Bajo,1,0
EST03968,Contador Público,10,Vespertino,24,M,83.4,65.3,3,22,Sí,No,No trabaja,0,6.0,Sí,0,79.0,No,4,Medio,0,0
EST03969,Ingeniería en Gestión Empresarial,1,Vespertino,22,F,78.8,76.9,0,35,Sí,Sí,No trabaja,0,6.5,Sí,14,97.6,No,2,Bajo,0,0
EST03970,Ingeniería en Sistemas Computacionales,4,Vespertino,20,F,78.6,70.6,0,36,No,No,Tiempo completo,44,16.2,Sí,11,69.7,No,5,Medio,0,1
EST03971,Ingeniería en Sistemas Computacionales,6,Matutino,24,M,79.0,84.2,5,36,Sí,No,No trabaja,0,2.1,Sí,3,38.1,No,3,Alto,1,0
EST03972,Contador Público,4,Matutino,21,M,63.7,82.5,2,35,No,No,No trabaja,0,13.8,Sí,4,90.2,No,2,Medio,0,0
EST03973,Licenciatura en Administración,7,Vespertino,20,M,74.7,90.8,2,31,Sí,No,No trabaja,0,12.2,Sí,8,80.2,No,4,Bajo,0,0
EST03974,Licenciatura en Administración,2,Vespertino,23,M,74.0,90.1,2,23,No,No,No trabaja,0,11.4,Sí,6,74.0,No,4,Bajo,0,1
EST03975,Ingeniería en Gestión Empresarial,7,Matutino,27,F,56.7,84.9,3,31,No,No,Tiempo completo,43,17.6,No,3,62.4,No,1,Alto,1,1
EST03976,Licenciatura en Administración,7,Matutino,19,M,84.3,69.0,0,27,Sí,No,No trabaja,0,9.8,Sí,13,96.7,No,2,Bajo,0,0
EST03977,Ingeniería en Sistemas Computacionales,2,Matutino,21,F,89.7,72.6,2,24,No,No,No trabaja,0,16.3,Sí,8,81.4,No,5,Bajo,0,0
EST03978,Contador Público,4,Vespertino,21,M,75.1,85.0,0,18,Sí,No,Medio tiempo,21,9.2,Sí,7,88.1,No,5,Bajo,0,0
EST03979,Ingeniería en Gestión Empresarial,7,Matutino,27,F,71.2,94.2,4,22,No,No,No trabaja,0,6.5,Sí,8,99.0,Sí,4,Bajo,0,0
EST03980,Ingeniería Civil,8,Vespertino,21,F,69.5,93.5,2,21,Sí,Sí,No trabaja,0,10.8,Sí,2,78.4,Sí,2,Bajo,0,0
EST03981,Licenciatura en Administración,7,Vespertino,24,F,72.7,78.8,0,28,No,No,No trabaja,0,7.5,Sí,2,92.0,No,3,Bajo,0,1
EST03982,Ingeniería en Gestión Empresarial,9,Vespertino,22,F,81.8,83.3,1,31,Sí,Sí,Medio tiempo,19,2.2,Sí,14,78.5,No,5,Bajo,0,0
EST03983,Ingeniería en Gestión Empresarial,8,Vespertino,24,M,68.2,79.0,7,34,No,Sí,Tiempo completo,37,24.3,Sí,6,77.9,No,2,Alto,1,1
EST03984,Contador Público,7,Matutino,25,F,69.5,70.7,4,30,No,Sí,No trabaja,0,14.7,Sí,12,89.2,No,2,Medio,0,1
EST03985,Ingeniería en Sistemas Computacionales,7,Vespertino,25,F,59.4,92.5,1,30,Sí,No,Medio tiempo,19,10.6,Sí,1,50.4,Sí,1,Alto,0,1
EST03986,Ingeniería Industrial,9,Matutino,23,F,82.8,83.0,0,30,No,Sí,No trabaja,0,12.3,No,2,61.1,No,2,Bajo,0,0
EST03987,Licenciatura en Administración,6,Vespertino,22,M,64.6,75.3,2,35,No,No,Medio tiempo,20,16.4,Sí,14,96.8,No,5,Bajo,1,0
EST03988,Licenciatura en Administración,3,Matutino,24,M,55.4,74.9,1,26,No,No,Tiempo completo,48,8.7,Sí,2,31.6,No,2,Alto,1,0
EST03989,Licenciatura en Administración,9,Vespertino,21,F,77.5,66.4,1,18,Sí,No,Medio tiempo,19,14.4,Sí,0,92.4,Sí,5,Medio,0,1
EST03990,Ingeniería en Gestión Empresarial,3,Vespertino,18,F,69.2,65.9,5,25,No,Sí,No trabaja,0,6.6,Sí,3,75.6,No,4,Medio,0,1
EST03991,Ingeniería en Sistemas Computacionales,10,Vespertino,25,F,93.7,71.1,1,21,Sí,Sí,Medio tiempo,15,12.2,Sí,12,90.1,No,2,Bajo,0,1
EST03992,Ingeniería Industrial,6,Matutino,24,M,84.0,85.6,2,25,No,Sí,Medio tiempo,21,0.5,Sí,7,80.5,Sí,2,Bajo,0,0
EST03993,Ingeniería Industrial,3,Vespertino,24,F,69.7,76.3,3,33,No,No,Medio tiempo,16,10.9,No,14,99.4,Sí,3,Alto,0,1
EST03994,Ingeniería Electromecánica,2,Vespertino,22,M,63.5,92.7,0,22,No,Sí,No trabaja,0,3.5,Sí,11,90.5,Sí,5,Bajo,1,1
EST03995,Ingeniería Industrial,6,Vespertino,24,F,62.0,66.9,5,31,Sí,Sí,No trabaja,0,21.3,Sí,0,68.2,No,2,Alto,1,1
EST03996,Ingeniería en Sistemas Computacionales,10,Vespertino,21,M,74.3,77.0,0,20,No,Sí,No trabaja,0,15.9,Sí,0,68.3,No,4,Medio,0,1
EST03997,Ingeniería en Gestión Empresarial,5,Vespertino,24,F,79.7,69.4,0,23,No,No,No trabaja,0,6.4,Sí,8,73.4,Sí,1,Bajo,0,0
EST03998,Ingeniería Civil,4,Matutino,21,F,85.7,85.6,2,18,Sí,No,No trabaja,0,9.8,Sí,12,75.3,No,3,Bajo,0,1
EST03999,Ingeniería en Gestión Empresarial,3,Matutino,20,F,91.5,100,0,20,No,No,No trabaja,0,6.6,Sí,18,86.2,No,3,Bajo,0,0
EST04000,Ingeniería Civil,6,Vespertino,22,M,87.8,90.6,1,20,No,Sí,Medio tiempo,10,13.6,Sí,9,70.9,No,5,Bajo,0,0
EST04001,Ingeniería en Gestión Empresarial,4,Matutino,21,F,77.5,55.7,0,34,No,No,Tiempo completo,34,5.1,Sí,3,67.5,No,3,Medio,0,1
EST04002,Ingeniería Mecatrónica,8,Matutino,25,M,74.6,75.9,0,20,No,Sí,Tiempo completo,35,8.2,Sí,7,70.6,No,4,Medio,0,0
EST04003,Ingeniería Industrial,7,Matutino,20,M,71.9,89.0,2,29,No,No,No trabaja,0,3.2,Sí,7,51.7,No,1,Medio,1,0
EST04004,Ingeniería Civil,5,Vespertino,19,M,72.9,71.3,4,31,Sí,Sí,Tiempo completo,41,5.6,Sí,9,66.8,Sí,4,Alto,1,1
EST04005,Contador Público,3,Vespertino,23,F,70.5,100,3,25,Sí,No,No trabaja,0,10.6,Sí,3,52.2,No,4,Medio,1,0
EST04006,Ingeniería en Sistemas Computacionales,1,Vespertino,17,M,69.8,66.2,4,36,No,No,Tiempo completo,35,9.4,Sí,2,70.4,No,5,Alto,1,0
EST04007,Ingeniería Industrial,6,Matutino,22,M,68.5,84.7,0,26,Sí,No,No trabaja,0,14.0,Sí,14,77.5,Sí,3,Bajo,0,1
EST04008,Contador Público,3,Matutino,20,F,67.0,88.5,1,34,No,No,Medio tiempo,26,1.9,Sí,9,92.5,No,5,Bajo,0,0
EST04009,Contador Público,5,Vespertino,18,F,74.9,80.1,0,29,Sí,No,Tiempo completo,43,10.8,Sí,2,51.5,No,5,Medio,0,0
EST04010,Ingeniería Civil,6,Matutino,24,M,69.1,83.2,0,32,Sí,Sí,Medio tiempo,23,4.8,Sí,5,90.8,No,2,Bajo,0,0
EST04011,Ingeniería Electromecánica,4,Vespertino,18,F,72.0,86.2,2,33,No,Sí,Medio tiempo,28,15.5,No,7,94.1,No,5,Medio,0,1
EST04012,Ingeniería en Sistemas Computacionales,1,Vespertino,23,M,69.7,85.8,1,23,No,No,No trabaja,0,17.7,Sí,3,62.4,No,2,Medio,1,1
EST04013,Ingeniería en Sistemas Computacionales,8,Vespertino,19,F,90.3,100,1,23,Sí,No,No trabaja,0,2.7,Sí,11,92.5,Sí,4,Bajo,0,0
EST04014,Ingeniería Civil,1,Vespertino,20,F,69.5,82.3,1,26,Sí,No,No trabaja,0,3.6,Sí,11,58.0,No,4,Bajo,0,0
EST04015,Ingeniería en Sistemas Computacionales,4,Matutino,21,M,90.6,82.7,2,28,No,No,No trabaja,0,3.2,No,11,72.3,No,1,Bajo,0,0
EST04016,Contador Público,4,Matutino,24,M,79.0,96.7,4,22,No,Sí,No trabaja,0,8.8,No,7,72.8,No,4,Medio,1,1
EST04017,Ingeniería en Sistemas Computacionales,7,Matutino,23,M,81.1,88.4,1,24,Sí,Sí,No trabaja,0,12.2,Sí,12,100,No,3,Bajo,0,0
EST04018,Ingeniería Civil,9,Matutino,25,F,77.3,86.8,2,19,Sí,No,Medio tiempo,16,17.1,Sí,14,89.9,No,1,Bajo,0,0
EST04019,Licenciatura en Administración,10,Vespertino,19,F,86.4,81.1,1,33,No,No,No trabaja,0,8.2,Sí,8,84.1,No,2,Bajo,0,0
EST04020,Ingeniería Industrial,3,Vespertino,20,F,86.4,94.1,0,32,No,Sí,No trabaja,0,11.6,Sí,16,84.9,Sí,1,Bajo,0,0
EST04021,Ingeniería en Gestión Empresarial,9,Vespertino,26,M,71.9,85.9,1,20,Sí,No,No trabaja,0,7.2,Sí,12,84.1,No,5,Medio,0,0
EST04022,Ingeniería Civil,6,Matutino,27,F,81.9,85.6,0,18,No,Sí,No trabaja,0,16.4,Sí,16,99.3,No,5,Bajo,0,0
EST04023,Ingeniería Civil,9,Matutino,24,F,69.3,76.8,1,24,No,No,No trabaja,0,5.9,Sí,12,83.9,No,4,Bajo,0,0
EST04024,Ingeniería Mecatrónica,3,Vespertino,20,M,74.0,86.0,0,19,No,No,Medio tiempo,18,5.8,Sí,13,66.5,No,3,Bajo,0,0
EST04025,Ingeniería Electromecánica,7,Vespertino,21,M,64.9,78.2,3,21,No,No,No trabaja,0,2.2,Sí,2,78.8,No,1,Medio,0,0
EST04026,Ingeniería en Sistemas Computacionales,2,Vespertino,22,M,85.8,81.2,0,30,Sí,Sí,No trabaja,0,10.1,Sí,2,39.2,No,4,Bajo,0,0
EST04027,Ingeniería Civil,10,Vespertino,24,F,78.4,95.0,0,21,No,No,Medio tiempo,25,11.2,Sí,11,100,No,5,Bajo,0,0
EST04028,Ingeniería Civil,3,Matutino,20,F,76.9,75.5,0,18,Sí,Sí,Medio tiempo,19,16.5,Sí,13,73.6,No,4,Bajo,0,0
EST04029,Ingeniería Industrial,6,Vespertino,22,M,84.0,92.1,2,32,No,No,No trabaja,0,10.5,Sí,14,93.9,No,5,Bajo,0,0
EST04030,Ingeniería Mecatrónica,3,Vespertino,21,F,97.3,100,0,22,No,Sí,No trabaja,0,5.1,Sí,17,79.9,Sí,1,Bajo,0,0
EST04031,Ingeniería Industrial,8,Vespertino,23,M,58.9,76.9,1,30,No,No,No trabaja,0,0.5,Sí,2,48.1,No,1,Medio,0,0
EST04032,Ingeniería en Gestión Empresarial,4,Vespertino,25,M,87.8,87.6,0,36,No,No,No trabaja,0,3.2,Sí,14,97.4,No,3,Bajo,0,0
EST04033,Ingeniería en Gestión Empresarial,4,Vespertino,24,M,65.3,73.9,1,29,No,No,Medio tiempo,10,0.5,Sí,13,50.1,No,1,Medio,1,0
EST04034,Contador Público,6,Matutino,21,F,79.4,70.5,0,21,No,Sí,Medio tiempo,26,17.4,Sí,0,65.8,No,3,Medio,0,0
EST04035,Ingeniería Civil,7,Vespertino,20,M,82.9,90.9,0,27,No,No,Medio tiempo,10,11.1,Sí,12,80.1,No,3,Bajo,0,0
EST04036,Ingeniería en Sistemas Computacionales,8,Matutino,20,F,90.9,85.6,3,18,No,No,No trabaja,0,6.9,Sí,16,83.7,No,3,Bajo,0,0
EST04037,Ingeniería Industrial,10,Matutino,26,M,76.6,78.8,0,34,Sí,Sí,No trabaja,0,13.8,Sí,11,80.2,No,5,Bajo,0,0
EST04038,Ingeniería Industrial,10,Vespertino,21,F,82.8,91.1,1,25,No,Sí,No trabaja,0,11.6,Sí,19,77.1,No,4,Bajo,0,1
EST04039,Ingeniería en Gestión Empresarial,3,Vespertino,24,M,76.6,79.8,1,18,Sí,Sí,Tiempo completo,34,3.3,Sí,10,53.9,No,2,Medio,0,0
EST04040,Contador Público,3,Vespertino,19,F,85.3,60.0,0,32,Sí,Sí,Medio tiempo,28,5.6,Sí,13,73.3,No,4,Bajo,1,0
EST04041,Ingeniería Industrial,3,Matutino,20,F,71.1,75.0,1,20,No,No,Medio tiempo,16,16.4,Sí,14,83.6,No,1,Bajo,0,0
EST04042,Ingeniería Electromecánica,7,Vespertino,25,F,59.7,100,1,28,Sí,Sí,No trabaja,0,8.4,Sí,6,79.1,No,3,Medio,0,0
EST04043,Licenciatura en Administración,9,Vespertino,20,F,74.2,84.9,5,29,Sí,Sí,Medio tiempo,12,14.1,Sí,14,75.6,No,3,Medio,1,1
EST04044,Ingeniería Civil,9,Vespertino,24,M,66.3,83.5,1,25,No,No,No trabaja,0,8.4,Sí,0,81.2,No,2,Bajo,0,1
EST04045,Ingeniería Mecatrónica,7,Vespertino,20,M,80.8,100,0,35,No,No,No trabaja,0,5.0,No,6,61.2,Sí,4,Bajo,0,1
EST04046,Ingeniería Civil,3,Matutino,21,F,78.3,66.6,1,27,No,Sí,Tiempo completo,44,10.1,Sí,14,92.8,No,5,Medio,1,1
EST04047,Ingeniería Industrial,1,Matutino,18,M,77.9,57.8,1,21,Sí,No,Medio tiempo,22,8.9,Sí,0,60.1,No,4,Medio,0,0
EST04048,Ingeniería Industrial,2,Matutino,21,M,78.9,91.7,0,23,Sí,No,No trabaja,0,3.7,No,8,76.7,No,1,Bajo,0,0
EST04049,Ingeniería Industrial,4,Vespertino,24,F,67.3,81.7,2,27,Sí,Sí,No trabaja,0,21.3,Sí,3,76.6,No,2,Bajo,0,1
EST04050,Ingeniería Mecatrónica,5,Matutino,20,M,99.2,65.9,0,25,Sí,Sí,No trabaja,0,8.5,Sí,7,62.2,Sí,1,Bajo,0,0
EST04051,Ingeniería Industrial,1,Matutino,19,M,77.2,73.2,5,34,No,No,Tiempo completo,41,6.0,Sí,12,71.7,No,5,Alto,1,0
EST04052,Licenciatura en Administración,9,Vespertino,21,M,77.7,77.3,0,32,Sí,Sí,Medio tiempo,24,21.3,No,7,84.9,No,3,Bajo,0,0
EST04053,Ingeniería Mecatrónica,8,Vespertino,22,F,63.2,74.2,0,26,No,Sí,No trabaja,0,17.3,Sí,10,81.8,No,3,Bajo,0,1
EST04054,Ingeniería en Gestión Empresarial,8,Vespertino,22,F,72.9,96.7,0,18,No,Sí,Medio tiempo,22,13.7,Sí,11,80.5,Sí,4,Bajo,0,0
EST04055,Ingeniería Civil,8,Matutino,24,F,76.6,71.3,0,34,No,No,No trabaja,0,16.8,Sí,5,93.9,Sí,2,Bajo,0,0
EST04056,Ingeniería en Gestión Empresarial,2,Matutino,21,F,73.9,78.3,2,27,No,Sí,No trabaja,0,9.6,Sí,6,70.8,Sí,1,Bajo,0,0
EST04057,Ingeniería Industrial,6,Vespertino,19,M,95.6,100,2,26,Sí,Sí,Medio tiempo,23,5.9,Sí,11,79.9,No,5,Bajo,0,0
EST04058,Ingeniería Industrial,6,Vespertino,24,F,74.8,86.6,0,32,No,Sí,Medio tiempo,17,14.3,Sí,8,93.4,No,4,Bajo,0,0
EST04059,Ingeniería Electromecánica,10,Vespertino,25,M,80.9,75.1,0,20,Sí,No,Medio tiempo,15,5.7,Sí,9,96.7,No,1,Bajo,0,0
EST04060,Ingeniería en Sistemas Computacionales,3,Vespertino,19,F,78.4,89.2,0,34,No,No,Medio tiempo,26,8.9,Sí,7,70.8,No,4,Bajo,0,0
EST04061,Licenciatura en Administración,7,Vespertino,19,M,78.6,74.2,3,27,Sí,Sí,No trabaja,0,8.3,Sí,8,73.3,No,1,Medio,0,1
EST04062,Contador Público,5,Vespertino,23,F,85.2,72.0,1,20,Sí,Sí,No trabaja,0,13.7,No,9,81.1,No,2,Bajo,0,0
EST04063,Ingeniería Electromecánica,10,Vespertino,24,F,73.7,70.7,6,20,Sí,Sí,No trabaja,0,17.2,Sí,13,88.3,No,2,Alto,0,1
EST04064,Ingeniería Mecatrónica,5,Matutino,21,M,60.8,93.5,2,18,No,Sí,No trabaja,0,9.3,Sí,0,68.9,No,2,Bajo,0,0
EST04065,Ingeniería en Gestión Empresarial,7,Vespertino,20,F,75.8,79.1,0,33,No,Sí,Medio tiempo,11,10.0,Sí,11,99.2,No,1,Bajo,0,0
EST04066,Ingeniería en Gestión Empresarial,7,Vespertino,20,M,64.2,87.9,1,33,No,No,Tiempo completo,31,10.3,Sí,4,70.6,Sí,2,Medio,1,0
EST04067,Ingeniería Electromecánica,2,Matutino,21,F,70.3,69.3,2,34,Sí,No,Medio tiempo,25,10.3,Sí,6,82.6,No,2,Medio,1,0
EST04068,Ingeniería Electromecánica,6,Matutino,22,F,72.1,89.8,0,30,No,No,Medio tiempo,23,4.1,Sí,10,85.0,No,2,Bajo,0,1
EST04069,Ingeniería Civil,8,Vespertino,22,M,51.0,81.9,4,18,No,Sí,Medio tiempo,18,11.2,Sí,11,87.1,No,2,Alto,1,1
EST04070,Ingeniería en Gestión Empresarial,1,Vespertino,17,M,72.7,83.3,1,20,No,No,Medio tiempo,13,3.8,Sí,11,95.8,No,5,Bajo,0,1
EST04071,Ingeniería Civil,9,Vespertino,25,F,90.9,82.9,0,32,Sí,No,Medio tiempo,18,11.6,Sí,5,97.6,No,4,Bajo,0,0
EST04072,Ingeniería Electromecánica,4,Vespertino,24,F,78.9,74.7,0,36,Sí,No,Tiempo completo,41,13.4,Sí,8,79.4,No,3,Medio,1,1
EST04073,Ingeniería en Gestión Empresarial,3,Vespertino,20,M,78.2,93.5,0,35,No,Sí,No trabaja,0,13.0,No,11,62.3,No,2,Bajo,1,0
EST04074,Contador Público,6,Vespertino,22,M,66.7,100,4,21,No,No,Medio tiempo,15,8.3,Sí,10,76.9,No,2,Medio,0,0
EST04075,Ingeniería Electromecánica,3,Vespertino,21,M,66.8,100,0,35,Sí,No,Tiempo completo,33,10.2,Sí,13,77.5,No,2,Bajo,0,0
EST04076,Ingeniería Electromecánica,4,Matutino,24,M,73.1,89.5,0,22,No,No,Medio tiempo,24,10.0,Sí,11,99.4,No,2,Bajo,0,0
EST04077,Ingeniería Industrial,3,Vespertino,22,F,86.2,79.6,2,33,Sí,Sí,Medio tiempo,15,9.2,Sí,6,60.6,No,3,Medio,1,0
EST04078,Ingeniería en Gestión Empresarial,3,Matutino,21,M,68.0,94.1,0,18,No,Sí,Medio tiempo,18,3.2,Sí,0,65.4,No,5,Bajo,0,0
EST04079,Ingeniería Civil,7,Vespertino,21,F,70.0,72.2,2,33,No,Sí,No trabaja,0,3.7,No,13,94.0,No,3,Medio,0,1
EST04080,Ingeniería en Gestión Empresarial,8,Vespertino,24,M,82.8,82.7,0,21,Sí,Sí,No trabaja,0,7.7,Sí,13,74.6,No,3,Bajo,0,0
EST04081,Ingeniería en Sistemas Computacionales,5,Matutino,24,F,93.2,83.6,1,35,No,No,Medio tiempo,23,18.2,Sí,13,68.5,No,5,Bajo,0,0
EST04082,Licenciatura en Administración,10,Vespertino,26,F,76.3,73.6,0,35,No,Sí,Medio tiempo,24,11.5,Sí,0,66.8,No,4,Bajo,0,0
EST04083,Ingeniería Electromecánica,3,Vespertino,20,M,79.4,76.1,6,34,No,Sí,Medio tiempo,13,6.1,Sí,0,81.5,No,1,Alto,1,1
EST04084,Ingeniería en Sistemas Computacionales,7,Vespertino,24,F,70.8,100,1,23,Sí,Sí,No trabaja,0,0.5,Sí,0,67.9,No,5,Bajo,0,0
EST04085,Ingeniería en Gestión Empresarial,1,Vespertino,19,F,72.3,81.2,0,25,No,Sí,No trabaja,0,7.6,Sí,12,89.1,No,4,Bajo,1,0
EST04086,Ingeniería Electromecánica,8,Vespertino,27,F,66.0,71.3,1,24,No,Sí,Tiempo completo,34,0.9,Sí,12,89.1,Sí,2,Medio,1,1
EST04087,Ingeniería Electromecánica,10,Matutino,21,F,70.6,94.6,0,18,No,No,No trabaja,0,4.0,Sí,10,84.1,No,3,Bajo,0,0
EST04088,Ingeniería en Sistemas Computacionales,5,Vespertino,20,F,76.7,99.6,1,36,No,No,Medio tiempo,15,11.3,Sí,2,52.4,No,3,Bajo,1,1
EST04089,Ingeniería Civil,10,Vespertino,21,M,77.7,74.4,1,34,Sí,No,Medio tiempo,22,7.7,Sí,12,70.5,Sí,3,Bajo,0,0
EST04090,Ingeniería en Sistemas Computacionales,9,Matutino,24,M,62.6,85.8,1,27,No,No,No trabaja,0,8.9,Sí,3,84.5,No,2,Medio,0,0
EST04091,Ingeniería Industrial,3,Vespertino,17,F,77.8,99.7,2,31,No,Sí,No trabaja,0,5.7,Sí,2,68.5,No,4,Bajo,0,1
EST04092,Contador Público,7,Matutino,21,M,88.5,75.2,1,33,Sí,Sí,Medio tiempo,18,6.4,Sí,14,90.6,No,2,Bajo,0,0
EST04093,Ingeniería en Gestión Empresarial,2,Vespertino,20,F,79.1,95.6,0,27,No,Sí,Medio tiempo,16,15.0,Sí,5,65.4,No,1,Bajo,0,0
EST04094,Contador Público,8,Matutino,23,M,76.6,72.3,1,22,No,Sí,Tiempo completo,42,7.8,Sí,10,78.2,No,1,Medio,0,0
EST04095,Ingeniería en Sistemas Computacionales,1,Vespertino,18,F,66.4,80.0,1,34,Sí,No,No trabaja,0,4.0,Sí,7,100,No,2,Bajo,0,0
EST04096,Ingeniería Industrial,4,Matutino,20,M,71.1,81.2,0,29,No,No,No trabaja,0,8.2,Sí,7,84.4,No,5,Bajo,0,0
EST04097,Ingeniería Civil,5,Matutino,22,M,66.9,83.4,1,25,No,No,Tiempo completo,48,13.8,Sí,13,89.9,No,3,Medio,0,0
EST04098,Ingeniería Civil,9,Matutino,20,M,69.3,100,4,28,No,No,Medio tiempo,25,6.5,Sí,7,66.9,Sí,3,Medio,0,0
EST04099,Contador Público,1,Vespertino,17,F,76.0,79.8,3,19,Sí,No,Tiempo completo,38,10.7,Sí,6,51.4,No,5,Medio,0,0
EST04100,Ingeniería Electromecánica,1,Vespertino,21,M,63.2,72.6,3,34,No,Sí,No trabaja,0,6.3,No,2,59.9,Sí,4,Alto,1,1
EST04101,Ingeniería en Gestión Empresarial,2,Vespertino,18,F,76.3,69.6,0,24,Sí,No,Medio tiempo,16,9.7,Sí,2,78.1,Sí,5,Medio,1,0
EST04102,Ingeniería en Gestión Empresarial,10,Matutino,23,M,72.6,67.9,1,30,Sí,No,No trabaja,0,5.3,Sí,9,99.2,No,1,Bajo,0,0
EST04103,Ingeniería Industrial,5,Vespertino,22,F,79.2,89.4,4,18,Sí,No,No trabaja,0,7.4,Sí,3,60.6,No,4,Medio,0,1
EST04104,Ingeniería Electromecánica,5,Vespertino,23,F,77.8,79.0,0,36,No,No,No trabaja,0,10.6,No,4,100,No,4,Bajo,0,0
EST04105,Ingeniería Mecatrónica,7,Vespertino,21,M,79.2,81.9,0,26,No,No,No trabaja,0,16.2,Sí,14,66.4,No,4,Bajo,0,0
EST04106,Ingeniería en Gestión Empresarial,7,Vespertino,24,F,83.4,73.9,0,36,No,Sí,Medio tiempo,23,4.7,Sí,8,82.1,No,1,Bajo,0,0
EST04107,Ingeniería Civil,8,Vespertino,22,M,74.6,90.9,0,36,No,No,No trabaja,0,2.5,Sí,4,82.1,No,4,Bajo,0,1
EST04108,Ingeniería Electromecánica,2,Vespertino,22,F,78.7,72.8,0,33,No,No,No trabaja,0,20.6,Sí,14,82.3,Sí,4,Medio,0,0
EST04109,Contador Público,3,Matutino,17,F,82.9,58.7,1,25,Sí,Sí,Medio tiempo,15,0.5,Sí,10,88.7,No,4,Bajo,0,0
EST04110,Ingeniería Mecatrónica,10,Matutino,25,M,76.4,77.7,2,33,No,Sí,No trabaja,0,19.4,Sí,4,99.0,No,1,Bajo,1,0
EST04111,Licenciatura en Administración,5,Matutino,21,F,72.7,69.8,0,30,No,Sí,No trabaja,0,11.7,Sí,8,85.5,No,5,Bajo,0,0
EST04112,Ingeniería Mecatrónica,7,Vespertino,21,M,83.4,72.9,1,18,No,Sí,No trabaja,0,22.8,Sí,11,74.3,No,5,Bajo,0,0
EST04113,Licenciatura en Administración,6,Matutino,20,M,84.1,81.5,0,18,Sí,No,Medio tiempo,19,3.6,Sí,4,45.1,No,5,Medio,1,1
EST04114,Licenciatura en Administración,1,Vespertino,23,F,73.3,78.8,1,31,No,No,Tiempo completo,46,4.9,Sí,10,100,No,4,Bajo,0,0
EST04115,Ingeniería Industrial,6,Matutino,23,F,64.0,90.6,3,20,No,Sí,Tiempo completo,40,9.2,Sí,4,53.9,No,1,Alto,0,0
EST04116,Licenciatura en Administración,7,Matutino,20,M,69.6,64.8,7,21,Sí,No,No trabaja,0,17.5,No,11,82.7,No,1,Alto,1,1
EST04117,Ingeniería Industrial,8,Matutino,19,M,83.4,95.2,0,22,No,No,Medio tiempo,15,10.4,Sí,17,82.3,No,1,Bajo,0,0
EST04118,Licenciatura en Administración,6,Vespertino,25,M,86.0,77.1,0,23,No,Sí,Medio tiempo,18,0.5,Sí,12,78.1,No,2,Bajo,0,1
EST04119,Contador Público,10,Vespertino,23,M,100,89.7,0,34,No,Sí,No trabaja,0,5.2,Sí,8,67.8,Sí,5,Bajo,0,0
EST04120,Ingeniería en Sistemas Computacionales,6,Matutino,18,F,78.7,76.6,1,36,No,No,Medio tiempo,21,0.5,Sí,6,85.5,No,5,Bajo,0,0
EST04121,Ingeniería Civil,1,Matutino,21,F,70.3,76.9,6,27,No,Sí,No trabaja,0,13.6,Sí,4,84.9,No,4,Medio,1,1
EST04122,Ingeniería Industrial,1,Vespertino,17,F,69.7,88.2,1,35,No,No,No trabaja,0,4.8,Sí,7,88.3,Sí,3,Medio,0,1
EST04123,Licenciatura en Administración,7,Vespertino,23,M,76.3,90.1,0,36,No,No,Medio tiempo,16,15.6,Sí,5,79.7,No,4,Bajo,1,0
EST04124,Ingeniería Mecatrónica,6,Matutino,21,F,77.4,51.7,1,26,Sí,No,No trabaja,0,7.1,Sí,8,71.5,No,2,Alto,0,1
EST04125,Ingeniería Civil,7,Matutino,21,F,87.0,84.9,0,21,No,No,No trabaja,0,10.9,Sí,12,100,Sí,4,Bajo,0,0
EST04126,Ingeniería Civil,8,Vespertino,22,M,85.0,83.9,0,35,Sí,No,No trabaja,0,1.0,Sí,13,100,No,3,Bajo,0,0
EST04127,Ingeniería en Sistemas Computacionales,7,Vespertino,20,F,97.9,82.6,1,21,No,No,No trabaja,0,5.0,Sí,13,86.3,No,1,Bajo,0,0
EST04128,Ingeniería Industrial,6,Matutino,22,M,70.8,100,1,24,No,No,No trabaja,0,0.5,Sí,14,72.5,Sí,2,Bajo,0,0
EST04129,Licenciatura en Administración,6,Matutino,24,M,93.3,77.3,1,26,No,No,Medio tiempo,23,19.5,Sí,4,86.9,No,3,Bajo,0,1
EST04130,Ingeniería en Sistemas Computacionales,6,Vespertino,22,M,71.9,92.2,1,21,No,No,Medio tiempo,16,6.3,No,6,96.4,No,3,Bajo,0,0
EST04131,Contador Público,10,Matutino,22,F,76.2,91.1,2,36,No,No,Tiempo completo,43,16.0,Sí,10,53.7,No,4,Alto,0,1
EST04132,Ingeniería Industrial,9,Matutino,23,F,85.4,90.2,3,31,No,Sí,No trabaja,0,18.9,Sí,12,100,No,3,Bajo,0,0
EST04133,Ingeniería Electromecánica,6,Matutino,22,F,70.6,76.2,1,35,Sí,Sí,Tiempo completo,48,9.8,Sí,14,83.2,No,5,Bajo,0,0
EST04134,Ingeniería en Gestión Empresarial,9,Matutino,26,F,76.4,80.5,4,23,No,No,Medio tiempo,27,14.2,Sí,12,90.8,No,5,Medio,0,0
EST04135,Ingeniería Mecatrónica,7,Matutino,24,M,85.3,50.9,4,27,No,Sí,Medio tiempo,15,17.5,Sí,13,67.2,No,5,Alto,1,1
EST04136,Ingeniería Civil,4,Matutino,20,F,66.8,87.0,0,29,No,No,Medio tiempo,16,4.4,Sí,7,62.2,No,2,Alto,1,1
EST04137,Ingeniería Electromecánica,6,Matutino,21,F,71.8,82.2,0,22,No,No,Tiempo completo,45,9.1,Sí,3,56.0,No,2,Medio,0,0
EST04138,Ingeniería Civil,6,Vespertino,26,F,84.4,75.7,4,21,No,Sí,Medio tiempo,12,10.7,Sí,13,57.8,Sí,5,Medio,0,0
EST04139,Ingeniería en Gestión Empresarial,4,Matutino,20,M,80.6,71.1,1,18,No,Sí,Medio tiempo,13,19.9,Sí,1,83.6,Sí,4,Bajo,0,1
EST04140,Licenciatura en Administración,3,Vespertino,24,F,66.3,67.1,3,26,Sí,No,Tiempo completo,48,7.0,Sí,4,95.2,No,5,Medio,0,1
EST04141,Contador Público,8,Vespertino,21,M,73.5,75.5,0,19,No,No,Medio tiempo,23,5.3,Sí,11,72.8,No,4,Bajo,0,0
EST04142,Ingeniería Industrial,2,Matutino,24,F,66.8,81.0,3,36,Sí,Sí,No trabaja,0,2.0,Sí,1,64.2,No,5,Bajo,0,1
EST04143,Ingeniería en Gestión Empresarial,2,Matutino,20,F,72.0,95.7,0,24,Sí,No,No trabaja,0,1.9,Sí,4,69.0,No,2,Bajo,0,1
EST04144,Ingeniería en Sistemas Computacionales,10,Vespertino,25,M,76.6,76.4,4,20,Sí,No,No trabaja,0,0.5,Sí,13,89.3,No,5,Bajo,0,0
EST04145,Ingeniería Industrial,2,Matutino,19,M,45,71.0,1,23,No,Sí,No trabaja,0,11.9,Sí,11,52.5,No,2,Alto,1,1
EST04146,Licenciatura en Administración,8,Matutino,25,M,73.8,68.4,1,21,No,No,Tiempo completo,30,5.2,Sí,1,62.7,No,5,Medio,0,1
EST04147,Ingeniería Industrial,5,Matutino,21,M,82.9,87.4,3,31,No,No,Medio tiempo,13,8.5,Sí,9,93.7,No,4,Bajo,0,0
EST04148,Contador Público,8,Vespertino,21,M,69.8,89.7,1,22,No,Sí,Medio tiempo,11,13.1,Sí,7,89.0,No,2,Bajo,0,0
EST04149,Ingeniería Mecatrónica,4,Vespertino,23,F,75.0,92.5,0,28,No,Sí,Medio tiempo,15,14.3,Sí,14,88.4,Sí,5,Bajo,1,0
EST04150,Licenciatura en Administración,2,Vespertino,18,F,81.2,94.5,1,25,Sí,Sí,No trabaja,0,11.8,Sí,16,78.5,No,3,Bajo,0,0
EST04151,Ingeniería en Gestión Empresarial,9,Vespertino,22,M,73.9,95.1,1,30,Sí,No,Medio tiempo,17,8.9,Sí,7,100,No,5,Bajo,0,0
EST04152,Ingeniería en Gestión Empresarial,10,Vespertino,24,M,73.2,97.9,0,23,Sí,Sí,Medio tiempo,18,16.6,Sí,5,54.7,No,3,Bajo,0,1
EST04153,Ingeniería Industrial,10,Vespertino,24,M,64.9,86.4,2,24,No,Sí,Medio tiempo,28,6.6,Sí,6,85.2,No,1,Medio,0,1
EST04154,Contador Público,1,Vespertino,20,M,74.6,89.5,0,33,No,No,No trabaja,0,8.0,No,8,94.1,No,3,Bajo,1,0
EST04155,Ingeniería Industrial,7,Vespertino,17,M,66.7,96.4,1,21,No,Sí,No trabaja,0,11.1,No,10,84.2,No,3,Bajo,0,1
EST04156,Ingeniería Industrial,6,Matutino,23,M,73.0,78.0,3,26,Sí,Sí,Medio tiempo,20,10.4,Sí,5,92.6,No,3,Bajo,0,0
EST04157,Contador Público,4,Matutino,19,M,75.0,94.8,0,26,Sí,Sí,Medio tiempo,17,11.1,Sí,6,80.5,Sí,1,Bajo,0,1
EST04158,Licenciatura en Administración,4,Matutino,23,F,66.9,93.3,2,29,No,No,Medio tiempo,24,13.2,No,9,88.4,No,4,Medio,0,0
EST04159,Ingeniería Civil,8,Vespertino,20,F,60.8,74.3,4,22,No,Sí,Tiempo completo,46,8.9,Sí,6,59.0,No,4,Alto,0,1
EST04160,Ingeniería Industrial,1,Vespertino,20,F,77.8,89.1,0,26,Sí,No,No trabaja,0,3.9,No,8,57.6,No,5,Bajo,0,0
EST04161,Contador Público,1,Vespertino,23,M,85.4,83.8,1,27,No,Sí,Medio tiempo,15,6.2,Sí,7,93.0,No,4,Bajo,0,0
EST04162,Contador Público,8,Matutino,22,M,84.3,78.0,1,36,No,Sí,No trabaja,0,15.8,Sí,9,94.4,No,4,Bajo,0,1
EST04163,Ingeniería Electromecánica,1,Matutino,18,M,65.2,57.1,3,28,No,Sí,Tiempo completo,31,17.0,No,9,65.2,No,1,Alto,0,1
EST04164,Ingeniería Mecatrónica,7,Matutino,23,F,87.6,76.1,0,31,Sí,Sí,No trabaja,0,10.1,Sí,11,93.7,Sí,4,Bajo,0,1
EST04165,Ingeniería en Sistemas Computacionales,9,Vespertino,26,F,69.8,100,2,27,Sí,Sí,Medio tiempo,17,0.5,Sí,5,78.5,Sí,5,Bajo,0,1
EST04166,Ingeniería Industrial,9,Matutino,25,F,69.5,87.4,4,27,No,No,Medio tiempo,14,8.1,No,1,65.7,No,4,Alto,1,0
EST04167,Ingeniería Electromecánica,10,Vespertino,21,M,73.2,80.6,1,19,No,No,Medio tiempo,12,8.7,Sí,4,90.2,No,2,Bajo,0,0
EST04168,Ingeniería Electromecánica,9,Matutino,24,F,76.1,80.1,0,34,Sí,No,Medio tiempo,12,4.4,Sí,7,76.4,Sí,2,Bajo,0,1
EST04169,Ingeniería Electromecánica,2,Matutino,18,M,75.9,89.9,0,28,No,No,Medio tiempo,19,8.7,Sí,4,100,No,5,Bajo,1,0
EST04170,Ingeniería en Sistemas Computacionales,9,Matutino,18,M,83.9,83.0,0,33,Sí,No,Medio tiempo,11,5.9,Sí,5,100,No,5,Bajo,0,0
EST04171,Ingeniería en Sistemas Computacionales,8,Vespertino,21,F,57.8,93.7,1,29,Sí,No,No trabaja,0,3.0,Sí,4,67.6,No,4,Medio,1,0
EST04172,Ingeniería Mecatrónica,7,Vespertino,20,F,77.2,90.2,3,28,No,No,No trabaja,0,3.6,Sí,7,85.8,No,4,Bajo,0,0
EST04173,Contador Público,7,Vespertino,26,F,76.0,80.5,0,33,No,No,No trabaja,0,16.9,Sí,14,82.8,No,5,Bajo,0,0
EST04174,Contador Público,10,Vespertino,23,F,93.6,64.3,0,34,No,Sí,Medio tiempo,21,3.2,Sí,14,100,Sí,3,Bajo,0,0
EST04175,Ingeniería en Sistemas Computacionales,8,Matutino,21,F,70.8,97.6,0,34,No,No,No trabaja,0,12.6,No,5,100,No,2,Bajo,0,0
EST04176,Ingeniería Civil,2,Vespertino,19,F,83.3,70.2,0,23,Sí,Sí,No trabaja,0,15.9,Sí,12,74.7,No,5,Bajo,0,0
EST04177,Ingeniería Industrial,3,Matutino,20,F,72.8,84.3,1,33,Sí,No,No trabaja,0,0.5,Sí,9,74.7,No,1,Bajo,0,1
EST04178,Contador Público,1,Matutino,20,M,74.6,86.1,0,24,No,No,Medio tiempo,17,10.6,Sí,11,75.1,No,5,Bajo,0,0
EST04179,Ingeniería en Gestión Empresarial,10,Matutino,24,F,83.8,73.5,4,23,No,Sí,Medio tiempo,13,9.9,Sí,14,61.3,No,5,Alto,1,1
EST04180,Ingeniería Mecatrónica,10,Matutino,21,F,67.0,65.9,3,27,No,No,Tiempo completo,46,0.5,Sí,1,52.2,No,4,Alto,0,0
EST04181,Ingeniería Civil,8,Vespertino,27,F,84.1,81.9,0,35,No,No,No trabaja,0,4.4,Sí,0,67.5,No,3,Bajo,0,0
EST04182,Ingeniería Civil,2,Matutino,22,M,61.9,67.9,2,31,Sí,Sí,Medio tiempo,20,5.5,Sí,4,83.8,Sí,1,Medio,0,0
EST04183,Ingeniería en Sistemas Computacionales,10,Matutino,22,M,75.3,79.1,1,18,Sí,No,Tiempo completo,30,10.0,Sí,11,73.4,No,5,Bajo,0,0
EST04184,Ingeniería Industrial,5,Matutino,21,M,69.1,90.1,5,35,Sí,Sí,No trabaja,0,10.6,Sí,3,70.1,No,5,Medio,0,1
EST04185,Ingeniería Mecatrónica,5,Vespertino,18,F,99.2,70.3,0,29,No,Sí,No trabaja,0,17.3,No,6,61.7,No,5,Bajo,0,0
EST04186,Contador Público,1,Matutino,19,M,85.9,75.6,0,23,Sí,Sí,Tiempo completo,42,6.6,Sí,2,68.8,No,5,Bajo,1,1
EST04187,Licenciatura en Administración,6,Vespertino,20,M,95.2,83.0,0,34,Sí,No,No trabaja,0,11.4,Sí,5,69.1,Sí,5,Bajo,0,0
EST04188,Licenciatura en Administración,9,Matutino,22,F,70.6,90.2,0,19,No,No,Medio tiempo,28,6.0,Sí,4,76.3,Sí,4,Bajo,0,0
EST04189,Ingeniería Electromecánica,10,Matutino,21,M,83.3,76.7,2,33,No,No,No trabaja,0,14.2,No,12,52.8,Sí,3,Medio,1,0
EST04190,Contador Público,8,Vespertino,22,M,75.2,89.8,3,35,Sí,No,No trabaja,0,13.0,Sí,6,74.8,No,2,Bajo,0,0
EST04191,Licenciatura en Administración,1,Matutino,21,F,69.7,68.3,0,28,No,No,Tiempo completo,44,16.0,No,8,72.7,No,2,Alto,1,0
EST04192,Ingeniería Civil,8,Matutino,22,F,92.1,80.7,0,25,No,Sí,No trabaja,0,5.4,Sí,10,73.7,No,4,Bajo,0,0
EST04193,Ingeniería Electromecánica,5,Matutino,21,M,78.4,76.5,2,28,No,No,Medio tiempo,18,15.7,Sí,0,77.4,No,1,Medio,0,0
EST04194,Ingeniería en Sistemas Computacionales,7,Matutino,19,F,76.9,67.8,4,32,No,No,No trabaja,0,16.2,Sí,2,77.6,No,2,Alto,1,1
EST04195,Ingeniería en Gestión Empresarial,6,Matutino,21,M,59.6,87.4,0,32,No,No,No trabaja,0,3.4,Sí,1,79.5,No,1,Medio,0,1
EST04196,Ingeniería en Sistemas Computacionales,2,Matutino,22,M,68.9,93.6,1,32,Sí,Sí,No trabaja,0,7.1,Sí,10,91.0,Sí,1,Bajo,0,0
EST04197,Ingeniería Mecatrónica,8,Vespertino,22,F,71.3,85.5,0,26,Sí,No,No trabaja,0,10.8,Sí,9,93.5,No,2,Bajo,0,1
EST04198,Licenciatura en Administración,2,Vespertino,21,M,73.0,54.1,1,24,No,No,Medio tiempo,19,16.8,No,11,83.4,No,3,Alto,1,1
EST04199,Ingeniería Industrial,8,Vespertino,20,M,74.3,86.8,0,19,No,No,No trabaja,0,16.2,Sí,6,100,No,2,Bajo,0,0
EST04200,Ingeniería Electromecánica,4,Vespertino,17,M,74.4,93.9,0,28,Sí,Sí,Tiempo completo,31,2.6,Sí,8,43.9,No,4,Medio,0,0
EST04201,Ingeniería Mecatrónica,10,Matutino,22,M,78.2,85.8,1,31,No,Sí,Medio tiempo,12,3.4,Sí,10,90.8,No,4,Bajo,0,0
EST04202,Ingeniería Electromecánica,1,Matutino,19,M,73.6,89.4,0,31,No,No,Medio tiempo,11,13.0,No,14,81.1,No,3,Bajo,0,0
EST04203,Ingeniería en Gestión Empresarial,8,Matutino,20,M,75.7,71.7,3,32,Sí,No,No trabaja,0,8.2,Sí,14,96.9,Sí,4,Bajo,0,1
EST04204,Ingeniería Mecatrónica,4,Matutino,24,M,81.2,88.7,3,36,No,Sí,Medio tiempo,15,5.8,Sí,16,61.7,No,4,Medio,1,0
EST04205,Ingeniería Industrial,10,Vespertino,22,M,70.1,69.6,1,19,No,No,Tiempo completo,44,15.1,Sí,2,62.3,No,1,Alto,1,0
EST04206,Ingeniería en Sistemas Computacionales,9,Matutino,22,F,74.7,73.8,1,24,No,No,No trabaja,0,10.1,Sí,3,72.2,No,1,Medio,0,1
EST04207,Ingeniería Industrial,6,Vespertino,23,M,70.4,100,0,36,No,No,No trabaja,0,13.3,Sí,3,84.1,No,4,Bajo,0,0
EST04208,Ingeniería en Sistemas Computacionales,8,Vespertino,21,F,84.2,88.4,0,27,Sí,No,Medio tiempo,21,14.1,Sí,10,98.7,No,4,Bajo,0,0
EST04209,Ingeniería Civil,10,Matutino,23,M,67.7,90.0,1,33,No,Sí,Medio tiempo,18,11.0,Sí,0,82.2,No,4,Bajo,0,0
EST04210,Ingeniería Mecatrónica,4,Matutino,25,F,67.2,76.9,1,19,No,Sí,No trabaja,0,7.6,Sí,3,54.7,No,4,Bajo,0,0
EST04211,Ingeniería Civil,10,Vespertino,23,F,66.2,67.4,3,25,No,No,Tiempo completo,47,12.1,Sí,4,91.5,No,5,Medio,0,0
EST04212,Ingeniería Electromecánica,3,Vespertino,21,F,64.3,74.9,4,25,Sí,No,No trabaja,0,3.9,Sí,10,66.7,No,5,Medio,0,1
EST04213,Ingeniería Mecatrónica,5,Matutino,20,M,71.0,86.0,1,24,No,Sí,No trabaja,0,7.4,Sí,8,95.7,No,2,Bajo,0,0
EST04214,Ingeniería en Sistemas Computacionales,8,Matutino,20,M,61.0,86.8,7,34,No,Sí,No trabaja,0,12.0,Sí,11,85.3,No,3,Alto,0,0
EST04215,Ingeniería Electromecánica,10,Vespertino,23,M,79.3,72.1,1,25,Sí,No,No trabaja,0,5.7,Sí,0,61.4,No,2,Medio,0,1
EST04216,Contador Público,9,Matutino,24,F,57.2,90.2,1,30,No,No,Medio tiempo,21,8.7,Sí,5,82.4,No,2,Medio,0,1
EST04217,Licenciatura en Administración,6,Vespertino,20,F,66.5,82.6,2,20,Sí,No,Medio tiempo,25,0.9,No,4,89.2,No,4,Medio,0,0
EST04218,Ingeniería Civil,10,Vespertino,27,M,55.7,88.5,3,36,No,Sí,Tiempo completo,46,0.5,Sí,3,67.7,No,1,Medio,0,1
EST04219,Contador Público,7,Matutino,20,F,75.0,55.9,3,25,No,Sí,Medio tiempo,21,19.2,Sí,1,57.5,No,4,Alto,1,0
EST04220,Ingeniería en Gestión Empresarial,8,Vespertino,23,M,65.2,81.6,0,27,No,Sí,Tiempo completo,42,10.9,Sí,6,51.5,No,2,Medio,0,1
EST04221,Ingeniería Civil,9,Vespertino,23,F,81.8,100,1,30,Sí,Sí,No trabaja,0,6.9,Sí,14,71.7,No,1,Bajo,0,0
EST04222,Licenciatura en Administración,4,Matutino,21,F,71.2,79.8,2,21,No,No,No trabaja,0,15.1,No,8,86.9,No,4,Medio,1,1
EST04223,Ingeniería Civil,3,Vespertino,19,M,71.6,89.2,0,24,Sí,Sí,No trabaja,0,15.0,Sí,6,64.8,No,2,Bajo,0,0
EST04224,Contador Público,2,Matutino,20,M,95.0,75.8,0,18,No,Sí,No trabaja,0,11.7,Sí,7,89.9,No,3,Bajo,0,0
EST04225,Ingeniería en Sistemas Computacionales,7,Vespertino,20,F,84.7,89.9,5,27,Sí,Sí,Medio tiempo,12,5.8,No,16,75.8,No,1,Bajo,0,0
EST04226,Contador Público,8,Vespertino,20,M,61.5,74.6,0,22,No,No,Tiempo completo,40,1.9,Sí,4,69.2,No,1,Medio,0,1
EST04227,Licenciatura en Administración,10,Vespertino,19,F,83.8,100,0,20,Sí,No,No trabaja,0,14.1,Sí,13,82.4,No,2,Bajo,0,0
EST04228,Ingeniería Electromecánica,8,Vespertino,26,M,86.2,82.5,2,33,No,No,Tiempo completo,46,6.0,Sí,7,91.9,No,1,Bajo,0,1
EST04229,Ingeniería Electromecánica,3,Vespertino,21,M,61.9,74.9,3,28,Sí,No,Medio tiempo,11,6.5,Sí,4,75.9,No,2,Alto,0,1
EST04230,Ingeniería Mecatrónica,3,Vespertino,18,F,80.8,79.6,0,34,No,No,No trabaja,0,10.0,Sí,0,73.8,No,2,Bajo,0,0
EST04231,Ingeniería en Gestión Empresarial,7,Matutino,19,M,78.2,87.8,4,29,No,Sí,No trabaja,0,1.8,No,4,90.1,No,2,Medio,0,1
EST04232,Licenciatura en Administración,6,Vespertino,23,M,79.2,83.6,3,36,Sí,No,No trabaja,0,10.6,Sí,10,72.3,No,2,Bajo,0,0
EST04233,Licenciatura en Administración,1,Vespertino,23,M,64.8,92.0,2,25,No,No,Medio tiempo,15,2.7,Sí,0,76.0,No,2,Medio,1,0
EST04234,Ingeniería Mecatrónica,1,Matutino,19,F,77.0,86.3,0,22,No,No,No trabaja,0,8.7,Sí,10,73.2,No,1,Bajo,0,0
EST04235,Licenciatura en Administración,6,Vespertino,24,M,71.5,97.9,2,18,No,No,No trabaja,0,10.5,Sí,1,58.7,No,5,Bajo,0,0
EST04236,Ingeniería en Sistemas Computacionales,8,Matutino,24,F,83.8,77.5,2,27,No,No,Tiempo completo,30,5.0,Sí,0,60.4,No,3,Bajo,0,0
EST04237,Ingeniería Electromecánica,4,Vespertino,22,F,66.0,78.0,2,22,Sí,Sí,Tiempo completo,41,12.0,Sí,11,77.2,No,5,Medio,0,0
EST04238,Licenciatura en Administración,8,Matutino,21,M,78.1,74.2,1,30,No,No,No trabaja,0,11.0,Sí,11,83.7,No,3,Bajo,0,0
EST04239,Contador Público,6,Vespertino,27,M,75.4,70.5,0,36,No,No,No trabaja,0,14.0,Sí,3,82.4,No,3,Bajo,1,0
EST04240,Ingeniería Mecatrónica,2,Vespertino,20,F,67.0,99.4,1,20,No,No,No trabaja,0,10.4,Sí,14,84.6,No,2,Bajo,0,0
EST04241,Ingeniería en Sistemas Computacionales,7,Vespertino,20,F,83.1,71.8,1,26,Sí,No,No trabaja,0,1.3,Sí,4,63.8,No,4,Bajo,0,0
EST04242,Licenciatura en Administración,9,Matutino,22,M,86.0,97.2,0,18,No,Sí,No trabaja,0,5.0,No,5,66.8,No,4,Bajo,0,0
EST04243,Ingeniería Civil,9,Matutino,25,M,77.0,91.0,3,18,No,No,No trabaja,0,9.6,Sí,10,85.5,No,4,Bajo,0,0
EST04244,Ingeniería en Gestión Empresarial,10,Matutino,24,M,68.6,76.9,1,29,No,Sí,Medio tiempo,23,6.1,Sí,1,62.8,No,5,Medio,0,1
EST04245,Ingeniería Mecatrónica,3,Matutino,19,M,58.9,75.8,2,24,Sí,Sí,No trabaja,0,18.8,Sí,6,85.7,Sí,4,Medio,1,1
EST04246,Ingeniería en Sistemas Computacionales,4,Matutino,20,M,72.0,80.2,2,18,No,No,Medio tiempo,21,4.2,Sí,3,55.4,No,1,Medio,0,0
EST04247,Ingeniería Industrial,8,Matutino,22,F,74.3,95.6,0,18,No,No,No trabaja,0,5.3,No,7,91.0,No,5,Bajo,0,0
EST04248,Contador Público,3,Matutino,17,M,66.4,94.0,5,24,No,No,No trabaja,0,13.5,Sí,13,76.6,No,4,Medio,0,1
EST04249,Ingeniería Industrial,9,Matutino,20,F,79.4,70.8,3,29,No,No,No trabaja,0,16.2,Sí,3,61.9,No,5,Medio,0,1
EST04250,Ingeniería en Sistemas Computacionales,8,Vespertino,20,M,74.7,71.2,1,30,No,Sí,No trabaja,0,13.1,No,3,59.7,No,3,Medio,1,1
EST04251,Contador Público,2,Vespertino,23,F,77.1,78.8,0,21,Sí,Sí,No trabaja,0,9.3,Sí,8,74.1,No,2,Bajo,0,0
EST04252,Ingeniería Electromecánica,3,Matutino,21,F,74.1,68.6,5,29,No,No,Tiempo completo,47,7.3,Sí,8,63.7,Sí,4,Alto,0,1
EST04253,Licenciatura en Administración,4,Matutino,21,M,74.7,97.4,2,18,No,No,Medio tiempo,16,13.6,Sí,4,95.8,No,4,Bajo,0,1
EST04254,Ingeniería Industrial,4,Matutino,20,F,78.6,90.9,0,30,Sí,Sí,Medio tiempo,28,7.2,Sí,13,59.6,Sí,4,Bajo,0,0
EST04255,Ingeniería Electromecánica,9,Matutino,22,F,80.7,66.9,0,30,Sí,Sí,Medio tiempo,20,14.8,Sí,13,93.7,No,2,Bajo,0,0
EST04256,Contador Público,6,Matutino,21,F,81.5,100,0,28,No,No,No trabaja,0,8.2,Sí,18,79.1,No,1,Bajo,0,0
EST04257,Ingeniería en Gestión Empresarial,9,Matutino,22,F,87.3,91.7,4,32,Sí,Sí,Medio tiempo,17,11.4,Sí,11,88.9,No,4,Bajo,0,0
EST04258,Contador Público,6,Vespertino,25,M,81.3,72.6,0,22,No,No,No trabaja,0,3.3,Sí,0,64.6,Sí,3,Bajo,1,0
EST04259,Ingeniería Mecatrónica,4,Vespertino,25,M,66.2,88.6,1,24,No,No,Medio tiempo,13,12.8,No,10,73.1,No,1,Bajo,0,0
EST04260,Ingeniería Electromecánica,4,Vespertino,18,M,75.6,74.6,0,34,Sí,No,Medio tiempo,11,12.8,Sí,3,53.1,No,3,Medio,0,0
EST04261,Ingeniería Industrial,9,Matutino,21,M,82.2,70.6,2,21,Sí,No,No trabaja,0,22.0,Sí,14,97.5,No,1,Bajo,0,0
EST04262,Ingeniería en Sistemas Computacionales,6,Vespertino,21,F,77.0,88.3,0,28,Sí,No,Medio tiempo,13,8.0,Sí,3,70.2,No,3,Bajo,0,0
EST04263,Ingeniería en Gestión Empresarial,6,Matutino,18,F,69.7,89.9,1,36,Sí,No,No trabaja,0,0.5,Sí,2,76.2,No,1,Bajo,1,1
EST04264,Ingeniería Mecatrónica,2,Matutino,24,M,57.5,66.5,2,24,No,Sí,No trabaja,0,16.9,Sí,9,97.9,No,1,Medio,0,1
EST04265,Contador Público,9,Matutino,25,M,73.0,86.9,3,23,No,No,No trabaja,0,10.1,Sí,1,73.9,No,1,Medio,1,1
EST04266,Ingeniería Electromecánica,6,Matutino,23,M,83.8,82.1,0,23,No,No,No trabaja,0,12.6,Sí,1,65.0,No,4,Bajo,0,1
EST04267,Ingeniería Civil,5,Vespertino,24,M,82.0,100,0,26,Sí,Sí,Medio tiempo,25,12.5,Sí,11,74.7,No,4,Bajo,0,0
EST04268,Ingeniería Civil,6,Vespertino,21,M,52.0,70.3,3,20,No,No,Tiempo completo,38,9.0,No,4,78.9,No,2,Alto,1,1
EST04269,Ingeniería Electromecánica,5,Vespertino,19,M,81.3,79.4,4,35,Sí,Sí,No trabaja,0,12.5,Sí,1,37.2,No,3,Medio,1,1
EST04270,Ingeniería en Sistemas Computacionales,10,Matutino,26,M,71.4,86.8,1,27,No,No,Medio tiempo,19,15.6,No,1,61.1,No,4,Medio,0,0
EST04271,Ingeniería Electromecánica,1,Matutino,17,M,74.9,92.2,2,29,Sí,Sí,Medio tiempo,11,14.2,Sí,6,100,No,5,Bajo,0,0
EST04272,Ingeniería Industrial,8,Vespertino,20,F,79.8,81.7,0,25,No,Sí,No trabaja,0,14.9,Sí,6,80.4,Sí,3,Bajo,0,0
EST04273,Ingeniería en Gestión Empresarial,5,Matutino,17,M,62.1,69.8,2,29,No,Sí,Tiempo completo,32,9.1,Sí,12,82.3,No,4,Alto,0,1
EST04274,Ingeniería Civil,3,Matutino,19,M,82.2,80.4,0,34,Sí,No,No trabaja,0,0.5,Sí,6,81.7,No,2,Bajo,0,0
EST04275,Ingeniería Industrial,3,Matutino,17,F,68.0,87.4,1,21,No,Sí,Medio tiempo,13,5.6,Sí,0,61.4,No,1,Bajo,0,0
EST04276,Ingeniería en Gestión Empresarial,8,Matutino,21,F,100,90.0,0,34,No,Sí,No trabaja,0,2.9,Sí,7,81.3,No,1,Bajo,0,0
EST04277,Ingeniería Electromecánica,3,Vespertino,23,M,55.3,78.8,2,20,No,No,Tiempo completo,37,9.6,No,8,57.5,No,1,Alto,1,1
EST04278,Ingeniería Civil,1,Matutino,20,F,64.8,84.5,1,30,No,No,No trabaja,0,6.3,Sí,6,81.5,No,3,Bajo,0,0
EST04279,Ingeniería Electromecánica,8,Vespertino,24,M,74.0,86.8,0,34,Sí,Sí,No trabaja,0,5.6,Sí,5,99.1,Sí,4,Bajo,0,0
EST04280,Ingeniería Industrial,3,Vespertino,21,F,68.2,72.0,3,33,No,Sí,No trabaja,0,18.1,Sí,11,82.4,No,1,Medio,0,1
EST04281,Ingeniería Mecatrónica,2,Vespertino,18,M,92.8,91.0,0,26,No,Sí,Medio tiempo,10,17.3,Sí,14,92.3,No,2,Bajo,0,0
EST04282,Ingeniería Mecatrónica,1,Matutino,18,M,93.7,76.1,0,34,No,No,Medio tiempo,21,0.5,Sí,12,94.0,No,1,Bajo,0,0
EST04283,Ingeniería en Sistemas Computacionales,8,Matutino,22,F,79.3,96.8,2,33,No,Sí,Medio tiempo,12,4.7,Sí,9,69.0,No,1,Bajo,1,0
EST04284,Licenciatura en Administración,3,Matutino,20,F,58.9,71.1,2,20,No,No,Tiempo completo,43,10.2,Sí,12,95.1,No,2,Medio,0,0
EST04285,Ingeniería en Sistemas Computacionales,5,Vespertino,21,F,63.4,73.6,1,35,No,No,Medio tiempo,16,0.5,No,3,68.9,Sí,1,Alto,1,0
EST04286,Ingeniería Industrial,5,Vespertino,24,F,50.3,72.3,3,25,Sí,No,Tiempo completo,43,11.2,No,2,46.4,No,3,Alto,0,1
EST04287,Ingeniería Civil,4,Matutino,18,F,82.2,60.8,4,29,No,No,Tiempo completo,34,9.2,Sí,4,100,No,5,Medio,0,0
EST04288,Licenciatura en Administración,4,Matutino,21,F,66.2,81.2,3,36,No,No,No trabaja,0,5.3,Sí,1,84.9,No,5,Medio,1,0
EST04289,Ingeniería Industrial,9,Vespertino,26,F,87.3,94.4,1,20,No,Sí,Medio tiempo,15,1.2,Sí,10,58.3,No,4,Bajo,0,0
EST04290,Ingeniería Civil,8,Matutino,22,F,72.7,97.5,0,23,No,No,No trabaja,0,5.2,Sí,14,56.5,No,4,Bajo,0,0
EST04291,Ingeniería en Gestión Empresarial,5,Matutino,17,F,68.2,83.5,4,29,No,No,Medio tiempo,17,15.0,No,8,59.1,No,5,Alto,0,1
EST04292,Ingeniería en Sistemas Computacionales,1,Vespertino,19,M,79.7,91.8,0,25,No,Sí,Medio tiempo,27,10.3,Sí,11,76.3,No,5,Bajo,0,0
EST04293,Licenciatura en Administración,10,Matutino,22,M,69.7,92.5,2,24,No,No,No trabaja,0,4.1,No,12,98.9,No,3,Bajo,0,0
EST04294,Ingeniería Mecatrónica,1,Vespertino,21,F,73.7,100.0,0,23,Sí,No,Medio tiempo,13,12.6,Sí,2,51.8,No,4,Bajo,1,1
EST04295,Ingeniería en Sistemas Computacionales,7,Matutino,17,F,84.0,96.3,4,19,Sí,No,Tiempo completo,38,0.9,Sí,6,98.4,No,5,Bajo,0,1
EST04296,Ingeniería en Sistemas Computacionales,5,Vespertino,22,M,79.1,72.4,3,29,No,Sí,Medio tiempo,10,6.8,Sí,0,78.3,No,1,Medio,0,0
EST04297,Licenciatura en Administración,1,Matutino,21,M,64.3,89.3,0,19,Sí,Sí,No trabaja,0,5.1,Sí,13,78.5,No,2,Bajo,0,0
EST04298,Ingeniería en Gestión Empresarial,9,Vespertino,22,F,79.3,68.8,0,23,No,No,No trabaja,0,17.5,Sí,7,92.7,No,5,Bajo,0,0
EST04299,Ingeniería Civil,5,Matutino,19,F,76.4,94.5,1,20,Sí,No,Medio tiempo,14,15.9,Sí,7,72.2,No,5,Bajo,0,0
EST04300,Ingeniería Industrial,9,Matutino,22,M,80.1,90.6,3,29,Sí,No,Medio tiempo,25,13.4,Sí,3,70.5,No,5,Bajo,1,0
EST04301,Ingeniería Electromecánica,9,Vespertino,21,F,81.6,89.0,5,20,No,Sí,Medio tiempo,25,5.2,Sí,15,76.3,No,4,Medio,1,1
EST04302,Ingeniería Mecatrónica,9,Vespertino,28,M,74.6,94.4,0,20,No,Sí,No trabaja,0,12.0,Sí,14,100,No,2,Bajo,0,0
EST04303,Ingeniería en Sistemas Computacionales,8,Vespertino,21,F,80.4,71.1,1,19,No,Sí,Medio tiempo,24,8.5,Sí,12,65.6,No,3,Medio,0,0
EST04304,Ingeniería Civil,10,Matutino,23,F,75.0,77.4,0,32,No,Sí,Medio tiempo,13,4.8,Sí,4,82.8,Sí,5,Bajo,0,0
EST04305,Ingeniería Industrial,1,Vespertino,18,M,66.6,67.4,4,23,No,Sí,Medio tiempo,19,17.9,Sí,0,64.9,Sí,1,Alto,1,1
EST04306,Contador Público,1,Matutino,21,F,58.9,77.1,0,31,No,No,Medio tiempo,21,10.6,Sí,0,82.5,No,3,Medio,0,1
EST04307,Ingeniería Industrial,3,Vespertino,21,M,82.9,67.9,1,32,Sí,Sí,Tiempo completo,31,0.5,Sí,5,69.1,No,5,Medio,0,1
EST04308,Ingeniería Electromecánica,9,Vespertino,22,F,89.5,64.1,1,18,No,No,Medio tiempo,12,11.0,Sí,1,83.4,No,4,Bajo,1,1
EST04309,Ingeniería Electromecánica,1,Vespertino,17,F,75.8,61.0,0,35,No,No,No trabaja,0,4.9,Sí,2,87.1,Sí,2,Bajo,0,1
EST04310,Ingeniería en Gestión Empresarial,9,Matutino,18,F,69.3,76.0,2,36,Sí,Sí,No trabaja,0,17.1,Sí,9,96.8,No,4,Bajo,0,0
EST04311,Ingeniería Electromecánica,1,Vespertino,23,F,84.7,82.6,3,27,Sí,No,Medio tiempo,25,11.3,Sí,10,82.4,No,4,Bajo,0,1
EST04312,Ingeniería Industrial,10,Vespertino,23,M,63.2,78.7,2,32,No,Sí,Medio tiempo,18,6.3,Sí,12,88.3,No,3,Bajo,0,0
EST04313,Ingeniería en Gestión Empresarial,4,Vespertino,22,M,81.3,84.5,2,28,No,No,Medio tiempo,28,10.3,Sí,3,74.6,No,1,Bajo,0,0
EST04314,Ingeniería en Sistemas Computacionales,2,Vespertino,19,M,80.7,74.6,0,32,No,Sí,Medio tiempo,16,8.9,Sí,6,58.3,No,1,Bajo,0,0
EST04315,Contador Público,10,Matutino,24,F,86.4,100.0,4,31,Sí,Sí,No trabaja,0,5.7,Sí,14,94.6,No,2,Bajo,0,0
EST04316,Ingeniería Mecatrónica,9,Matutino,23,F,77.4,81.0,1,26,Sí,No,No trabaja,0,11.9,Sí,3,73.3,No,4,Bajo,0,0
EST04317,Ingeniería Civil,7,Matutino,18,M,80.5,86.2,0,26,No,Sí,No trabaja,0,15.4,Sí,11,84.8,No,1,Bajo,0,0
EST04318,Ingeniería en Sistemas Computacionales,9,Matutino,19,M,67.7,86.0,1,21,No,No,No trabaja,0,12.6,Sí,8,94.9,Sí,2,Medio,0,1
EST04319,Ingeniería en Gestión Empresarial,10,Matutino,24,F,68.1,78.8,2,25,No,Sí,Tiempo completo,45,8.8,Sí,12,71.6,No,3,Medio,0,1
EST04320,Ingeniería en Sistemas Computacionales,10,Matutino,20,F,72.6,92.0,0,32,No,No,No trabaja,0,6.1,Sí,10,69.0,No,5,Bajo,0,0
EST04321,Ingeniería Civil,3,Matutino,24,F,78.1,82.1,0,25,Sí,Sí,Medio tiempo,27,15.5,Sí,12,91.7,No,4,Bajo,0,0
EST04322,Ingeniería Civil,7,Vespertino,21,F,84.8,84.9,0,32,No,Sí,No trabaja,0,12.0,Sí,11,78.8,No,5,Bajo,0,0
EST04323,Ingeniería Civil,10,Vespertino,25,F,75.0,78.4,1,34,Sí,No,Medio tiempo,18,13.5,Sí,8,91.7,No,2,Bajo,0,0
EST04324,Contador Público,3,Vespertino,20,M,74.0,80.0,0,19,No,No,No trabaja,0,19.3,Sí,1,41.0,No,4,Medio,0,0
EST04325,Ingeniería Mecatrónica,2,Vespertino,20,F,74.9,86.3,0,24,No,No,Medio tiempo,17,10.2,Sí,7,100,No,3,Bajo,0,0
EST04326,Ingeniería en Gestión Empresarial,8,Matutino,23,F,75.4,57.4,3,24,Sí,Sí,Tiempo completo,42,8.0,Sí,7,95.1,No,5,Medio,0,1
EST04327,Ingeniería Mecatrónica,6,Matutino,23,F,76.1,69.6,0,24,No,No,Medio tiempo,28,7.0,Sí,12,79.5,No,4,Medio,0,1
EST04328,Ingeniería Civil,5,Matutino,18,F,70.2,86.8,0,29,No,No,Medio tiempo,23,0.5,Sí,13,83.3,Sí,3,Bajo,1,0
EST04329,Ingeniería Civil,7,Vespertino,24,M,87.3,95.7,0,32,No,Sí,Tiempo completo,40,19.7,Sí,3,62.7,No,5,Bajo,0,0
EST04330,Ingeniería Mecatrónica,2,Vespertino,22,F,66.4,90.9,3,21,No,No,No trabaja,0,15.2,Sí,3,62.3,No,2,Bajo,0,0
EST04331,Ingeniería en Sistemas Computacionales,5,Vespertino,20,F,59.0,97.4,3,32,No,Sí,Medio tiempo,27,7.5,No,1,56.4,No,2,Alto,1,1
EST04332,Ingeniería Electromecánica,2,Matutino,20,M,87.6,83.0,2,32,No,Sí,Medio tiempo,17,13.1,Sí,2,46.5,No,3,Medio,0,0
EST04333,Licenciatura en Administración,9,Vespertino,21,F,81.7,84.2,1,34,Sí,No,Medio tiempo,20,6.4,Sí,4,70.9,No,1,Bajo,0,0
EST04334,Contador Público,2,Vespertino,19,M,71.7,81.2,2,35,No,No,No trabaja,0,4.7,Sí,8,66.3,No,3,Medio,0,0
EST04335,Licenciatura en Administración,5,Vespertino,27,F,84.3,72.7,4,29,No,No,No trabaja,0,14.5,Sí,9,92.3,No,3,Medio,0,0
EST04336,Ingeniería Industrial,1,Vespertino,22,F,85.8,71.9,1,34,No,Sí,Medio tiempo,17,11.7,Sí,1,68.4,No,4,Bajo,1,0
EST04337,Ingeniería Electromecánica,9,Matutino,22,M,69.2,88.2,1,29,No,No,No trabaja,0,15.7,Sí,14,87.9,No,2,Bajo,0,1
EST04338,Ingeniería en Gestión Empresarial,3,Vespertino,20,M,74.6,87.2,0,36,Sí,Sí,No trabaja,0,4.4,Sí,0,63.0,No,5,Bajo,0,0
EST04339,Licenciatura en Administración,3,Matutino,22,M,98.9,98.1,0,33,Sí,No,Medio tiempo,21,4.3,Sí,11,91.6,No,5,Bajo,0,0
EST04340,Ingeniería Mecatrónica,1,Matutino,22,F,72.0,86.1,0,31,No,No,No trabaja,0,12.4,Sí,6,95.5,No,2,Bajo,0,0
EST04341,Ingeniería en Gestión Empresarial,7,Vespertino,23,F,61.2,84.7,2,22,No,Sí,Medio tiempo,13,9.8,No,3,50.9,No,2,Medio,0,0
EST04342,Contador Público,6,Vespertino,21,F,80.6,74.8,2,18,No,No,Tiempo completo,38,8.5,Sí,7,67.1,Sí,3,Medio,0,1
EST04343,Ingeniería Electromecánica,3,Vespertino,21,M,81.5,73.4,0,19,No,No,Medio tiempo,12,3.3,Sí,8,94.6,Sí,1,Bajo,0,0
EST04344,Ingeniería Mecatrónica,9,Matutino,24,M,76.6,65.4,0,30,No,Sí,Medio tiempo,27,15.2,Sí,11,98.0,No,2,Bajo,1,0
EST04345,Ingeniería Industrial,6,Vespertino,21,M,73.5,83.4,0,23,Sí,No,No trabaja,0,3.4,Sí,3,55.5,No,4,Bajo,0,0
EST04346,Ingeniería Civil,2,Vespertino,17,F,82.3,89.0,1,19,No,No,Medio tiempo,26,7.8,Sí,18,88.2,No,5,Bajo,0,1
EST04347,Ingeniería Mecatrónica,6,Vespertino,22,M,74.1,72.3,2,35,No,No,Medio tiempo,23,13.3,Sí,10,97.3,Sí,1,Medio,1,1
EST04348,Ingeniería Civil,6,Matutino,18,M,99.2,85.0,3,33,No,No,No trabaja,0,12.7,Sí,1,56.2,No,3,Bajo,0,0
EST04349,Ingeniería en Sistemas Computacionales,1,Matutino,19,M,68.9,77.6,1,34,No,No,Tiempo completo,35,6.0,Sí,12,69.3,No,5,Medio,0,1
EST04350,Ingeniería en Sistemas Computacionales,10,Matutino,23,M,72.5,66.6,0,21,Sí,No,Medio tiempo,11,0.5,Sí,6,80.2,Sí,1,Bajo,0,0
EST04351,Ingeniería Mecatrónica,9,Matutino,22,F,89.6,85.3,5,27,Sí,Sí,No trabaja,0,8.1,Sí,5,67.3,No,1,Medio,0,0
EST04352,Ingeniería Civil,1,Matutino,22,F,76.9,88.8,3,30,Sí,No,Medio tiempo,25,3.2,Sí,0,54.8,No,1,Bajo,0,0
EST04353,Ingeniería Civil,7,Vespertino,21,M,64.5,88.7,2,21,No,Sí,No trabaja,0,2.4,Sí,2,60.6,No,1,Medio,0,1
EST04354,Ingeniería Civil,6,Vespertino,20,F,84.2,85.6,5,32,No,No,No trabaja,0,0.5,Sí,12,86.6,No,4,Bajo,0,1
EST04355,Licenciatura en Administración,7,Vespertino,22,F,88.4,67.5,2,26,No,Sí,No trabaja,0,11.6,Sí,11,92.4,Sí,3,Bajo,0,0
EST04356,Ingeniería Civil,1,Vespertino,20,F,83.7,71.2,0,26,No,Sí,No trabaja,0,0.5,Sí,8,60.8,No,1,Bajo,0,0
EST04357,Ingeniería Mecatrónica,8,Vespertino,20,M,81.3,95.0,1,25,Sí,Sí,No trabaja,0,2.2,Sí,17,93.9,No,3,Bajo,0,0
EST04358,Ingeniería Mecatrónica,1,Matutino,19,F,73.8,74.0,2,19,No,No,Medio tiempo,25,5.7,Sí,10,84.4,No,2,Medio,1,0
EST04359,Ingeniería en Gestión Empresarial,10,Vespertino,21,F,88.9,81.2,4,27,No,No,No trabaja,0,12.3,Sí,6,100,No,5,Bajo,0,0
EST04360,Ingeniería Mecatrónica,9,Matutino,22,M,88.3,82.9,0,26,No,Sí,Medio tiempo,20,1.9,Sí,2,71.1,Sí,2,Bajo,0,0
EST04361,Ingeniería Civil,9,Vespertino,23,M,75.3,76.4,0,31,No,No,Medio tiempo,25,13.0,Sí,14,85.1,No,1,Bajo,0,1
EST04362,Ingeniería Mecatrónica,7,Vespertino,21,F,79.4,93.4,0,18,Sí,No,No trabaja,0,16.9,Sí,7,82.4,No,2,Bajo,0,1
EST04363,Ingeniería Civil,5,Matutino,25,F,76.4,89.8,2,29,Sí,Sí,Medio tiempo,16,18.2,No,7,93.4,No,5,Bajo,0,0
EST04364,Ingeniería en Sistemas Computacionales,8,Vespertino,21,F,77.4,88.7,5,26,No,Sí,No trabaja,0,0.5,Sí,0,79.3,No,5,Bajo,0,0
EST04365,Ingeniería Civil,7,Vespertino,27,M,91.5,97.1,0,24,Sí,No,Medio tiempo,13,10.8,Sí,5,78.5,No,3,Bajo,0,0
EST04366,Contador Público,10,Matutino,23,M,74.5,87.1,0,32,No,No,Medio tiempo,17,2.9,Sí,5,87.8,No,5,Bajo,0,0
EST04367,Ingeniería en Sistemas Computacionales,3,Matutino,21,F,82.3,88.0,0,18,No,No,Medio tiempo,18,5.0,Sí,9,65.8,No,1,Bajo,0,1
EST04368,Ingeniería Mecatrónica,5,Matutino,19,F,57.3,70.1,2,26,Sí,No,No trabaja,0,1.8,Sí,6,63.9,No,1,Medio,0,0
EST04369,Ingeniería Civil,1,Vespertino,19,M,71.4,68.8,0,23,Sí,No,No trabaja,0,2.5,No,0,51.1,No,2,Medio,0,0
EST04370,Ingeniería en Sistemas Computacionales,4,Matutino,24,F,79.6,79.8,0,28,No,No,No trabaja,0,12.7,Sí,3,70.7,Sí,1,Medio,0,1
EST04371,Ingeniería en Gestión Empresarial,4,Matutino,26,F,81.5,95.0,1,20,Sí,No,No trabaja,0,10.3,Sí,18,83.2,No,3,Bajo,0,0
EST04372,Ingeniería Electromecánica,6,Vespertino,23,F,76.9,91.4,1,18,No,No,No trabaja,0,9.2,Sí,13,72.7,No,3,Bajo,0,1
EST04373,Ingeniería en Sistemas Computacionales,1,Matutino,17,F,82.3,88.7,1,19,No,No,No trabaja,0,11.6,Sí,14,86.3,No,4,Bajo,0,0
EST04374,Ingeniería en Sistemas Computacionales,5,Matutino,24,F,100,69.2,1,18,No,No,No trabaja,0,10.6,Sí,14,81.3,No,2,Bajo,0,0
EST04375,Ingeniería en Gestión Empresarial,3,Matutino,20,M,66.8,80.3,2,35,No,Sí,No trabaja,0,11.7,Sí,5,75.5,No,2,Bajo,0,0
EST04376,Ingeniería Industrial,7,Vespertino,19,F,86.5,82.7,0,34,No,Sí,No trabaja,0,8.0,Sí,4,72.6,No,3,Bajo,0,0
EST04377,Ingeniería Industrial,2,Vespertino,22,F,93.5,77.7,1,33,Sí,No,Medio tiempo,20,11.8,Sí,12,74.4,No,1,Bajo,0,0
EST04378,Ingeniería Mecatrónica,5,Vespertino,19,F,75.0,72.4,4,25,Sí,No,No trabaja,0,8.7,Sí,10,100,Sí,1,Bajo,0,0
EST04379,Ingeniería en Sistemas Computacionales,9,Vespertino,19,F,78.7,81.4,0,21,No,No,Tiempo completo,39,19.4,Sí,5,87.7,No,5,Bajo,0,0
EST04380,Contador Público,2,Vespertino,19,M,74.8,96.6,2,29,Sí,No,Medio tiempo,21,9.0,Sí,4,87.9,No,2,Bajo,0,0
EST04381,Contador Público,1,Matutino,20,M,74.8,81.7,2,26,No,No,Medio tiempo,27,5.8,Sí,13,100,No,2,Bajo,1,0
EST04382,Ingeniería Civil,7,Matutino,24,M,86.3,88.7,2,31,No,Sí,Medio tiempo,15,20.7,Sí,10,59.9,No,4,Medio,0,0
EST04383,Ingeniería en Gestión Empresarial,8,Matutino,19,F,89.1,95.8,4,33,No,Sí,Medio tiempo,19,5.8,Sí,12,65.0,No,4,Bajo,0,0
EST04384,Ingeniería Electromecánica,5,Matutino,19,M,77.1,89.8,0,35,No,No,Medio tiempo,22,7.1,Sí,14,82.9,No,4,Bajo,0,0
EST04385,Ingeniería en Sistemas Computacionales,3,Matutino,20,M,85.8,88.6,1,26,No,Sí,No trabaja,0,9.4,Sí,9,81.0,No,3,Bajo,1,0
EST04386,Licenciatura en Administración,3,Vespertino,21,M,72.0,79.1,0,32,Sí,Sí,Medio tiempo,27,10.1,Sí,11,74.8,Sí,2,Bajo,0,0
EST04387,Contador Público,10,Matutino,24,F,87.3,80.9,3,27,Sí,No,Tiempo completo,37,11.9,Sí,4,52.9,No,5,Medio,0,0
EST04388,Ingeniería en Gestión Empresarial,3,Vespertino,24,M,80.4,86.9,0,27,Sí,No,No trabaja,0,7.4,No,5,64.9,No,1,Bajo,0,0
EST04389,Ingeniería Civil,9,Matutino,24,F,85.2,79.1,2,31,No,Sí,No trabaja,0,8.4,Sí,2,72.8,No,1,Bajo,0,1
EST04390,Ingeniería Civil,7,Matutino,22,M,89.7,83.5,1,20,No,Sí,Medio tiempo,18,5.6,Sí,2,46.5,No,5,Bajo,0,0
EST04391,Ingeniería Civil,6,Vespertino,22,F,85.8,60.2,0,30,No,No,No trabaja,0,14.7,Sí,4,83.6,No,5,Bajo,0,0
EST04392,Licenciatura en Administración,9,Vespertino,25,F,71.9,95.8,1,34,No,Sí,No trabaja,0,14.1,Sí,11,91.6,No,5,Bajo,0,0
EST04393,Ingeniería Civil,5,Vespertino,17,M,85.6,78.8,1,24,No,Sí,No trabaja,0,20.9,Sí,6,60.1,No,5,Medio,0,0
EST04394,Ingeniería Civil,5,Matutino,20,M,82.4,99.4,2,29,No,Sí,Medio tiempo,26,8.4,Sí,17,75.9,No,1,Bajo,0,0
EST04395,Ingeniería Electromecánica,3,Matutino,24,F,58.0,78.8,3,23,No,No,No trabaja,0,17.3,No,10,100,No,1,Alto,1,1
EST04396,Ingeniería Industrial,10,Matutino,24,M,78.3,55.9,1,27,No,No,No trabaja,0,1.5,Sí,8,72.9,No,5,Bajo,0,0
EST04397,Contador Público,9,Vespertino,22,F,70.4,83.7,1,23,No,No,No trabaja,0,6.8,Sí,9,89.5,No,1,Bajo,0,0
EST04398,Ingeniería en Sistemas Computacionales,8,Vespertino,19,M,67.9,82.6,2,33,No,Sí,No trabaja,0,14.1,Sí,11,53.4,No,1,Medio,0,1
EST04399,Ingeniería en Gestión Empresarial,4,Matutino,17,M,75.8,82.8,1,28,No,No,No trabaja,0,0.5,Sí,5,78.4,Sí,3,Bajo,0,0
EST04400,Licenciatura en Administración,5,Matutino,22,F,61.9,73.8,3,19,No,Sí,Medio tiempo,25,10.3,Sí,13,73.5,Sí,1,Medio,1,1
EST04401,Licenciatura en Administración,8,Matutino,25,M,96.0,88.8,0,24,No,Sí,No trabaja,0,12.5,Sí,17,98.5,No,3,Bajo,0,0
EST04402,Ingeniería Civil,6,Matutino,23,M,68.0,86.6,1,20,Sí,No,Medio tiempo,28,14.4,Sí,4,89.5,No,1,Bajo,1,0
EST04403,Ingeniería Industrial,6,Vespertino,21,M,70.7,94.9,0,20,No,No,No trabaja,0,12.3,Sí,4,85.2,No,1,Bajo,0,0
EST04404,Ingeniería Civil,2,Vespertino,21,F,87.9,79.9,1,36,Sí,No,No trabaja,0,2.3,No,8,71.8,No,4,Bajo,0,0
EST04405,Ingeniería Electromecánica,10,Vespertino,19,F,64.5,80.4,3,29,No,Sí,Medio tiempo,15,11.4,Sí,10,93.2,No,1,Medio,0,1
EST04406,Ingeniería en Sistemas Computacionales,5,Matutino,17,M,68.8,91.5,4,21,No,Sí,Medio tiempo,19,0.5,Sí,1,48.6,No,1,Medio,1,1
EST04407,Ingeniería en Gestión Empresarial,9,Matutino,22,F,79.0,78.0,0,34,No,No,No trabaja,0,3.3,Sí,4,88.9,No,4,Bajo,0,0
EST04408,Ingeniería en Sistemas Computacionales,3,Vespertino,20,F,79.8,70.7,0,30,No,No,Tiempo completo,47,6.6,No,13,63.7,No,3,Medio,0,1
EST04409,Contador Público,8,Matutino,23,F,84.1,72.0,2,20,No,Sí,No trabaja,0,8.7,Sí,12,97.4,No,2,Bajo,1,0
EST04410,Ingeniería en Sistemas Computacionales,3,Matutino,21,M,81.6,72.8,0,18,No,No,Tiempo completo,30,8.8,Sí,9,78.4,No,1,Bajo,0,0
EST04411,Contador Público,6,Vespertino,21,F,89.8,73.2,0,27,No,No,Medio tiempo,19,13.2,Sí,4,86.3,No,1,Bajo,0,0
EST04412,Ingeniería Mecatrónica,4,Matutino,22,M,62.8,75.0,1,19,No,Sí,No trabaja,0,3.3,No,14,92.9,No,2,Medio,0,0
EST04413,Ingeniería en Sistemas Computacionales,3,Vespertino,20,M,88.0,90.6,2,24,No,Sí,No trabaja,0,10.9,Sí,11,72.4,No,2,Bajo,0,0
EST04414,Ingeniería Industrial,3,Vespertino,18,F,93.2,98.3,6,21,Sí,No,No trabaja,0,10.8,Sí,19,53.4,No,3,Bajo,0,0
EST04415,Ingeniería Electromecánica,7,Vespertino,23,F,68.6,77.9,2,20,Sí,No,Medio tiempo,12,2.6,No,6,80.0,No,4,Medio,0,0
EST04416,Contador Público,6,Matutino,19,F,82.8,81.6,1,27,Sí,No,No trabaja,0,8.7,Sí,5,72.5,No,3,Bajo,0,0
EST04417,Ingeniería en Gestión Empresarial,5,Matutino,18,M,87.5,89.2,2,25,Sí,Sí,No trabaja,0,6.8,Sí,7,61.3,No,5,Bajo,0,0
EST04418,Ingeniería Mecatrónica,10,Matutino,18,M,75.8,72.9,1,27,No,No,No trabaja,0,4.6,No,11,100,No,4,Bajo,0,1
EST04419,Ingeniería Mecatrónica,7,Matutino,22,M,75.5,77.5,0,22,No,No,Medio tiempo,13,5.7,Sí,5,75.8,No,5,Bajo,0,0
EST04420,Ingeniería Electromecánica,8,Vespertino,20,M,63.5,81.6,2,21,No,Sí,Medio tiempo,16,5.1,Sí,3,66.3,No,5,Medio,0,0
EST04421,Ingeniería Mecatrónica,4,Matutino,17,F,84.2,83.7,2,30,No,No,No trabaja,0,14.7,Sí,5,97.1,No,3,Bajo,0,0
EST04422,Ingeniería Civil,7,Vespertino,25,M,64.3,84.1,1,24,Sí,Sí,Medio tiempo,14,3.4,Sí,9,86.6,No,5,Bajo,0,0
EST04423,Ingeniería Electromecánica,8,Matutino,19,M,67.5,100,1,29,No,Sí,No trabaja,0,6.5,Sí,5,72.7,No,5,Bajo,0,1
EST04424,Ingeniería en Sistemas Computacionales,10,Matutino,18,M,81.7,90.7,1,32,No,Sí,No trabaja,0,13.1,Sí,6,79.5,No,4,Bajo,0,0
EST04425,Contador Público,6,Vespertino,22,F,71.8,78.1,0,18,No,No,Medio tiempo,14,12.5,Sí,12,59.8,No,1,Bajo,1,0
EST04426,Ingeniería Industrial,5,Vespertino,22,M,68.1,71.7,4,18,Sí,No,Tiempo completo,35,11.6,Sí,10,63.1,No,5,Alto,0,0
EST04427,Ingeniería Civil,5,Matutino,20,M,54.1,90.3,1,20,Sí,No,No trabaja,0,9.4,No,1,68.2,No,2,Medio,0,0
EST04428,Ingeniería Electromecánica,1,Vespertino,17,M,77.5,87.6,4,33,Sí,Sí,No trabaja,0,5.1,Sí,8,90.7,No,1,Bajo,0,1
EST04429,Ingeniería Electromecánica,6,Matutino,25,M,82.9,74.3,0,18,No,No,No trabaja,0,1.8,Sí,11,88.5,No,1,Bajo,0,0
EST04430,Ingeniería Electromecánica,8,Matutino,20,F,83.0,79.2,3,20,No,No,No trabaja,0,3.6,Sí,11,83.9,No,4,Medio,0,1
EST04431,Ingeniería Civil,7,Vespertino,23,M,77.8,90.3,0,21,No,No,No trabaja,0,22.6,Sí,7,90.5,No,5,Bajo,0,0
EST04432,Licenciatura en Administración,2,Vespertino,17,F,81.6,84.4,0,25,Sí,Sí,Medio tiempo,14,12.4,Sí,1,87.5,No,1,Bajo,0,1
EST04433,Ingeniería Industrial,2,Matutino,26,M,86.2,81.6,1,25,No,No,No trabaja,0,14.6,Sí,8,45.1,Sí,1,Medio,0,0
EST04434,Ingeniería en Gestión Empresarial,8,Vespertino,18,M,87.9,79.9,2,29,No,No,No trabaja,0,0.5,Sí,7,81.7,No,4,Bajo,0,0
EST04435,Ingeniería Mecatrónica,5,Matutino,19,F,76.2,81.3,1,25,No,No,No trabaja,0,7.1,Sí,5,81.8,No,4,Medio,1,0
EST04436,Ingeniería Mecatrónica,4,Vespertino,17,F,71.7,81.8,2,32,No,Sí,No trabaja,0,13.6,Sí,2,70.6,No,2,Bajo,1,0
EST04437,Contador Público,4,Matutino,18,M,83.9,69.2,0,31,No,No,Tiempo completo,36,9.3,No,10,59.8,No,3,Medio,0,0
EST04438,Contador Público,3,Matutino,20,F,69.5,88.4,2,23,No,No,No trabaja,0,1.5,Sí,5,58.6,No,1,Medio,1,1
EST04439,Ingeniería Civil,3,Matutino,23,F,49.0,77.3,3,31,Sí,Sí,Medio tiempo,24,5.8,Sí,1,69.9,No,5,Alto,0,1
EST04440,Ingeniería Electromecánica,8,Vespertino,24,M,75.0,82.7,1,28,Sí,No,Tiempo completo,38,16.5,Sí,10,70.0,No,4,Medio,0,0
EST04441,Licenciatura en Administración,2,Matutino,20,M,76.2,76.2,1,19,Sí,No,Tiempo completo,31,9.5,Sí,10,98.9,No,5,Bajo,1,0
EST04442,Ingeniería en Sistemas Computacionales,8,Vespertino,22,M,71.4,81.4,1,21,No,Sí,Medio tiempo,23,7.0,No,3,87.6,No,4,Bajo,0,0
EST04443,Licenciatura en Administración,9,Matutino,23,M,91.0,73.5,2,22,No,No,No trabaja,0,2.5,Sí,3,77.0,No,3,Bajo,0,0
EST04444,Ingeniería en Gestión Empresarial,9,Vespertino,24,M,71.6,80.3,3,19,No,No,Tiempo completo,34,1.6,Sí,14,85.2,No,1,Alto,0,0
EST04445,Ingeniería en Gestión Empresarial,9,Vespertino,20,F,99.4,74.0,0,24,Sí,Sí,Medio tiempo,20,8.4,Sí,3,56.9,No,3,Bajo,0,0
EST04446,Ingeniería Mecatrónica,10,Vespertino,24,F,82.2,89.5,0,24,No,No,No trabaja,0,9.6,Sí,17,67.3,No,4,Bajo,0,0
EST04447,Ingeniería en Gestión Empresarial,2,Vespertino,19,F,80.8,81.5,1,25,No,No,No trabaja,0,14.2,Sí,4,60.3,No,5,Bajo,0,1
EST04448,Ingeniería en Sistemas Computacionales,7,Matutino,22,F,91.0,73.6,3,23,No,No,Medio tiempo,17,0.5,No,6,99.6,No,2,Bajo,0,1
EST04449,Ingeniería Civil,7,Matutino,24,M,80.1,68.9,2,34,Sí,No,Medio tiempo,20,12.9,Sí,4,68.6,No,1,Medio,0,0
EST04450,Licenciatura en Administración,8,Matutino,22,M,64.3,100,2,25,No,No,Medio tiempo,14,2.4,No,0,54.9,No,5,Medio,0,1
EST04451,Licenciatura en Administración,8,Vespertino,25,F,65.3,78.8,4,20,No,No,No trabaja,0,1.0,Sí,14,63.5,No,4,Medio,1,1
EST04452,Ingeniería Civil,10,Vespertino,25,F,69.9,89.6,4,26,No,No,No trabaja,0,0.5,Sí,10,89.1,No,4,Medio,0,1
EST04453,Ingeniería Electromecánica,5,Matutino,17,M,65.1,92.8,2,22,No,No,No trabaja,0,6.1,No,9,65.2,No,2,Medio,0,1
EST04454,Ingeniería Mecatrónica,5,Vespertino,23,F,80.6,86.3,0,18,Sí,No,Medio tiempo,13,12.6,Sí,14,77.0,No,3,Bajo,1,0
EST04455,Ingeniería Electromecánica,2,Matutino,23,M,83.6,84.1,1,26,No,No,No trabaja,0,15.3,Sí,5,97.3,No,2,Bajo,0,0
EST04456,Contador Público,7,Vespertino,20,M,88.0,87.9,0,34,Sí,Sí,No trabaja,0,4.6,No,6,63.7,No,4,Bajo,0,0
EST04457,Licenciatura en Administración,9,Matutino,23,M,78.6,88.4,0,22,No,No,No trabaja,0,6.8,Sí,7,74.5,No,5,Bajo,0,0
EST04458,Contador Público,3,Vespertino,17,F,81.4,83.5,1,27,Sí,No,Medio tiempo,20,4.8,Sí,7,82.2,Sí,5,Bajo,0,1
EST04459,Ingeniería Industrial,1,Matutino,21,F,72.9,86.0,0,29,No,Sí,Medio tiempo,13,0.5,Sí,12,68.6,No,1,Bajo,1,0
EST04460,Ingeniería Civil,3,Matutino,20,F,84.4,77.6,0,29,Sí,No,No trabaja,0,16.7,Sí,6,100,No,4,Bajo,0,0
EST04461,Licenciatura en Administración,4,Vespertino,21,F,74.1,86.3,4,22,No,No,No trabaja,0,10.6,Sí,10,67.4,Sí,5,Alto,0,1
EST04462,Ingeniería Mecatrónica,9,Matutino,23,F,71.8,94.8,2,36,No,Sí,Medio tiempo,18,0.5,Sí,3,61.0,No,1,Medio,0,1
EST04463,Licenciatura en Administración,7,Matutino,20,F,79.6,90.5,4,30,Sí,Sí,No trabaja,0,8.6,Sí,10,74.3,No,4,Bajo,0,0
EST04464,Ingeniería Electromecánica,2,Matutino,18,M,85.6,89.5,3,32,No,No,No trabaja,0,6.8,Sí,15,91.0,No,1,Bajo,0,0
EST04465,Ingeniería Industrial,7,Matutino,21,M,70.6,73.5,0,29,Sí,No,Medio tiempo,16,7.9,Sí,7,91.8,No,2,Bajo,0,1
EST04466,Ingeniería en Gestión Empresarial,9,Matutino,25,F,92.7,74.8,3,32,No,Sí,Medio tiempo,19,13.3,Sí,2,64.9,No,4,Bajo,0,0
EST04467,Ingeniería Civil,4,Vespertino,19,F,68.7,88.8,1,33,Sí,No,Medio tiempo,28,11.2,Sí,12,97.2,No,4,Bajo,0,1
EST04468,Ingeniería Civil,8,Vespertino,20,M,80.4,93.8,0,31,No,Sí,Medio tiempo,22,7.4,Sí,18,64.9,Sí,1,Bajo,0,1
EST04469,Contador Público,4,Vespertino,22,F,84.6,90.5,0,28,Sí,No,No trabaja,0,6.7,Sí,9,75.0,No,1,Bajo,0,0
EST04470,Ingeniería Electromecánica,5,Matutino,21,M,79.0,72.3,0,24,Sí,Sí,Tiempo completo,31,5.1,Sí,0,56.5,No,2,Bajo,0,0
EST04471,Ingeniería Electromecánica,9,Matutino,23,F,83.7,92.1,0,35,Sí,No,No trabaja,0,13.0,Sí,13,70.9,No,4,Bajo,0,0
EST04472,Contador Público,8,Vespertino,20,M,63.1,77.4,2,32,No,Sí,Medio tiempo,20,12.9,Sí,10,83.7,No,5,Medio,0,0
EST04473,Ingeniería Civil,3,Vespertino,17,F,64.8,94.9,3,18,No,No,No trabaja,0,6.7,No,11,73.4,No,3,Medio,1,1
EST04474,Contador Público,8,Vespertino,22,M,70.5,83.7,0,29,Sí,No,Medio tiempo,17,15.1,Sí,3,50.0,No,2,Medio,0,1
EST04475,Ingeniería en Sistemas Computacionales,4,Matutino,23,F,76.6,83.3,2,23,Sí,No,No trabaja,0,3.6,No,13,100,No,4,Bajo,0,0
EST04476,Ingeniería en Sistemas Computacionales,4,Vespertino,20,F,83.6,100,0,18,Sí,No,Medio tiempo,11,11.5,Sí,16,92.8,No,5,Bajo,0,0
EST04477,Ingeniería Mecatrónica,6,Matutino,23,F,63.1,49.9,2,26,No,No,Tiempo completo,33,18.3,Sí,11,70.8,No,5,Alto,1,1
EST04478,Ingeniería Electromecánica,3,Vespertino,19,M,95.7,100,3,31,Sí,No,Medio tiempo,17,11.5,Sí,13,74.9,Sí,3,Bajo,0,0
EST04479,Ingeniería Electromecánica,8,Matutino,27,F,100,76.6,1,19,No,No,No trabaja,0,8.4,No,2,77.6,No,4,Bajo,0,0
EST04480,Ingeniería Industrial,6,Matutino,24,M,71.7,92.8,4,18,No,No,Medio tiempo,16,11.4,Sí,9,75.9,No,5,Bajo,0,1
EST04481,Ingeniería Industrial,10,Vespertino,24,F,63.1,82.3,3,33,No,Sí,Medio tiempo,15,6.6,Sí,8,88.8,No,1,Bajo,0,1
EST04482,Ingeniería en Gestión Empresarial,3,Matutino,18,F,71.9,88.2,0,25,No,No,Tiempo completo,31,2.7,Sí,3,56.7,No,2,Medio,0,0
EST04483,Licenciatura en Administración,4,Vespertino,24,F,70.7,89.6,0,32,Sí,No,Medio tiempo,20,2.6,Sí,2,80.4,Sí,1,Bajo,0,0
EST04484,Licenciatura en Administración,6,Vespertino,22,F,85.3,68.2,0,23,No,No,Medio tiempo,26,6.8,Sí,2,80.1,No,5,Bajo,0,1
EST04485,Licenciatura en Administración,7,Matutino,19,M,55.6,83.5,1,21,No,Sí,Medio tiempo,13,14.8,Sí,4,100,No,3,Bajo,0,1
EST04486,Ingeniería Electromecánica,7,Vespertino,21,M,70.4,96.5,1,23,Sí,Sí,Medio tiempo,13,4.4,Sí,4,79.0,No,4,Bajo,0,0
EST04487,Ingeniería Industrial,10,Matutino,24,M,66.8,91.4,2,29,No,Sí,No trabaja,0,14.3,Sí,10,75.2,No,2,Bajo,0,1
EST04488,Ingeniería Electromecánica,7,Vespertino,23,M,57.0,72.7,0,34,Sí,No,Tiempo completo,45,13.7,Sí,14,68.8,No,1,Medio,0,1
EST04489,Ingeniería Industrial,8,Vespertino,25,M,88.3,95.6,1,21,Sí,Sí,No trabaja,0,8.1,Sí,15,88.7,Sí,4,Bajo,0,0
EST04490,Ingeniería en Gestión Empresarial,9,Vespertino,23,F,85.4,90.4,0,29,Sí,Sí,Medio tiempo,23,8.7,Sí,6,58.6,No,4,Bajo,0,0
EST04491,Ingeniería Mecatrónica,10,Matutino,23,M,83.0,66.0,0,20,Sí,Sí,Medio tiempo,26,18.7,Sí,8,91.8,No,5,Bajo,0,0
EST04492,Ingeniería en Sistemas Computacionales,8,Matutino,22,M,74.3,76.2,4,31,Sí,Sí,Medio tiempo,25,8.6,Sí,4,100,No,3,Medio,1,1
EST04493,Ingeniería Electromecánica,4,Matutino,17,M,83.9,81.8,1,35,Sí,No,No trabaja,0,7.2,Sí,4,83.8,No,3,Bajo,0,0
EST04494,Licenciatura en Administración,8,Matutino,24,M,88.8,100,6,20,No,No,Medio tiempo,19,3.5,Sí,11,100,No,2,Bajo,0,0
EST04495,Ingeniería Civil,7,Matutino,23,F,70.1,73.9,4,35,No,Sí,No trabaja,0,13.5,Sí,10,61.2,No,5,Alto,0,1
EST04496,Contador Público,1,Matutino,20,F,67.6,81.1,3,25,No,Sí,Tiempo completo,35,7.9,Sí,5,80.7,No,3,Medio,1,1
EST04497,Ingeniería Electromecánica,2,Vespertino,23,M,63.5,72.8,4,27,Sí,No,Tiempo completo,43,5.0,Sí,0,43.4,No,1,Alto,1,1
EST04498,Ingeniería en Sistemas Computacionales,4,Matutino,21,F,80.0,79.1,2,26,Sí,No,Medio tiempo,11,8.8,Sí,4,73.5,No,3,Bajo,0,1
EST04499,Licenciatura en Administración,10,Matutino,20,F,78.6,66.7,1,18,No,Sí,Medio tiempo,19,9.0,Sí,7,91.9,No,5,Bajo,0,1
EST04500,Contador Público,1,Vespertino,21,M,83.5,85.1,0,32,No,No,No trabaja,0,10.6,Sí,11,100,No,3,Bajo,0,1
EST04501,Ingeniería Civil,8,Vespertino,24,M,79.9,94.1,0,32,No,Sí,Medio tiempo,20,17.3,Sí,1,81.9,No,3,Bajo,0,0
EST04502,Ingeniería Civil,7,Vespertino,20,F,82.2,75.5,4,20,Sí,Sí,No trabaja,0,8.8,Sí,0,68.5,No,4,Medio,0,0
EST04503,Ingeniería en Gestión Empresarial,10,Matutino,25,F,76.0,81.6,3,26,No,No,No trabaja,0,10.0,No,1,41.8,No,5,Alto,0,1
EST04504,Ingeniería Mecatrónica,3,Matutino,20,M,50.8,85.6,1,30,Sí,No,Tiempo completo,48,11.5,Sí,9,65.2,No,4,Medio,0,0
EST04505,Licenciatura en Administración,3,Matutino,18,F,63.8,88.1,2,21,Sí,No,No trabaja,0,6.1,No,12,68.2,Sí,1,Medio,1,0
EST04506,Ingeniería Mecatrónica,2,Matutino,22,M,57.2,87.6,1,33,No,No,No trabaja,0,12.4,Sí,3,100,Sí,1,Bajo,0,1
EST04507,Ingeniería Industrial,7,Vespertino,19,M,81.5,86.7,0,22,No,No,Medio tiempo,24,20.8,Sí,5,80.9,No,2,Bajo,0,0
EST04508,Ingeniería en Sistemas Computacionales,4,Vespertino,17,F,75.4,94.0,0,22,No,Sí,No trabaja,0,12.6,Sí,5,74.9,No,3,Bajo,0,0
EST04509,Ingeniería Mecatrónica,7,Matutino,25,M,87.1,64.3,1,27,No,No,Tiempo completo,30,14.2,Sí,7,85.6,No,3,Bajo,0,1
EST04510,Ingeniería Industrial,4,Vespertino,18,F,74.5,87.0,2,29,Sí,Sí,Tiempo completo,40,10.3,Sí,3,60.3,No,2,Bajo,0,1
EST04511,Ingeniería Electromecánica,8,Vespertino,23,M,77.9,99.4,2,35,No,No,Medio tiempo,19,18.7,Sí,10,90.1,No,2,Bajo,1,0
EST04512,Ingeniería en Sistemas Computacionales,9,Vespertino,19,F,73.4,60.5,0,36,Sí,No,Tiempo completo,38,11.1,Sí,1,76.7,Sí,5,Medio,0,0
EST04513,Ingeniería Civil,1,Vespertino,18,F,77.6,72.6,0,24,Sí,Sí,No trabaja,0,8.7,Sí,11,61.2,No,3,Bajo,0,0
EST04514,Licenciatura en Administración,10,Matutino,23,M,91.0,75.8,0,33,Sí,No,No trabaja,0,6.0,Sí,9,93.9,Sí,3,Bajo,0,0
EST04515,Ingeniería Industrial,5,Matutino,19,M,79.3,76.1,0,32,No,Sí,Medio tiempo,21,2.4,Sí,12,100,No,2,Bajo,0,0
EST04516,Ingeniería en Sistemas Computacionales,5,Vespertino,21,M,76.3,98.3,5,23,No,Sí,Medio tiempo,25,3.6,Sí,14,68.6,No,1,Medio,0,0
EST04517,Ingeniería Electromecánica,4,Matutino,21,M,85.6,80.1,5,24,No,Sí,No trabaja,0,7.0,Sí,10,65.6,Sí,1,Medio,1,0
EST04518,Ingeniería Mecatrónica,2,Matutino,19,F,66.2,88.9,1,19,Sí,No,Tiempo completo,42,7.5,Sí,10,67.9,No,4,Medio,0,1
EST04519,Ingeniería en Gestión Empresarial,5,Vespertino,23,F,73.6,80.1,0,31,No,Sí,Medio tiempo,21,4.5,Sí,11,59.8,No,5,Medio,0,0
EST04520,Ingeniería en Gestión Empresarial,6,Matutino,20,M,90.5,86.9,0,20,No,Sí,No trabaja,0,9.0,Sí,14,85.6,No,4,Bajo,0,0
EST04521,Licenciatura en Administración,2,Matutino,20,M,58.0,59.2,2,33,No,No,Tiempo completo,44,12.6,Sí,9,64.4,No,5,Alto,1,1
EST04522,Ingeniería Civil,7,Vespertino,21,M,58.2,96.0,4,23,No,No,No trabaja,0,9.5,Sí,8,95.5,No,2,Medio,0,0
EST04523,Contador Público,2,Vespertino,24,F,78.5,66.7,1,21,No,No,No trabaja,0,5.3,Sí,6,93.5,No,2,Bajo,0,0
EST04524,Contador Público,1,Matutino,20,F,91.7,75.6,1,25,Sí,Sí,No trabaja,0,0.5,Sí,12,47.6,Sí,2,Bajo,0,0
EST04525,Contador Público,1,Matutino,21,M,89.4,88.5,0,21,Sí,Sí,Medio tiempo,17,10.0,Sí,15,83.1,No,2,Bajo,0,0
EST04526,Ingeniería en Sistemas Computacionales,9,Vespertino,20,M,71.9,64.4,0,34,Sí,Sí,No trabaja,0,4.0,No,7,100,Sí,2,Bajo,0,0
EST04527,Ingeniería Civil,2,Matutino,17,M,70.9,79.1,0,23,No,No,Medio tiempo,17,15.3,Sí,14,76.6,No,4,Medio,0,1
EST04528,Contador Público,4,Vespertino,21,F,74.1,81.1,0,21,Sí,No,Medio tiempo,13,4.4,Sí,1,53.4,No,5,Bajo,0,0
EST04529,Ingeniería Civil,2,Vespertino,21,F,73.2,61.5,0,20,Sí,No,Medio tiempo,16,15.2,Sí,8,72.2,No,2,Medio,0,1
EST04530,Ingeniería en Gestión Empresarial,5,Matutino,23,M,68.4,83.9,2,35,Sí,No,Medio tiempo,19,12.6,Sí,6,86.9,No,2,Medio,0,1
EST04531,Ingeniería Electromecánica,10,Vespertino,22,M,88.7,69.3,0,20,Sí,No,No trabaja,0,11.4,Sí,9,87.3,Sí,4,Bajo,1,0
EST04532,Ingeniería Electromecánica,9,Matutino,23,F,78.4,89.1,1,30,No,Sí,No trabaja,0,11.2,Sí,3,61.0,No,5,Bajo,0,0
EST04533,Ingeniería en Sistemas Computacionales,10,Matutino,23,F,73.7,78.5,0,23,Sí,Sí,Medio tiempo,18,11.7,Sí,7,77.7,No,1,Bajo,0,1
EST04534,Ingeniería Industrial,1,Matutino,22,F,73.1,73.4,2,28,Sí,Sí,No trabaja,0,14.4,Sí,6,81.0,No,1,Bajo,0,0
EST04535,Ingeniería en Gestión Empresarial,2,Matutino,23,M,66.2,76.2,2,31,No,Sí,Medio tiempo,24,8.3,Sí,12,77.5,No,1,Medio,0,1
EST04536,Ingeniería Mecatrónica,3,Matutino,18,F,77.8,67.7,1,33,Sí,No,Medio tiempo,25,10.0,Sí,10,55.6,No,3,Medio,0,1
EST04537,Ingeniería en Gestión Empresarial,9,Vespertino,22,M,87.7,91.5,0,20,Sí,No,No trabaja,0,6.3,Sí,19,99.9,No,3,Bajo,0,0
EST04538,Ingeniería en Gestión Empresarial,9,Matutino,22,M,64.7,77.4,1,27,No,No,No trabaja,0,0.5,Sí,13,66.9,No,1,Medio,0,0
EST04539,Ingeniería Mecatrónica,6,Matutino,21,M,71.6,86.1,1,36,Sí,No,No trabaja,0,9.8,Sí,12,100,No,2,Bajo,0,0
EST04540,Licenciatura en Administración,4,Matutino,20,F,81.4,77.4,1,23,Sí,Sí,No trabaja,0,3.7,Sí,4,67.3,No,1,Bajo,0,0
EST04541,Ingeniería Mecatrónica,10,Vespertino,23,M,72.5,71.5,1,24,Sí,Sí,No trabaja,0,5.7,Sí,0,79.5,No,2,Bajo,0,0
EST04542,Licenciatura en Administración,6,Matutino,19,M,78.9,72.5,3,20,No,Sí,No trabaja,0,13.9,Sí,1,73.2,No,2,Medio,0,0
EST04543,Ingeniería Electromecánica,8,Matutino,17,F,84.0,73.8,1,24,No,Sí,Medio tiempo,21,9.9,Sí,4,66.8,Sí,1,Bajo,0,0
EST04544,Ingeniería Civil,5,Matutino,23,M,62.4,68.9,2,31,Sí,Sí,Medio tiempo,15,4.2,Sí,8,65.8,No,5,Medio,0,1
EST04545,Ingeniería Electromecánica,2,Matutino,18,F,73.7,87.2,1,35,No,No,No trabaja,0,1.9,Sí,7,85.1,No,5,Bajo,1,1
EST04546,Contador Público,4,Vespertino,25,M,68.8,80.7,1,20,No,Sí,No trabaja,0,11.6,Sí,13,67.6,No,2,Bajo,1,0
EST04547,Ingeniería Civil,3,Matutino,23,M,75.2,70.8,0,32,Sí,No,No trabaja,0,3.1,No,12,72.5,No,2,Medio,0,1
EST04548,Ingeniería Civil,8,Matutino,24,F,79.7,73.3,0,29,No,No,Medio tiempo,11,22.9,Sí,5,68.1,No,4,Bajo,0,0
EST04549,Ingeniería Civil,8,Matutino,25,M,66.6,64.2,5,30,No,No,No trabaja,0,15.0,Sí,4,98.1,No,3,Medio,1,1
EST04550,Ingeniería en Gestión Empresarial,6,Vespertino,23,F,64.8,92.7,1,28,Sí,No,Medio tiempo,15,13.8,Sí,4,91.8,No,2,Bajo,0,0
EST04551,Ingeniería Civil,10,Matutino,26,F,69.2,94.1,0,23,No,Sí,Medio tiempo,18,8.8,Sí,0,70.6,No,3,Bajo,0,0
EST04552,Ingeniería en Gestión Empresarial,7,Matutino,24,M,80.1,84.1,1,31,No,No,No trabaja,0,7.6,Sí,12,90.5,No,3,Bajo,0,1
EST04553,Ingeniería Industrial,8,Vespertino,22,F,80.8,88.9,0,22,No,No,Medio tiempo,11,11.4,Sí,7,77.2,Sí,4,Bajo,0,0
EST04554,Ingeniería en Sistemas Computacionales,5,Matutino,22,F,75.4,60.7,1,33,Sí,Sí,No trabaja,0,17.4,Sí,13,73.7,No,3,Medio,0,0
EST04555,Licenciatura en Administración,5,Vespertino,23,M,79.2,82.2,1,29,No,Sí,Medio tiempo,13,14.3,Sí,7,86.6,No,1,Bajo,0,0
EST04556,Ingeniería en Gestión Empresarial,10,Matutino,24,M,71.8,68.1,0,29,No,No,Medio tiempo,22,11.0,Sí,3,65.4,No,3,Bajo,0,0
EST04557,Ingeniería Electromecánica,3,Vespertino,18,F,70.7,78.3,0,27,Sí,Sí,No trabaja,0,4.9,Sí,10,88.8,No,4,Bajo,1,1
EST04558,Ingeniería Industrial,1,Matutino,23,F,75.5,88.2,0,27,Sí,Sí,No trabaja,0,6.3,Sí,2,75.3,No,3,Bajo,0,0
EST04559,Contador Público,6,Matutino,23,M,99.3,84.6,0,36,Sí,No,No trabaja,0,3.9,Sí,4,89.6,No,3,Bajo,0,0
EST04560,Ingeniería Civil,1,Vespertino,21,F,81.7,89.5,0,29,Sí,No,No trabaja,0,8.2,Sí,11,82.7,No,2,Bajo,0,0
EST04561,Ingeniería en Sistemas Computacionales,4,Vespertino,20,F,68.0,65.9,5,31,No,Sí,Tiempo completo,40,15.8,No,6,87.7,No,5,Alto,1,1
EST04562,Ingeniería Electromecánica,10,Matutino,23,F,74.2,72.1,0,33,No,Sí,Tiempo completo,41,4.6,Sí,9,72.0,No,1,Medio,1,1
EST04563,Ingeniería Industrial,7,Matutino,21,F,59.9,82.1,2,18,No,Sí,No trabaja,0,10.9,Sí,7,83.0,No,5,Bajo,0,0
EST04564,Ingeniería Industrial,3,Matutino,20,M,63.8,75.6,1,20,No,Sí,Tiempo completo,44,14.9,Sí,14,87.7,No,4,Medio,0,1
EST04565,Ingeniería Electromecánica,4,Matutino,20,M,67.3,93.7,4,34,No,No,Medio tiempo,14,9.7,Sí,7,79.4,No,3,Medio,1,0
EST04566,Licenciatura en Administración,2,Vespertino,17,M,75.7,78.2,0,23,No,No,Tiempo completo,45,11.3,Sí,5,79.8,No,2,Bajo,1,0
EST04567,Ingeniería Industrial,2,Vespertino,17,F,68.8,95.2,2,29,No,Sí,No trabaja,0,1.9,Sí,8,51.8,No,5,Bajo,0,0
EST04568,Ingeniería Industrial,7,Vespertino,22,F,78.9,80.4,1,22,Sí,No,No trabaja,0,1.0,Sí,12,80.2,No,1,Bajo,0,0
EST04569,Ingeniería en Sistemas Computacionales,6,Vespertino,22,M,78.7,75.3,1,18,No,No,Medio tiempo,13,7.9,Sí,1,43.8,No,5,Bajo,0,1
EST04570,Ingeniería Electromecánica,7,Vespertino,22,F,80.0,69.8,4,21,No,No,Medio tiempo,22,8.6,Sí,5,66.7,Sí,2,Alto,1,1
EST04571,Ingeniería Industrial,8,Vespertino,24,M,59.5,79.4,7,19,No,No,Tiempo completo,38,13.0,Sí,4,77.4,No,3,Alto,1,1
EST04572,Ingeniería Electromecánica,5,Vespertino,17,M,82.1,63.2,3,20,No,No,Medio tiempo,23,13.1,No,13,61.2,No,3,Alto,1,1
EST04573,Licenciatura en Administración,3,Matutino,17,M,56.1,88.2,3,20,No,No,Medio tiempo,16,10.1,Sí,5,78.3,Sí,1,Alto,0,1
EST04574,Ingeniería Industrial,8,Vespertino,21,M,55.2,99.8,2,35,Sí,No,Medio tiempo,16,3.8,Sí,6,71.9,Sí,1,Medio,0,1
EST04575,Ingeniería Industrial,3,Matutino,21,F,79.5,71.8,0,19,No,Sí,Medio tiempo,25,14.0,No,11,91.0,No,5,Bajo,0,1
EST04576,Ingeniería Civil,4,Matutino,20,F,86.0,82.4,1,34,Sí,No,No trabaja,0,17.1,Sí,2,75.2,No,2,Bajo,0,0
EST04577,Ingeniería Electromecánica,5,Vespertino,21,M,82.3,80.9,0,34,No,No,Medio tiempo,15,16.2,Sí,12,78.5,No,4,Bajo,0,0
EST04578,Ingeniería Civil,5,Matutino,26,F,79.9,96.2,2,30,Sí,No,Medio tiempo,16,8.7,Sí,0,67.5,No,1,Bajo,0,0
EST04579,Ingeniería Civil,2,Vespertino,23,F,73.1,87.0,0,32,Sí,No,Medio tiempo,25,0.8,Sí,14,67.1,No,3,Bajo,0,1
EST04580,Ingeniería Electromecánica,8,Matutino,20,F,86.2,83.0,0,22,Sí,No,Medio tiempo,14,7.1,No,2,60.2,No,2,Bajo,0,0
EST04581,Contador Público,1,Matutino,19,F,72.2,78.4,2,28,No,Sí,Medio tiempo,21,12.4,Sí,9,57.3,No,2,Medio,1,0
EST04582,Licenciatura en Administración,10,Vespertino,22,M,61.6,79.0,1,19,Sí,No,Medio tiempo,11,0.5,No,7,83.2,No,2,Medio,1,0
EST04583,Ingeniería en Gestión Empresarial,7,Vespertino,25,M,71.4,82.8,0,29,No,Sí,No trabaja,0,4.9,Sí,3,78.3,No,3,Bajo,0,1
EST04584,Contador Público,7,Matutino,19,F,87.6,74.9,5,27,No,Sí,No trabaja,0,16.5,Sí,10,76.6,No,1,Alto,1,1
EST04585,Ingeniería Mecatrónica,4,Vespertino,22,M,65.0,76.4,5,29,Sí,No,Tiempo completo,42,3.3,Sí,12,78.6,Sí,5,Alto,1,0
EST04586,Ingeniería Civil,3,Vespertino,23,F,68.8,86.7,4,30,Sí,No,No trabaja,0,6.6,Sí,13,60.2,No,1,Medio,0,1
EST04587,Ingeniería Mecatrónica,5,Vespertino,22,M,87.3,84.6,4,24,Sí,No,No trabaja,0,7.4,Sí,7,93.4,No,2,Bajo,0,0
EST04588,Ingeniería Electromecánica,10,Matutino,26,M,84.5,97.7,0,25,Sí,No,Medio tiempo,18,6.1,Sí,6,62.2,No,5,Bajo,0,0
EST04589,Licenciatura en Administración,8,Matutino,22,F,67.3,80.2,3,22,Sí,Sí,No trabaja,0,1.9,Sí,0,78.4,No,3,Bajo,0,0
EST04590,Contador Público,9,Vespertino,21,F,74.7,48.6,0,27,Sí,No,No trabaja,0,1.9,Sí,14,85.9,No,1,Bajo,0,0
EST04591,Ingeniería en Sistemas Computacionales,3,Matutino,18,M,83.3,81.8,1,34,Sí,Sí,No trabaja,0,3.7,Sí,9,86.8,Sí,1,Bajo,0,0
EST04592,Ingeniería Mecatrónica,1,Matutino,21,F,78.6,100,1,19,No,No,No trabaja,0,6.5,Sí,11,66.9,Sí,3,Bajo,0,0
EST04593,Ingeniería en Gestión Empresarial,7,Vespertino,24,F,75.0,87.5,0,20,No,No,Medio tiempo,13,9.3,Sí,14,74.7,No,2,Medio,0,1
EST04594,Ingeniería en Sistemas Computacionales,2,Matutino,23,F,74.9,65.3,2,31,No,No,Tiempo completo,43,11.0,Sí,1,50.0,No,1,Alto,0,1
EST04595,Ingeniería Civil,10,Vespertino,23,F,66.4,83.5,1,31,No,No,No trabaja,0,9.8,Sí,4,42.3,No,1,Medio,0,1
EST04596,Ingeniería en Sistemas Computacionales,3,Vespertino,21,M,62.4,91.4,0,26,Sí,Sí,No trabaja,0,4.7,Sí,6,70.7,No,3,Bajo,0,0
EST04597,Ingeniería Industrial,1,Vespertino,18,M,70.4,65.8,4,20,No,No,Medio tiempo,18,9.5,Sí,3,58.5,No,3,Alto,0,1
EST04598,Ingeniería Industrial,1,Vespertino,19,F,93.5,87.2,5,20,Sí,No,No trabaja,0,11.4,Sí,4,62.9,No,2,Bajo,1,1
EST04599,Ingeniería Civil,8,Matutino,21,F,83.6,80.7,0,29,No,Sí,Medio tiempo,15,6.2,Sí,13,69.1,Sí,4,Bajo,0,0
EST04600,Contador Público,8,Matutino,20,M,68.6,68.5,4,22,Sí,Sí,Medio tiempo,22,9.3,Sí,1,68.1,No,3,Alto,0,1
EST04601,Ingeniería en Sistemas Computacionales,6,Matutino,21,F,73.5,100,1,29,No,Sí,No trabaja,0,12.4,Sí,8,87.5,No,5,Bajo,0,0
EST04602,Ingeniería en Sistemas Computacionales,8,Vespertino,20,F,84.3,95.3,0,24,No,No,Medio tiempo,13,13.2,Sí,7,100,No,2,Bajo,0,0
EST04603,Ingeniería Electromecánica,6,Vespertino,21,F,80.2,77.8,0,33,Sí,Sí,Tiempo completo,43,9.6,No,0,54.6,No,5,Medio,1,1
EST04604,Ingeniería Electromecánica,10,Vespertino,24,F,78.3,77.8,1,28,Sí,No,No trabaja,0,0.5,Sí,10,75.1,Sí,4,Bajo,0,1
EST04605,Ingeniería Mecatrónica,9,Vespertino,24,F,79.4,62.5,0,29,Sí,Sí,Tiempo completo,43,0.5,Sí,13,82.1,No,5,Bajo,0,0
EST04606,Ingeniería Industrial,7,Vespertino,20,F,81.8,100,2,18,No,No,No trabaja,0,0.5,Sí,8,93.8,No,3,Bajo,0,0
EST04607,Contador Público,6,Vespertino,19,M,73.4,93.8,1,18,Sí,No,No trabaja,0,7.1,Sí,5,79.6,No,3,Bajo,0,0
EST04608,Ingeniería Electromecánica,5,Vespertino,22,M,73.5,84.4,1,20,No,Sí,Medio tiempo,21,2.2,Sí,14,99.2,No,1,Bajo,0,0
EST04609,Contador Público,1,Vespertino,22,M,82.9,79.6,0,20,Sí,Sí,No trabaja,0,7.8,Sí,9,99.5,Sí,3,Bajo,0,0
EST04610,Ingeniería Industrial,2,Matutino,21,F,88.9,82.8,3,19,No,Sí,Medio tiempo,23,11.4,Sí,14,85.7,Sí,3,Bajo,1,0
EST04611,Ingeniería Mecatrónica,5,Vespertino,23,F,84.2,92.1,1,33,No,No,No trabaja,0,0.5,Sí,16,97.9,No,4,Bajo,0,0
EST04612,Ingeniería Civil,3,Vespertino,22,M,68.7,86.3,4,36,Sí,No,Medio tiempo,13,6.8,Sí,12,84.6,No,1,Alto,1,1
EST04613,Ingeniería en Gestión Empresarial,7,Matutino,20,M,61.4,85.4,4,32,No,Sí,No trabaja,0,10.4,No,3,80.6,No,1,Medio,0,0
EST04614,Ingeniería en Sistemas Computacionales,10,Vespertino,28,M,75.8,81.5,1,20,No,Sí,Medio tiempo,10,13.5,Sí,9,84.1,No,5,Bajo,0,0
EST04615,Ingeniería Electromecánica,6,Matutino,21,M,82.3,84.6,0,27,Sí,No,No trabaja,0,14.2,Sí,10,79.3,Sí,1,Bajo,0,0
EST04616,Ingeniería en Gestión Empresarial,2,Matutino,21,F,64.9,92.5,1,24,Sí,No,No trabaja,0,1.1,Sí,14,100,Sí,2,Bajo,0,0
EST04617,Ingeniería Mecatrónica,8,Matutino,22,M,66.0,76.5,3,27,No,No,No trabaja,0,0.5,Sí,1,67.4,No,1,Medio,0,0
EST04618,Ingeniería Industrial,5,Vespertino,18,M,80.2,68.6,1,33,Sí,Sí,Medio tiempo,24,18.9,Sí,9,88.2,Sí,1,Bajo,0,0
EST04619,Contador Público,4,Matutino,24,M,83.8,70.1,1,27,No,No,Medio tiempo,10,15.1,No,13,92.6,No,2,Bajo,0,0
EST04620,Contador Público,5,Vespertino,22,M,56.4,83.9,0,32,No,No,Tiempo completo,46,2.1,Sí,4,67.9,Sí,2,Medio,0,1
EST04621,Contador Público,8,Vespertino,23,M,77.1,97.0,0,26,No,No,Medio tiempo,22,1.6,Sí,1,71.0,No,1,Bajo,0,0
EST04622,Licenciatura en Administración,8,Matutino,26,F,72.0,96.4,4,30,No,Sí,No trabaja,0,3.0,Sí,1,72.0,Sí,1,Bajo,0,0
EST04623,Ingeniería en Gestión Empresarial,8,Matutino,22,M,81.9,84.2,1,27,No,Sí,Medio tiempo,23,9.0,Sí,9,81.1,No,2,Bajo,0,0
EST04624,Ingeniería en Sistemas Computacionales,6,Matutino,22,M,73.6,81.1,0,22,No,No,No trabaja,0,0.5,Sí,13,67.3,No,4,Bajo,0,0
EST04625,Ingeniería en Sistemas Computacionales,4,Vespertino,19,F,72.5,87.4,1,30,No,No,Medio tiempo,26,15.1,Sí,12,98.8,No,5,Bajo,0,0
EST04626,Ingeniería Civil,6,Vespertino,21,F,66.5,87.4,1,36,Sí,No,No trabaja,0,13.7,Sí,9,83.7,Sí,3,Bajo,0,1
EST04627,Licenciatura en Administración,6,Matutino,25,F,61.3,81.1,2,23,No,No,Medio tiempo,11,10.1,No,12,81.3,No,5,Medio,0,0
EST04628,Ingeniería Electromecánica,8,Vespertino,21,M,55.0,62.0,0,36,No,Sí,Medio tiempo,19,1.4,Sí,1,78.3,No,4,Medio,0,1
EST04629,Ingeniería Electromecánica,6,Matutino,21,F,100,57.8,0,23,No,Sí,Tiempo completo,41,8.0,No,12,60.6,No,5,Medio,0,1
EST04630,Ingeniería en Sistemas Computacionales,5,Vespertino,23,M,66.5,98.6,2,35,No,No,Medio tiempo,15,10.0,Sí,2,73.8,No,5,Medio,1,1
EST04631,Contador Público,10,Vespertino,27,M,83.3,95.2,4,18,No,No,No trabaja,0,11.9,Sí,10,55.5,No,3,Bajo,0,1
EST04632,Licenciatura en Administración,4,Vespertino,18,F,70.5,83.4,2,20,No,No,No trabaja,0,0.6,No,12,88.8,No,2,Bajo,0,0
EST04633,Ingeniería en Gestión Empresarial,1,Matutino,18,M,73.1,77.1,0,21,Sí,Sí,Medio tiempo,27,1.7,No,1,68.4,No,4,Medio,1,1
EST04634,Ingeniería en Sistemas Computacionales,6,Vespertino,19,M,82.7,89.0,1,29,Sí,No,Medio tiempo,23,5.8,Sí,6,96.1,No,1,Bajo,0,0
EST04635,Ingeniería Civil,4,Vespertino,17,F,76.3,80.8,1,31,Sí,No,No trabaja,0,3.1,Sí,6,99.7,No,1,Bajo,0,0
EST04636,Ingeniería Industrial,1,Vespertino,22,M,76.6,96.0,1,22,No,Sí,Medio tiempo,22,8.6,Sí,8,70.4,No,4,Bajo,0,0
EST04637,Licenciatura en Administración,9,Matutino,23,F,60.9,89.5,4,35,Sí,No,Medio tiempo,11,14.6,Sí,8,97.3,No,4,Medio,0,1
EST04638,Ingeniería Industrial,7,Vespertino,25,M,67.6,92.1,1,32,No,Sí,No trabaja,0,1.1,Sí,12,50.9,No,5,Medio,0,1
EST04639,Ingeniería en Gestión Empresarial,2,Matutino,21,M,75.5,92.9,1,28,No,No,No trabaja,0,14.4,Sí,9,96.9,Sí,4,Bajo,0,0
EST04640,Ingeniería Mecatrónica,5,Matutino,20,F,76.9,90.1,1,27,No,No,Medio tiempo,22,10.9,Sí,2,59.7,No,2,Bajo,0,0
EST04641,Ingeniería Civil,9,Vespertino,21,M,79.2,74.7,0,18,No,Sí,No trabaja,0,9.1,Sí,1,77.5,No,4,Bajo,0,0
EST04642,Ingeniería Electromecánica,2,Matutino,18,M,88.6,92.3,2,34,Sí,No,Medio tiempo,16,0.5,Sí,11,87.2,No,4,Bajo,0,0
EST04643,Ingeniería Industrial,3,Matutino,21,F,86.5,94.5,0,29,Sí,No,Medio tiempo,24,2.8,Sí,9,79.4,No,4,Bajo,0,0
EST04644,Ingeniería Industrial,4,Matutino,22,F,70.3,67.2,0,21,No,No,No trabaja,0,10.6,Sí,0,72.6,No,2,Medio,1,1
EST04645,Ingeniería Mecatrónica,5,Vespertino,17,F,68.2,82.6,2,22,No,No,No trabaja,0,12.2,Sí,4,64.4,No,1,Bajo,0,1
EST04646,Ingeniería Industrial,2,Matutino,20,F,86.9,76.5,1,31,No,Sí,Tiempo completo,38,8.9,Sí,7,78.4,Sí,3,Medio,0,0
EST04647,Ingeniería Industrial,5,Matutino,21,M,73.7,80.9,0,28,Sí,No,No trabaja,0,2.4,Sí,2,54.9,No,1,Bajo,0,0
EST04648,Contador Público,10,Matutino,26,F,90.0,86.6,0,26,Sí,No,Medio tiempo,25,0.5,Sí,14,91.1,No,2,Bajo,0,0
EST04649,Contador Público,1,Vespertino,20,M,70.4,74.0,0,29,No,No,No trabaja,0,12.5,Sí,10,50.8,Sí,1,Alto,1,0
EST04650,Ingeniería Civil,1,Vespertino,22,F,63.1,86.8,4,19,No,No,Medio tiempo,25,12.4,No,12,100,No,4,Medio,0,1
EST04651,Ingeniería Mecatrónica,10,Matutino,22,F,78.9,91.7,0,33,No,No,No trabaja,0,3.4,Sí,5,87.1,No,3,Bajo,0,0
EST04652,Ingeniería Electromecánica,5,Vespertino,24,F,86.0,98.6,1,31,No,No,No trabaja,0,6.8,Sí,19,81.1,No,4,Bajo,0,0
EST04653,Ingeniería Electromecánica,1,Matutino,24,M,64.2,78.8,1,21,No,No,Tiempo completo,41,12.4,No,12,100,Sí,1,Medio,1,1
EST04654,Ingeniería Civil,3,Matutino,22,F,66.2,87.4,1,36,Sí,No,No trabaja,0,9.0,Sí,12,72.8,No,1,Bajo,1,0
EST04655,Ingeniería Mecatrónica,1,Matutino,17,M,81.7,94.2,2,31,No,No,No trabaja,0,12.7,No,15,60.9,No,3,Medio,0,1
EST04656,Ingeniería Mecatrónica,4,Matutino,20,M,84.2,89.0,1,33,No,Sí,No trabaja,0,2.8,Sí,7,78.9,No,4,Bajo,0,0
EST04657,Contador Público,10,Vespertino,22,M,51.0,81.2,6,18,No,Sí,No trabaja,0,15.0,Sí,4,86.6,Sí,2,Alto,0,1
EST04658,Ingeniería en Sistemas Computacionales,1,Vespertino,25,F,79.9,73.0,4,22,No,No,No trabaja,0,15.4,Sí,14,62.0,No,3,Medio,0,1
EST04659,Ingeniería en Sistemas Computacionales,2,Matutino,22,M,58.9,70.2,1,34,No,No,Medio tiempo,19,5.6,Sí,13,63.5,No,2,Alto,1,1
EST04660,Ingeniería en Gestión Empresarial,8,Matutino,23,F,89.1,77.8,0,33,Sí,Sí,Medio tiempo,16,14.4,Sí,3,62.4,No,4,Bajo,0,0
EST04661,Ingeniería en Sistemas Computacionales,6,Vespertino,22,F,95.4,55.3,3,27,No,No,Tiempo completo,45,0.5,Sí,7,77.9,No,4,Medio,1,0
EST04662,Contador Público,1,Matutino,22,M,85.4,69.8,0,24,Sí,Sí,Tiempo completo,32,5.9,Sí,6,67.4,No,3,Bajo,0,0
EST04663,Ingeniería Civil,5,Matutino,20,F,94.4,77.5,4,31,No,No,No trabaja,0,10.0,Sí,2,60.8,Sí,2,Medio,0,1
EST04664,Contador Público,3,Vespertino,21,F,74.9,81.5,1,22,Sí,No,No trabaja,0,6.5,Sí,9,63.4,Sí,3,Bajo,0,0
EST04665,Ingeniería Industrial,3,Matutino,20,F,66.6,76.7,2,26,No,No,No trabaja,0,0.5,Sí,6,54.0,Sí,1,Alto,1,1
EST04666,Ingeniería en Sistemas Computacionales,5,Vespertino,23,F,64.2,88.5,1,34,No,No,No trabaja,0,4.1,Sí,10,88.8,Sí,4,Medio,0,1
EST04667,Contador Público,7,Vespertino,25,M,72.6,68.5,0,19,No,No,Tiempo completo,33,9.2,Sí,4,66.5,No,4,Medio,1,0
EST04668,Contador Público,8,Matutino,22,M,74.4,85.3,5,22,No,No,No trabaja,0,18.9,Sí,1,60.4,No,3,Medio,0,0
EST04669,Licenciatura en Administración,4,Vespertino,23,F,90.8,85.5,2,19,Sí,No,No trabaja,0,8.8,Sí,6,92.9,No,1,Bajo,0,0
EST04670,Licenciatura en Administración,10,Vespertino,27,M,71.1,94.7,4,18,No,No,Medio tiempo,16,5.8,Sí,13,79.0,No,1,Bajo,0,0
EST04671,Ingeniería en Sistemas Computacionales,1,Matutino,22,M,76.9,88.3,1,32,No,Sí,No trabaja,0,5.3,Sí,5,83.3,Sí,1,Bajo,0,1
EST04672,Ingeniería Civil,5,Vespertino,21,M,91.4,87.8,0,21,Sí,No,No trabaja,0,4.3,Sí,6,81.7,No,2,Bajo,0,0
EST04673,Ingeniería en Sistemas Computacionales,6,Vespertino,23,F,62.8,82.9,1,26,Sí,No,Medio tiempo,28,12.3,Sí,12,95.1,No,1,Bajo,1,0
EST04674,Licenciatura en Administración,1,Vespertino,20,M,81.3,96.7,2,25,No,No,No trabaja,0,7.4,Sí,2,61.5,No,2,Bajo,1,1
EST04675,Licenciatura en Administración,8,Matutino,22,M,66.4,93.9,1,28,Sí,No,No trabaja,0,1.7,No,0,78.5,Sí,4,Medio,1,0
EST04676,Contador Público,7,Matutino,22,F,87.4,73.4,2,23,No,No,Medio tiempo,16,4.5,Sí,3,60.4,No,4,Medio,1,1
EST04677,Ingeniería Mecatrónica,9,Matutino,20,M,75.8,79.1,1,26,No,No,Medio tiempo,16,7.9,Sí,0,84.1,Sí,1,Medio,0,0
EST04678,Licenciatura en Administración,3,Vespertino,18,M,73.5,100,2,28,No,No,Medio tiempo,26,14.1,Sí,6,79.0,No,2,Bajo,0,0
EST04679,Ingeniería Industrial,8,Vespertino,22,F,74.1,69.4,2,25,Sí,Sí,No trabaja,0,6.5,Sí,0,72.3,No,5,Medio,0,1
EST04680,Ingeniería en Gestión Empresarial,7,Vespertino,26,F,75.6,94.3,4,19,No,No,No trabaja,0,3.6,Sí,12,91.7,No,1,Bajo,0,0
EST04681,Licenciatura en Administración,7,Vespertino,25,M,73.4,75.0,0,32,No,No,Medio tiempo,27,6.5,Sí,0,42.1,No,5,Medio,0,0
EST04682,Contador Público,7,Matutino,23,M,75.0,72.0,0,19,No,No,Tiempo completo,38,2.9,No,11,90.4,No,3,Bajo,0,0
EST04683,Ingeniería Civil,6,Matutino,20,M,77.8,69.4,0,35,No,No,Medio tiempo,18,0.5,Sí,9,85.4,No,2,Bajo,0,0
EST04684,Ingeniería Civil,5,Vespertino,25,F,75.3,71.1,0,32,Sí,No,No trabaja,0,13.3,Sí,2,66.6,No,5,Medio,0,0
EST04685,Ingeniería Civil,2,Matutino,21,F,72.5,100,0,29,Sí,No,No trabaja,0,4.3,Sí,4,85.2,Sí,3,Bajo,0,0
EST04686,Licenciatura en Administración,1,Vespertino,20,M,82.6,70.2,0,35,No,No,Medio tiempo,18,0.5,Sí,6,97.8,No,3,Bajo,1,0
EST04687,Ingeniería Industrial,4,Matutino,17,F,90.4,89.3,0,28,Sí,Sí,No trabaja,0,11.0,Sí,13,100,No,3,Bajo,0,0
EST04688,Ingeniería Mecatrónica,5,Vespertino,20,F,77.2,94.1,0,35,No,No,Medio tiempo,14,6.7,Sí,11,58.0,No,4,Bajo,0,1
EST04689,Ingeniería Electromecánica,2,Vespertino,22,M,71.6,89.9,0,23,No,Sí,Medio tiempo,28,10.5,Sí,0,93.4,No,5,Bajo,0,0
EST04690,Licenciatura en Administración,4,Vespertino,24,M,80.5,79.7,2,26,No,Sí,Medio tiempo,25,10.9,Sí,5,78.1,Sí,3,Bajo,0,0
EST04691,Ingeniería Mecatrónica,3,Matutino,20,M,78.0,80.1,2,28,No,Sí,No trabaja,0,7.0,Sí,10,91.6,No,4,Bajo,0,0
EST04692,Contador Público,5,Vespertino,17,F,74.1,92.9,0,22,Sí,No,Medio tiempo,24,6.8,No,11,81.5,No,5,Bajo,1,0
EST04693,Contador Público,5,Matutino,22,F,74.2,82.5,1,32,Sí,No,Medio tiempo,22,24.3,Sí,14,93.6,No,3,Bajo,0,0
EST04694,Licenciatura en Administración,5,Matutino,22,F,77.6,88.8,3,29,Sí,No,No trabaja,0,13.5,Sí,7,90.1,No,4,Bajo,1,1
EST04695,Ingeniería Electromecánica,1,Matutino,19,M,67.7,80.8,0,26,Sí,No,No trabaja,0,12.6,Sí,1,89.2,No,3,Bajo,0,0
EST04696,Ingeniería Industrial,6,Matutino,17,F,66.0,86.2,2,26,Sí,Sí,Tiempo completo,43,9.2,No,1,69.4,No,1,Medio,1,0
EST04697,Ingeniería Industrial,7,Vespertino,22,F,68.0,62.4,1,30,No,No,No trabaja,0,7.2,Sí,13,90.9,Sí,5,Medio,0,1
EST04698,Ingeniería en Gestión Empresarial,1,Matutino,23,M,77.6,89.7,0,24,No,No,No trabaja,0,3.7,Sí,9,100,No,4,Bajo,0,0
EST04699,Ingeniería en Gestión Empresarial,2,Vespertino,21,M,65.4,72.8,6,34,Sí,No,No trabaja,0,8.4,Sí,4,62.3,No,4,Alto,1,1
EST04700,Ingeniería en Sistemas Computacionales,4,Vespertino,23,F,69.8,90.5,4,18,Sí,Sí,No trabaja,0,8.8,Sí,4,100,No,1,Bajo,0,0
EST04701,Ingeniería Mecatrónica,1,Matutino,17,M,80.9,85.1,1,30,No,No,Medio tiempo,19,12.6,Sí,11,71.0,No,5,Bajo,0,0
EST04702,Ingeniería Industrial,5,Matutino,22,M,60.1,79.5,0,25,No,No,No trabaja,0,0.5,Sí,1,62.7,No,2,Medio,0,1
EST04703,Licenciatura en Administración,10,Vespertino,27,F,78.8,64.3,6,32,No,No,Tiempo completo,36,12.0,Sí,7,81.4,Sí,2,Alto,0,0
EST04704,Ingeniería en Gestión Empresarial,10,Vespertino,23,F,61.3,75.5,2,30,Sí,No,No trabaja,0,13.1,Sí,2,74.1,No,1,Alto,0,1
EST04705,Ingeniería Industrial,2,Vespertino,21,F,85.6,100,0,31,Sí,Sí,Tiempo completo,34,4.0,Sí,7,73.6,No,5,Bajo,0,0
EST04706,Ingeniería Civil,4,Matutino,22,F,75.9,83.3,6,32,No,No,Medio tiempo,11,11.2,Sí,3,49.8,No,3,Alto,0,0
EST04707,Contador Público,2,Vespertino,22,M,73.4,70.1,1,20,No,No,No trabaja,0,12.1,Sí,9,93.5,No,4,Bajo,0,0
EST04708,Licenciatura en Administración,1,Matutino,21,F,87.0,75.3,1,29,No,No,No trabaja,0,8.6,Sí,6,88.6,Sí,3,Medio,0,1
EST04709,Ingeniería en Sistemas Computacionales,10,Vespertino,20,M,79.8,96.8,1,32,No,No,Medio tiempo,28,8.6,Sí,5,86.6,No,4,Bajo,0,0
EST04710,Ingeniería Industrial,2,Vespertino,17,M,73.6,72.7,0,22,No,No,No trabaja,0,20.6,Sí,4,79.0,No,2,Bajo,0,0
EST04711,Licenciatura en Administración,7,Matutino,20,M,84.1,72.0,2,21,Sí,Sí,No trabaja,0,8.5,Sí,2,74.1,No,4,Bajo,0,0
EST04712,Licenciatura en Administración,4,Matutino,20,M,87.2,77.7,0,33,No,No,No trabaja,0,0.5,Sí,14,81.8,Sí,5,Bajo,0,0
EST04713,Licenciatura en Administración,5,Vespertino,24,F,88.6,96.1,1,19,No,No,No trabaja,0,11.9,Sí,13,100,No,2,Bajo,0,1
EST04714,Ingeniería en Gestión Empresarial,2,Matutino,20,F,81.3,98.5,0,36,No,Sí,No trabaja,0,11.2,Sí,9,82.9,No,5,Bajo,0,0
EST04715,Ingeniería Mecatrónica,1,Vespertino,20,M,90.9,87.6,0,22,No,No,Medio tiempo,10,13.1,Sí,10,80.1,Sí,5,Bajo,0,0
EST04716,Ingeniería Mecatrónica,5,Vespertino,20,F,70.9,98.7,0,26,Sí,No,No trabaja,0,7.0,No,4,91.1,No,3,Bajo,0,0
EST04717,Ingeniería Civil,8,Vespertino,21,F,76.3,77.6,2,29,No,No,Medio tiempo,15,4.2,Sí,8,85.1,No,2,Bajo,0,0
EST04718,Ingeniería en Gestión Empresarial,10,Matutino,20,F,80.7,80.4,2,31,No,No,No trabaja,0,9.7,Sí,11,90.2,Sí,5,Medio,1,0
EST04719,Ingeniería Electromecánica,6,Vespertino,20,M,89.0,57.8,0,26,No,No,Medio tiempo,24,14.6,Sí,2,58.8,No,1,Medio,1,1
EST04720,Licenciatura en Administración,2,Matutino,19,M,81.4,83.4,2,28,Sí,No,Medio tiempo,12,0.5,Sí,3,52.3,No,4,Medio,0,1
EST04721,Ingeniería en Sistemas Computacionales,8,Matutino,26,F,86.9,69.9,0,36,No,Sí,Medio tiempo,21,7.4,No,3,57.9,Sí,1,Bajo,1,1
EST04722,Ingeniería en Gestión Empresarial,8,Vespertino,24,M,78.5,89.0,1,19,Sí,Sí,No trabaja,0,4.6,Sí,8,81.5,Sí,2,Bajo,0,1
EST04723,Ingeniería Industrial,2,Matutino,21,F,74.1,90.8,0,32,No,No,No trabaja,0,13.2,Sí,14,88.8,No,1,Bajo,0,0
EST04724,Contador Público,1,Matutino,17,F,77.1,74.3,1,33,No,Sí,Tiempo completo,46,16.2,Sí,6,63.6,No,3,Medio,0,0
EST04725,Ingeniería en Sistemas Computacionales,4,Matutino,23,F,79.1,73.1,1,33,No,No,Medio tiempo,20,14.9,Sí,9,73.9,No,2,Medio,0,0
EST04726,Ingeniería en Sistemas Computacionales,4,Vespertino,21,M,87.4,73.5,5,21,Sí,Sí,Tiempo completo,35,10.5,Sí,8,98.1,Sí,4,Medio,0,0
EST04727,Ingeniería Industrial,3,Vespertino,20,M,84.4,83.0,5,20,No,Sí,No trabaja,0,4.9,Sí,12,99.2,No,2,Bajo,0,0
EST04728,Ingeniería Mecatrónica,5,Vespertino,21,F,73.6,78.6,1,22,No,Sí,No trabaja,0,13.2,Sí,9,79.3,No,2,Bajo,0,1
EST04729,Ingeniería Industrial,8,Vespertino,26,F,73.8,77.3,0,29,Sí,No,No trabaja,0,12.9,Sí,5,63.4,No,3,Bajo,0,1
EST04730,Ingeniería Civil,5,Matutino,23,F,69.7,77.0,1,26,Sí,No,No trabaja,0,0.6,Sí,11,64.8,No,3,Medio,0,0
EST04731,Ingeniería Industrial,1,Vespertino,20,M,80.5,89.8,3,22,No,No,No trabaja,0,10.3,Sí,16,53.7,No,5,Medio,0,1
EST04732,Licenciatura en Administración,1,Vespertino,19,F,82.6,91.1,1,25,No,No,Medio tiempo,26,9.4,Sí,20,67.5,Sí,1,Bajo,0,0
EST04733,Ingeniería Industrial,10,Vespertino,27,M,67.7,81.4,1,36,No,Sí,Medio tiempo,26,10.2,Sí,4,100,No,5,Bajo,0,0
EST04734,Ingeniería Electromecánica,5,Vespertino,22,M,90.8,75.4,0,31,Sí,No,Medio tiempo,12,8.2,Sí,13,63.6,No,1,Bajo,0,0
EST04735,Licenciatura en Administración,5,Matutino,19,M,71.9,84.5,2,25,Sí,No,No trabaja,0,13.1,Sí,4,75.6,No,1,Bajo,1,0
EST04736,Ingeniería en Gestión Empresarial,2,Vespertino,21,M,68.3,68.7,6,21,Sí,No,No trabaja,0,14.6,Sí,11,83.7,No,1,Alto,1,0
EST04737,Ingeniería en Sistemas Computacionales,1,Vespertino,19,M,72.2,83.3,4,27,Sí,No,Medio tiempo,13,0.5,Sí,9,80.6,No,1,Medio,1,1
EST04738,Ingeniería Industrial,10,Matutino,19,M,71.1,76.1,0,25,No,No,No trabaja,0,18.4,No,14,76.3,No,2,Bajo,0,0
EST04739,Ingeniería en Sistemas Computacionales,7,Matutino,20,M,74.0,93.3,0,28,No,No,Medio tiempo,12,12.5,Sí,5,100,No,3,Bajo,0,0
EST04740,Licenciatura en Administración,9,Vespertino,21,F,76.1,71.9,4,19,Sí,No,No trabaja,0,11.8,Sí,2,94.7,Sí,4,Medio,0,0
EST04741,Licenciatura en Administración,9,Vespertino,18,M,73.7,76.1,4,32,No,Sí,No trabaja,0,3.3,Sí,13,77.5,No,2,Medio,0,0
EST04742,Ingeniería Civil,4,Vespertino,23,F,83.3,76.3,2,18,No,No,No trabaja,0,4.9,No,13,88.5,No,1,Bajo,0,0
EST04743,Ingeniería en Sistemas Computacionales,4,Matutino,18,M,84.3,77.9,4,21,No,Sí,Medio tiempo,16,15.0,Sí,0,78.2,No,1,Alto,1,0
EST04744,Ingeniería Civil,6,Vespertino,25,M,68.8,85.6,2,36,No,No,No trabaja,0,10.7,Sí,12,81.8,No,5,Bajo,0,0
EST04745,Ingeniería en Sistemas Computacionales,7,Matutino,21,M,65.8,96.1,2,35,Sí,Sí,No trabaja,0,7.7,Sí,5,71.1,No,2,Bajo,0,0
EST04746,Ingeniería en Sistemas Computacionales,10,Matutino,27,F,65.2,76.3,1,28,No,Sí,No trabaja,0,21.6,Sí,4,67.3,No,3,Bajo,0,0
EST04747,Ingeniería Electromecánica,8,Vespertino,18,F,84.1,71.5,0,32,No,No,No trabaja,0,20.7,Sí,3,100,Sí,4,Bajo,0,0
EST04748,Ingeniería Industrial,5,Matutino,22,F,67.0,89.0,1,28,No,No,No trabaja,0,12.4,Sí,5,85.6,No,2,Medio,1,0
EST04749,Ingeniería en Gestión Empresarial,8,Matutino,24,F,56.1,83.4,1,35,Sí,No,Medio tiempo,14,3.2,Sí,12,74.6,No,2,Medio,1,0
EST04750,Ingeniería en Sistemas Computacionales,9,Vespertino,28,M,75.3,93.4,1,30,Sí,No,No trabaja,0,5.1,Sí,9,87.5,No,4,Bajo,0,0
EST04751,Licenciatura en Administración,9,Vespertino,24,F,61.5,85.9,1,32,No,No,No trabaja,0,9.1,Sí,8,83.5,No,2,Bajo,1,0
EST04752,Ingeniería Electromecánica,6,Vespertino,24,M,92.7,90.0,0,26,No,No,No trabaja,0,12.7,Sí,17,100,No,2,Bajo,0,0
EST04753,Licenciatura en Administración,6,Matutino,23,F,83.3,75.0,2,19,Sí,No,No trabaja,0,0.5,Sí,5,53.5,No,3,Medio,0,0
EST04754,Ingeniería en Gestión Empresarial,5,Matutino,19,M,83.7,91.4,0,29,No,Sí,No trabaja,0,4.2,Sí,15,81.4,No,3,Bajo,0,0
EST04755,Ingeniería Civil,8,Matutino,19,F,62.6,89.6,2,27,Sí,No,Medio tiempo,25,10.1,Sí,3,59.1,No,3,Medio,0,0
EST04756,Ingeniería Electromecánica,3,Matutino,21,F,85.5,72.5,0,36,No,No,Medio tiempo,24,5.4,Sí,4,53.3,No,4,Medio,0,1
EST04757,Ingeniería en Gestión Empresarial,1,Vespertino,19,M,73.0,93.6,1,33,Sí,Sí,No trabaja,0,11.4,Sí,7,92.7,No,4,Bajo,0,0
EST04758,Ingeniería Industrial,3,Matutino,17,F,86.8,87.6,1,31,No,No,Medio tiempo,26,10.8,Sí,7,96.0,No,5,Bajo,0,0
EST04759,Ingeniería Industrial,7,Matutino,23,M,85.0,72.8,0,35,No,Sí,Medio tiempo,10,9.5,Sí,10,89.6,No,3,Bajo,0,0
EST04760,Ingeniería Industrial,6,Matutino,23,M,61.4,75.1,5,31,No,No,Tiempo completo,41,13.2,Sí,8,75.0,Sí,1,Alto,1,1
EST04761,Ingeniería Mecatrónica,10,Matutino,24,M,72.8,84.7,3,19,No,Sí,No trabaja,0,0.5,Sí,11,62.1,Sí,4,Medio,0,0
EST04762,Licenciatura en Administración,6,Matutino,22,M,69.3,81.2,6,31,No,Sí,Tiempo completo,42,5.7,Sí,13,89.6,No,1,Alto,1,1
EST04763,Ingeniería Industrial,2,Vespertino,18,F,85.5,73.9,2,36,No,Sí,Medio tiempo,25,16.4,Sí,3,59.2,No,2,Medio,0,0
EST04764,Ingeniería Civil,10,Vespertino,17,M,87.2,93.3,0,20,No,Sí,No trabaja,0,11.7,Sí,3,49.5,No,3,Bajo,0,0
EST04765,Ingeniería Electromecánica,3,Vespertino,24,M,56.6,65.0,1,34,No,No,No trabaja,0,12.2,Sí,8,86.2,No,1,Medio,0,1
EST04766,Ingeniería en Gestión Empresarial,2,Matutino,20,M,83.0,88.6,1,20,No,No,Medio tiempo,20,5.6,Sí,11,67.0,No,5,Bajo,0,0
EST04767,Ingeniería en Gestión Empresarial,8,Matutino,25,F,89.8,83.1,0,32,No,No,Medio tiempo,15,1.3,Sí,5,88.7,No,3,Bajo,0,1
EST04768,Contador Público,6,Vespertino,23,M,82.1,69.0,3,23,No,Sí,Medio tiempo,24,19.7,Sí,1,60.3,Sí,5,Medio,1,1
EST04769,Ingeniería en Sistemas Computacionales,3,Matutino,19,M,75.6,84.1,0,26,No,Sí,No trabaja,0,16.5,No,5,86.7,No,2,Bajo,0,0
EST04770,Ingeniería Industrial,9,Matutino,26,M,94.9,78.2,4,18,No,No,Medio tiempo,18,0.5,Sí,5,76.6,No,4,Medio,0,0
EST04771,Ingeniería Mecatrónica,8,Matutino,19,M,69.3,70.0,5,33,Sí,Sí,No trabaja,0,21.0,No,5,81.8,No,3,Alto,0,0
EST04772,Ingeniería en Sistemas Computacionales,5,Vespertino,22,M,66.5,84.8,3,23,No,Sí,No trabaja,0,19.5,Sí,7,95.6,No,3,Bajo,0,1
EST04773,Contador Público,5,Matutino,17,M,58.9,65.6,3,23,No,No,Medio tiempo,21,11.3,Sí,14,83.4,No,2,Alto,0,0
EST04774,Ingeniería Industrial,5,Matutino,22,M,77.3,68.2,2,25,No,No,No trabaja,0,13.4,Sí,3,71.6,No,3,Medio,0,0
EST04775,Ingeniería Civil,7,Vespertino,20,M,63.0,88.7,0,20,No,No,Tiempo completo,45,21.4,No,1,83.9,No,5,Medio,1,0
EST04776,Licenciatura en Administración,6,Vespertino,22,F,75.3,91.4,2,34,No,No,Tiempo completo,34,4.7,Sí,7,68.7,Sí,2,Medio,0,0
EST04777,Ingeniería Electromecánica,8,Matutino,27,F,75.8,66.6,0,19,Sí,Sí,Medio tiempo,14,18.4,Sí,3,76.0,No,1,Bajo,0,1
EST04778,Ingeniería en Sistemas Computacionales,8,Matutino,26,F,72.6,83.0,0,32,No,Sí,Medio tiempo,27,15.2,No,4,87.6,No,1,Bajo,0,0
EST04779,Ingeniería Electromecánica,8,Vespertino,21,F,80.9,75.4,3,20,Sí,No,Medio tiempo,17,12.1,No,2,55.6,No,1,Medio,0,1
EST04780,Ingeniería en Gestión Empresarial,3,Matutino,21,F,81.8,73.3,1,32,No,No,No trabaja,0,4.7,Sí,2,75.6,Sí,5,Medio,0,1
EST04781,Ingeniería Civil,1,Vespertino,20,F,79.0,90.8,2,26,No,Sí,Medio tiempo,21,15.7,Sí,13,74.0,No,3,Bajo,0,0
EST04782,Ingeniería en Sistemas Computacionales,2,Vespertino,20,M,82.7,81.0,1,23,No,Sí,No trabaja,0,13.1,Sí,6,85.3,Sí,3,Bajo,0,0
EST04783,Licenciatura en Administración,2,Matutino,18,F,61.6,82.1,3,25,No,Sí,Medio tiempo,16,2.2,Sí,14,91.7,No,4,Medio,0,1
EST04784,Licenciatura en Administración,10,Vespertino,25,F,85.7,60.2,0,31,No,No,No trabaja,0,11.9,Sí,12,71.5,No,1,Bajo,0,0
EST04785,Licenciatura en Administración,1,Vespertino,22,M,72.7,88.9,1,19,Sí,Sí,No trabaja,0,5.2,Sí,2,80.0,No,3,Bajo,0,0
EST04786,Ingeniería Electromecánica,8,Vespertino,22,F,98.8,71.2,1,24,No,No,No trabaja,0,1.8,Sí,9,89.3,No,4,Bajo,0,0
EST04787,Contador Público,5,Vespertino,22,F,76.3,82.0,2,18,No,Sí,Medio tiempo,14,1.0,Sí,1,56.1,No,4,Medio,0,0
EST04788,Ingeniería en Gestión Empresarial,1,Vespertino,17,F,70.6,72.4,0,19,No,Sí,Medio tiempo,15,6.7,Sí,1,78.7,No,4,Bajo,0,0
EST04789,Contador Público,6,Matutino,20,F,71.4,94.0,0,27,No,No,No trabaja,0,6.3,No,10,85.6,No,1,Bajo,0,0
EST04790,Ingeniería en Sistemas Computacionales,10,Vespertino,21,F,86.7,95.3,1,24,Sí,No,No trabaja,0,9.0,Sí,10,61.2,No,4,Bajo,0,0
EST04791,Ingeniería Electromecánica,7,Matutino,20,M,76.7,70.8,4,27,Sí,No,No trabaja,0,3.6,Sí,10,84.5,No,5,Medio,0,0
EST04792,Licenciatura en Administración,7,Vespertino,21,M,67.7,90.3,0,23,No,No,No trabaja,0,4.3,Sí,9,78.1,Sí,2,Bajo,0,1
EST04793,Ingeniería en Gestión Empresarial,6,Vespertino,21,M,92.5,73.6,0,19,Sí,Sí,No trabaja,0,12.8,Sí,2,73.7,No,5,Bajo,0,0
EST04794,Contador Público,6,Matutino,21,F,65.8,77.0,0,34,Sí,No,Medio tiempo,26,16.9,No,14,89.7,No,2,Bajo,1,0
EST04795,Contador Público,4,Vespertino,22,M,76.0,92.6,0,22,No,No,Medio tiempo,17,9.4,Sí,3,78.9,No,1,Bajo,0,0
EST04796,Contador Público,8,Vespertino,22,M,71.6,75.9,0,36,No,No,Medio tiempo,12,2.7,Sí,4,95.0,No,1,Bajo,0,0
EST04797,Contador Público,9,Matutino,23,F,94.9,89.1,1,21,No,No,Medio tiempo,24,8.9,Sí,8,91.8,No,4,Bajo,0,0
EST04798,Ingeniería Mecatrónica,9,Matutino,19,F,74.2,80.4,0,25,No,No,No trabaja,0,7.4,Sí,8,82.2,No,4,Bajo,0,0
EST04799,Ingeniería Civil,2,Matutino,20,M,89.1,78.5,2,25,No,No,Medio tiempo,16,7.2,Sí,7,47.1,Sí,3,Alto,1,0
EST04800,Ingeniería en Sistemas Computacionales,5,Matutino,20,F,67.4,90.2,2,24,Sí,Sí,No trabaja,0,4.4,Sí,12,57.1,No,4,Bajo,1,0
EST04801,Ingeniería en Gestión Empresarial,3,Matutino,22,F,86.8,86.8,2,23,No,Sí,Tiempo completo,47,0.5,Sí,9,88.1,No,1,Bajo,0,0
EST04802,Ingeniería en Sistemas Computacionales,5,Vespertino,20,F,77.7,73.6,1,34,No,No,No trabaja,0,9.5,Sí,11,81.1,No,3,Bajo,0,0
EST04803,Ingeniería Electromecánica,2,Matutino,21,F,79.1,80.8,1,25,No,Sí,Medio tiempo,26,8.9,No,5,90.9,No,4,Bajo,1,0
EST04804,Ingeniería Civil,7,Matutino,23,M,89.9,94.5,0,22,Sí,No,Medio tiempo,24,4.9,Sí,17,94.5,No,2,Bajo,0,0
EST04805,Ingeniería en Sistemas Computacionales,5,Vespertino,18,M,58.4,69.3,0,22,No,No,No trabaja,0,21.8,No,7,100,No,2,Medio,0,1
EST04806,Ingeniería en Gestión Empresarial,9,Vespertino,26,M,84.0,84.3,0,30,No,Sí,Medio tiempo,10,16.7,Sí,12,89.5,No,5,Bajo,0,0
EST04807,Licenciatura en Administración,8,Vespertino,25,F,73.0,74.3,3,35,No,Sí,No trabaja,0,7.2,Sí,13,89.1,No,1,Bajo,0,0
EST04808,Ingeniería Electromecánica,10,Vespertino,23,F,75.4,93.9,2,36,Sí,No,No trabaja,0,14.4,Sí,7,87.5,No,5,Bajo,1,0
EST04809,Ingeniería en Gestión Empresarial,5,Matutino,23,F,71.4,72.1,3,20,Sí,No,No trabaja,0,15.7,Sí,12,78.0,No,3,Medio,1,0
EST04810,Ingeniería Electromecánica,9,Matutino,24,M,68.7,89.4,0,21,Sí,No,No trabaja,0,13.9,Sí,12,100,No,2,Bajo,0,0
EST04811,Ingeniería en Sistemas Computacionales,3,Matutino,19,M,81.8,100,3,23,No,Sí,Medio tiempo,13,9.5,Sí,14,72.8,No,4,Bajo,0,1
EST04812,Ingeniería en Sistemas Computacionales,5,Matutino,17,M,82.7,73.9,0,31,No,Sí,Medio tiempo,25,12.5,Sí,6,66.5,Sí,3,Medio,0,0
EST04813,Contador Público,5,Matutino,22,M,83.9,91.6,6,18,No,Sí,No trabaja,0,13.8,Sí,5,80.0,No,3,Medio,0,0
EST04814,Ingeniería Mecatrónica,9,Vespertino,21,F,100,91.0,0,30,No,No,Medio tiempo,14,6.5,Sí,8,86.5,No,1,Bajo,0,0
EST04815,Contador Público,6,Matutino,17,M,86.5,73.9,0,22,No,Sí,Medio tiempo,28,17.9,Sí,13,92.7,No,5,Bajo,0,0
EST04816,Ingeniería Electromecánica,10,Vespertino,19,F,76.2,86.1,0,20,Sí,No,No trabaja,0,11.8,Sí,5,87.9,No,2,Bajo,0,0
EST04817,Ingeniería Mecatrónica,9,Matutino,26,M,83.0,81.4,0,33,No,Sí,No trabaja,0,11.3,Sí,6,82.6,No,5,Bajo,0,0
EST04818,Licenciatura en Administración,8,Vespertino,22,F,88.0,72.8,2,18,No,Sí,No trabaja,0,4.2,Sí,11,75.9,No,4,Bajo,0,0
EST04819,Contador Público,4,Matutino,20,F,76.5,70.3,2,30,No,No,Medio tiempo,24,14.5,Sí,5,89.2,No,3,Bajo,0,1
EST04820,Ingeniería Civil,1,Matutino,22,M,81.6,95.0,0,26,Sí,No,No trabaja,0,7.3,Sí,13,84.0,No,4,Bajo,0,0
EST04821,Ingeniería en Gestión Empresarial,5,Matutino,20,M,63.8,74.1,2,28,Sí,Sí,No trabaja,0,3.1,Sí,8,90.5,No,4,Bajo,0,0
EST04822,Licenciatura en Administración,7,Matutino,21,M,78.2,84.6,0,34,No,Sí,No trabaja,0,7.4,Sí,3,48.6,No,3,Bajo,0,0
EST04823,Contador Público,6,Matutino,19,M,69.0,73.7,1,21,No,No,No trabaja,0,2.2,Sí,10,100,No,1,Bajo,0,0
EST04824,Ingeniería Civil,2,Vespertino,21,M,59.2,69.7,2,36,Sí,No,Tiempo completo,48,0.5,No,12,72.6,No,2,Alto,0,1
EST04825,Ingeniería en Sistemas Computacionales,4,Vespertino,24,F,89.2,92.9,0,20,Sí,Sí,No trabaja,0,13.0,Sí,8,69.9,No,3,Bajo,0,1
EST04826,Contador Público,2,Matutino,22,M,62.5,78.7,1,22,No,No,Tiempo completo,40,12.2,Sí,3,76.6,No,4,Medio,1,1
EST04827,Ingeniería Electromecánica,6,Vespertino,18,F,75.4,74.2,0,23,Sí,No,Tiempo completo,41,12.2,Sí,2,55.1,No,3,Medio,1,0
EST04828,Ingeniería en Gestión Empresarial,7,Matutino,22,M,75.6,68.7,0,29,Sí,No,Medio tiempo,13,11.1,Sí,13,84.1,Sí,2,Bajo,0,0
EST04829,Ingeniería Industrial,8,Matutino,21,F,60.7,85.5,3,20,No,Sí,Medio tiempo,17,2.2,No,13,88.7,No,1,Medio,0,1
EST04830,Contador Público,9,Matutino,17,M,79.9,100,1,21,No,Sí,Medio tiempo,12,11.0,No,13,72.4,No,3,Bajo,0,0
EST04831,Ingeniería Industrial,9,Matutino,23,M,63.5,72.0,2,26,Sí,No,No trabaja,0,6.0,Sí,9,66.0,Sí,4,Medio,0,0
EST04832,Ingeniería en Gestión Empresarial,4,Vespertino,18,M,75.0,92.9,3,27,Sí,No,No trabaja,0,0.5,Sí,2,100,No,4,Bajo,0,0
EST04833,Ingeniería en Sistemas Computacionales,1,Vespertino,23,F,89.3,85.1,1,29,No,No,Medio tiempo,13,11.3,Sí,8,94.9,No,2,Bajo,0,0
EST04834,Ingeniería Mecatrónica,8,Vespertino,21,M,77.2,77.6,1,30,Sí,No,No trabaja,0,2.9,Sí,7,64.2,No,5,Bajo,0,0
EST04835,Licenciatura en Administración,7,Vespertino,22,F,72.4,92.3,1,30,Sí,No,No trabaja,0,8.0,No,3,72.8,No,2,Medio,0,0
EST04836,Ingeniería en Gestión Empresarial,7,Vespertino,22,M,62.6,88.2,2,23,Sí,Sí,Medio tiempo,18,10.4,Sí,10,87.6,No,4,Medio,1,0
EST04837,Contador Público,3,Matutino,23,F,81.3,73.5,5,33,Sí,Sí,No trabaja,0,8.7,Sí,10,63.6,No,4,Alto,0,1
EST04838,Ingeniería Mecatrónica,8,Matutino,23,M,55.9,91.1,4,27,No,No,Medio tiempo,24,3.6,No,10,99.5,No,1,Alto,1,1
EST04839,Ingeniería Electromecánica,3,Vespertino,19,M,78.2,74.5,0,22,No,No,No trabaja,0,15.3,Sí,11,84.7,No,4,Medio,0,1
EST04840,Ingeniería Industrial,7,Vespertino,25,M,88.4,100,0,30,Sí,No,No trabaja,0,5.4,Sí,17,97.1,Sí,5,Bajo,1,0
EST04841,Ingeniería Civil,4,Matutino,20,F,54.9,100,4,34,No,Sí,No trabaja,0,8.7,No,1,77.0,No,2,Medio,1,1
EST04842,Licenciatura en Administración,9,Vespertino,26,M,82.6,64.6,1,35,No,Sí,No trabaja,0,4.5,Sí,3,79.8,Sí,5,Bajo,0,0
EST04843,Licenciatura en Administración,10,Vespertino,21,F,71.3,57.0,3,18,No,No,No trabaja,0,12.9,Sí,5,75.2,No,1,Medio,0,0
EST04844,Ingeniería Mecatrónica,8,Vespertino,22,M,81.0,88.4,0,33,No,Sí,Medio tiempo,14,6.6,Sí,11,80.7,No,3,Bajo,0,0
EST04845,Ingeniería en Sistemas Computacionales,8,Vespertino,25,F,51.5,78.2,6,22,No,Sí,No trabaja,0,2.6,Sí,4,78.7,No,2,Alto,0,1
EST04846,Ingeniería Industrial,8,Vespertino,21,M,71.7,97.9,0,18,Sí,No,Medio tiempo,17,0.9,Sí,6,87.1,No,5,Bajo,0,0
EST04847,Ingeniería en Gestión Empresarial,3,Vespertino,20,M,78.3,86.9,0,27,No,Sí,No trabaja,0,3.2,Sí,10,79.3,No,2,Bajo,1,0
EST04848,Ingeniería Electromecánica,5,Vespertino,20,F,78.4,77.0,1,26,No,No,Medio tiempo,24,8.4,Sí,1,100,No,1,Bajo,1,0
EST04849,Ingeniería Electromecánica,9,Matutino,24,M,80.9,80.8,0,33,No,No,No trabaja,0,7.1,Sí,0,65.3,No,2,Bajo,0,0
EST04850,Ingeniería Mecatrónica,5,Vespertino,19,F,60.7,68.1,5,21,Sí,No,No trabaja,0,14.2,Sí,10,92.0,No,2,Alto,1,1
EST04851,Ingeniería Industrial,1,Vespertino,23,M,93.4,79.7,0,32,No,Sí,No trabaja,0,1.7,Sí,4,90.6,Sí,5,Bajo,0,0
EST04852,Licenciatura en Administración,10,Matutino,23,F,70.5,89.6,3,21,No,Sí,Medio tiempo,27,9.8,Sí,3,68.2,No,5,Medio,1,0
EST04853,Ingeniería Mecatrónica,5,Vespertino,21,F,83.3,77.8,0,31,No,No,Medio tiempo,18,5.2,No,2,86.2,No,4,Bajo,1,1
EST04854,Ingeniería en Gestión Empresarial,9,Vespertino,22,M,62.5,58.7,2,22,No,No,No trabaja,0,17.2,Sí,2,55.1,No,5,Alto,0,1
EST04855,Ingeniería Mecatrónica,4,Matutino,21,M,86.4,99.9,0,22,Sí,No,No trabaja,0,4.8,Sí,17,88.4,No,2,Bajo,0,0
EST04856,Ingeniería Industrial,2,Matutino,17,M,66.1,88.4,5,23,No,No,Medio tiempo,10,0.5,No,12,67.6,No,2,Alto,0,0
EST04857,Contador Público,10,Vespertino,24,F,82.7,84.9,2,30,Sí,No,No trabaja,0,14.3,Sí,3,49.2,Sí,1,Bajo,0,1
EST04858,Contador Público,10,Matutino,24,M,77.2,87.4,0,19,No,No,No trabaja,0,16.0,Sí,0,70.9,No,5,Bajo,0,1
EST04859,Ingeniería Civil,8,Vespertino,22,F,65.0,84.9,3,28,No,Sí,No trabaja,0,6.1,Sí,4,94.3,Sí,4,Medio,0,0
EST04860,Ingeniería en Gestión Empresarial,10,Vespertino,20,M,99.4,82.4,0,24,Sí,No,Medio tiempo,17,3.7,Sí,0,75.5,No,3,Bajo,0,0
EST04861,Ingeniería Mecatrónica,6,Vespertino,17,M,71.6,96.7,0,24,Sí,No,Medio tiempo,13,13.9,No,1,77.4,No,3,Bajo,0,1
EST04862,Contador Público,2,Vespertino,19,M,65.9,87.6,3,29,No,No,Medio tiempo,11,7.9,Sí,7,89.0,No,1,Medio,0,0
EST04863,Ingeniería Mecatrónica,5,Matutino,22,F,68.6,99.1,2,29,Sí,Sí,Medio tiempo,22,7.5,Sí,1,64.9,Sí,3,Bajo,0,0
EST04864,Licenciatura en Administración,1,Matutino,20,F,73.6,84.6,0,31,No,No,No trabaja,0,7.6,Sí,6,93.4,No,1,Bajo,0,0
EST04865,Ingeniería Mecatrónica,1,Vespertino,22,F,70.5,84.1,0,24,No,No,Tiempo completo,32,8.3,Sí,12,57.5,Sí,5,Medio,0,0
EST04866,Ingeniería en Gestión Empresarial,9,Vespertino,26,F,87.6,93.8,0,26,No,No,No trabaja,0,0.5,Sí,8,68.5,No,3,Bajo,0,0
EST04867,Ingeniería Mecatrónica,10,Matutino,24,F,61.8,71.8,2,23,Sí,No,Tiempo completo,45,14.5,Sí,12,97.9,No,3,Medio,0,0
EST04868,Licenciatura en Administración,9,Vespertino,20,M,68.0,74.1,2,31,Sí,No,No trabaja,0,15.2,No,11,67.5,No,1,Medio,0,1
EST04869,Ingeniería Civil,4,Vespertino,19,F,68.8,66.5,1,34,No,Sí,No trabaja,0,16.7,Sí,11,94.8,No,1,Medio,1,1
EST04870,Contador Público,2,Vespertino,20,M,95.4,65.3,1,32,No,No,No trabaja,0,8.2,Sí,10,76.1,No,2,Bajo,0,1
EST04871,Ingeniería Mecatrónica,10,Vespertino,23,M,81.9,100,2,27,Sí,No,No trabaja,0,7.0,Sí,12,88.7,No,5,Bajo,0,0
EST04872,Ingeniería Electromecánica,3,Matutino,21,F,67.0,62.1,6,36,No,No,Medio tiempo,25,8.2,Sí,9,77.4,No,4,Alto,0,1
EST04873,Ingeniería Electromecánica,1,Matutino,23,F,61.3,64.0,2,29,No,No,No trabaja,0,3.0,Sí,1,44.4,Sí,2,Alto,0,0
EST04874,Ingeniería Mecatrónica,6,Matutino,21,M,100,94.2,0,23,No,No,No trabaja,0,20.6,Sí,8,76.4,No,3,Bajo,0,1
EST04875,Ingeniería Electromecánica,7,Matutino,20,F,73.4,88.0,0,36,No,No,No trabaja,0,4.2,Sí,4,82.9,Sí,1,Bajo,0,0
EST04876,Ingeniería Industrial,3,Matutino,19,F,89.5,82.0,1,23,No,No,Medio tiempo,27,0.5,Sí,3,63.7,Sí,3,Medio,0,1
EST04877,Ingeniería Civil,10,Vespertino,24,M,71.7,93.0,0,21,No,No,No trabaja,0,15.8,Sí,4,90.5,Sí,4,Bajo,0,0
EST04878,Ingeniería en Sistemas Computacionales,9,Matutino,23,M,70.8,75.9,1,21,Sí,Sí,No trabaja,0,7.2,Sí,11,61.0,Sí,2,Bajo,0,0
EST04879,Ingeniería Electromecánica,2,Matutino,24,F,68.1,81.9,4,23,Sí,No,Medio tiempo,24,1.3,Sí,12,82.2,Sí,2,Medio,0,1
EST04880,Ingeniería Electromecánica,8,Matutino,25,M,73.4,80.5,0,19,No,No,Tiempo completo,45,5.5,Sí,5,71.8,No,1,Medio,0,1
EST04881,Ingeniería Civil,8,Matutino,24,F,82.6,86.8,1,33,No,No,No trabaja,0,11.1,Sí,17,80.9,No,3,Bajo,0,0
EST04882,Ingeniería en Gestión Empresarial,1,Matutino,23,M,65.5,70.3,1,21,No,No,No trabaja,0,13.7,No,2,79.6,Sí,4,Medio,0,0
EST04883,Ingeniería Industrial,5,Vespertino,24,F,65.3,88.7,4,21,No,No,Medio tiempo,12,1.2,Sí,2,100,Sí,5,Medio,1,0
EST04884,Ingeniería Electromecánica,4,Matutino,19,M,68.9,73.6,2,27,Sí,No,Medio tiempo,26,19.8,Sí,0,96.0,No,4,Bajo,0,0
EST04885,Ingeniería Civil,5,Vespertino,23,F,56.9,99.3,2,30,Sí,No,Tiempo completo,44,4.6,No,13,95.4,No,3,Medio,0,0
EST04886,Licenciatura en Administración,5,Vespertino,18,M,70.3,87.8,0,24,Sí,No,No trabaja,0,12.7,Sí,14,83.1,No,3,Bajo,0,0
EST04887,Ingeniería Civil,8,Matutino,23,F,84.9,84.6,0,26,No,Sí,No trabaja,0,15.8,Sí,11,82.6,No,5,Bajo,0,1
EST04888,Ingeniería Mecatrónica,3,Matutino,20,F,65.8,73.4,1,22,No,Sí,No trabaja,0,13.0,No,2,81.1,No,4,Bajo,0,0
EST04889,Ingeniería en Sistemas Computacionales,8,Matutino,20,F,78.3,85.5,0,36,Sí,No,Medio tiempo,10,15.0,Sí,1,79.2,No,5,Bajo,0,0
EST04890,Licenciatura en Administración,6,Matutino,20,M,97.8,74.4,1,22,Sí,Sí,Tiempo completo,30,10.8,Sí,9,84.8,No,5,Bajo,0,0
EST04891,Ingeniería Industrial,7,Vespertino,22,M,74.8,99.9,2,31,No,Sí,No trabaja,0,7.2,Sí,7,71.4,No,2,Bajo,0,0
EST04892,Licenciatura en Administración,8,Vespertino,25,M,64.1,73.5,2,30,No,No,No trabaja,0,14.4,Sí,2,75.4,No,2,Medio,0,1
EST04893,Ingeniería Mecatrónica,3,Matutino,17,M,65.7,80.3,0,21,Sí,Sí,Tiempo completo,36,14.9,No,3,55.3,No,5,Medio,1,0
EST04894,Ingeniería Mecatrónica,2,Matutino,18,F,71.0,76.9,0,24,Sí,No,No trabaja,0,7.8,Sí,3,57.0,No,3,Bajo,0,0
EST04895,Ingeniería en Sistemas Computacionales,4,Matutino,20,F,76.6,77.0,3,28,No,Sí,No trabaja,0,12.8,Sí,11,89.1,No,2,Medio,1,0
EST04896,Ingeniería en Sistemas Computacionales,8,Matutino,18,M,94.4,92.8,1,22,No,No,Medio tiempo,24,7.1,Sí,17,83.8,No,3,Bajo,0,0
EST04897,Contador Público,8,Matutino,24,M,88.2,94.2,2,20,No,No,No trabaja,0,18.1,Sí,16,66.9,No,5,Bajo,0,0
EST04898,Ingeniería Electromecánica,9,Vespertino,20,F,66.8,93.1,2,28,No,Sí,No trabaja,0,13.3,Sí,1,94.7,No,2,Bajo,0,0
EST04899,Licenciatura en Administración,6,Vespertino,19,F,70.4,82.1,0,25,Sí,No,Medio tiempo,22,4.9,No,10,63.6,No,2,Medio,0,0
EST04900,Ingeniería en Gestión Empresarial,6,Matutino,22,F,78.8,72.8,1,34,No,No,No trabaja,0,15.7,Sí,1,59.8,No,3,Bajo,1,0
EST04901,Licenciatura en Administración,3,Matutino,22,F,75.5,81.4,0,31,Sí,No,No trabaja,0,16.6,Sí,8,78.3,No,2,Bajo,0,1
EST04902,Licenciatura en Administración,9,Vespertino,22,M,77.2,86.2,5,31,Sí,Sí,No trabaja,0,7.0,Sí,8,74.6,No,3,Bajo,0,0
EST04903,Ingeniería Civil,7,Vespertino,23,M,86.7,63.8,0,28,No,Sí,No trabaja,0,15.2,Sí,7,59.1,No,1,Medio,0,0
EST04904,Ingeniería Industrial,10,Vespertino,25,F,64.0,77.4,2,28,Sí,Sí,Tiempo completo,36,8.1,Sí,13,88.2,No,4,Bajo,0,1
EST04905,Contador Público,5,Matutino,20,M,88.8,91.8,0,21,Sí,No,No trabaja,0,13.0,Sí,9,76.0,No,5,Bajo,0,0
EST04906,Ingeniería Electromecánica,3,Vespertino,17,F,75.5,88.0,2,18,No,No,No trabaja,0,5.0,Sí,8,74.1,No,2,Medio,1,0
EST04907,Ingeniería Industrial,8,Matutino,25,M,72.4,100,1,29,Sí,No,Medio tiempo,21,10.7,Sí,7,77.4,Sí,2,Bajo,0,0
EST04908,Ingeniería Civil,6,Vespertino,23,F,83.9,70.0,1,23,No,No,No trabaja,0,10.0,Sí,7,100,Sí,2,Bajo,0,0
EST04909,Ingeniería Electromecánica,2,Vespertino,20,F,68.6,82.1,1,23,No,Sí,Medio tiempo,16,8.2,Sí,10,95.3,No,4,Bajo,0,0
EST04910,Ingeniería Electromecánica,10,Vespertino,23,F,76.1,77.8,0,21,Sí,Sí,No trabaja,0,17.1,Sí,11,80.9,No,1,Bajo,0,1
EST04911,Contador Público,1,Vespertino,18,M,74.7,94.5,0,33,No,Sí,No trabaja,0,13.6,Sí,10,92.5,No,1,Bajo,0,0
EST04912,Ingeniería en Gestión Empresarial,7,Matutino,20,M,82.4,100,0,26,No,No,No trabaja,0,10.3,Sí,8,86.3,No,5,Bajo,0,0
EST04913,Ingeniería Civil,10,Matutino,24,M,58.2,88.9,4,19,Sí,Sí,No trabaja,0,10.5,Sí,4,90.0,No,3,Medio,0,0
EST04914,Contador Público,10,Vespertino,23,F,91.3,84.6,4,26,No,No,No trabaja,0,15.1,Sí,6,66.1,No,3,Bajo,0,0
EST04915,Ingeniería en Sistemas Computacionales,3,Vespertino,20,F,78.9,77.7,0,19,Sí,Sí,No trabaja,0,4.3,Sí,7,72.7,Sí,5,Bajo,0,0
EST04916,Licenciatura en Administración,6,Matutino,19,F,69.9,70.4,2,20,Sí,No,Medio tiempo,14,14.9,Sí,3,69.3,No,5,Medio,0,1
EST04917,Ingeniería Mecatrónica,10,Matutino,19,M,76.8,84.0,1,29,Sí,Sí,Medio tiempo,14,16.3,No,5,88.0,No,4,Bajo,1,0
EST04918,Ingeniería en Sistemas Computacionales,9,Matutino,23,F,80.5,92.4,0,28,No,Sí,No trabaja,0,0.5,No,11,67.9,No,3,Bajo,1,0
EST04919,Licenciatura en Administración,4,Vespertino,22,F,80.4,87.6,0,33,No,No,No trabaja,0,21.3,Sí,6,95.1,No,4,Bajo,0,0
EST04920,Ingeniería Electromecánica,4,Vespertino,21,M,62.1,69.0,1,30,Sí,No,Tiempo completo,44,4.6,Sí,9,71.4,No,3,Alto,0,1
EST04921,Ingeniería Electromecánica,7,Matutino,21,F,78.5,83.3,1,19,No,Sí,Medio tiempo,21,9.5,Sí,2,65.6,No,1,Bajo,0,1
EST04922,Ingeniería en Gestión Empresarial,4,Vespertino,27,F,81.1,79.1,0,36,Sí,No,No trabaja,0,17.4,Sí,11,86.3,No,5,Bajo,0,0
EST04923,Contador Público,5,Matutino,19,F,69.2,79.8,2,20,No,No,No trabaja,0,11.5,Sí,2,79.0,No,2,Medio,0,0
EST04924,Ingeniería Mecatrónica,4,Vespertino,21,F,61.8,82.9,2,33,No,Sí,Medio tiempo,22,7.2,Sí,5,65.9,No,5,Alto,1,1
EST04925,Ingeniería Mecatrónica,5,Vespertino,21,M,65.8,83.1,2,34,Sí,No,No trabaja,0,14.8,Sí,3,82.0,No,4,Medio,1,1
EST04926,Ingeniería en Gestión Empresarial,10,Matutino,26,F,74.7,79.0,2,28,No,Sí,No trabaja,0,14.7,Sí,13,77.7,No,3,Bajo,0,0
EST04927,Licenciatura en Administración,10,Vespertino,24,M,72.8,76.0,4,25,No,Sí,No trabaja,0,10.3,Sí,5,84.4,Sí,2,Medio,0,1
EST04928,Ingeniería Industrial,7,Matutino,21,F,81.6,89.3,0,27,Sí,Sí,Medio tiempo,22,11.7,Sí,3,38.6,No,3,Bajo,0,1
EST04929,Ingeniería en Gestión Empresarial,7,Matutino,20,M,82.5,89.5,0,36,No,No,No trabaja,0,8.3,Sí,8,68.4,No,3,Bajo,0,0
EST04930,Ingeniería Civil,2,Vespertino,22,F,62.8,83.4,1,30,No,Sí,No trabaja,0,6.1,Sí,10,54.9,No,4,Bajo,0,1
EST04931,Ingeniería Civil,6,Matutino,20,F,68.6,69.6,2,26,No,Sí,No trabaja,0,6.4,Sí,14,53.0,No,4,Alto,0,1
EST04932,Ingeniería Industrial,2,Vespertino,20,F,64.1,76.8,2,35,No,No,No trabaja,0,6.5,Sí,10,83.6,No,1,Medio,0,1
EST04933,Ingeniería Industrial,4,Vespertino,26,M,78.0,78.4,0,20,No,Sí,No trabaja,0,0.5,Sí,3,66.0,No,1,Bajo,0,0
EST04934,Contador Público,8,Matutino,23,M,70.8,91.8,0,35,No,No,No trabaja,0,6.0,Sí,8,88.4,No,5,Bajo,0,0
EST04935,Ingeniería en Gestión Empresarial,4,Vespertino,21,M,68.4,91.2,4,34,No,Sí,Medio tiempo,12,0.7,Sí,8,63.8,No,5,Medio,1,0
EST04936,Ingeniería Civil,10,Matutino,21,F,75.6,71.1,1,20,No,No,No trabaja,0,18.9,Sí,10,81.2,No,2,Medio,0,0
EST04937,Ingeniería en Gestión Empresarial,3,Matutino,20,F,81.5,73.7,1,23,Sí,No,Tiempo completo,32,9.5,Sí,4,68.6,No,3,Medio,0,1
EST04938,Ingeniería Civil,4,Vespertino,22,F,50.3,77.8,1,23,Sí,No,No trabaja,0,14.0,Sí,0,63.4,No,4,Alto,1,1
EST04939,Ingeniería Mecatrónica,9,Vespertino,29,M,83.9,96.4,5,36,No,No,No trabaja,0,2.4,Sí,2,57.5,Sí,3,Bajo,0,0
EST04940,Ingeniería Mecatrónica,10,Matutino,26,F,92.2,87.7,1,34,No,No,No trabaja,0,11.1,No,11,83.7,No,4,Bajo,0,0
EST04941,Ingeniería Industrial,9,Matutino,23,M,79.9,73.5,0,23,Sí,No,No trabaja,0,4.0,Sí,10,86.8,Sí,5,Bajo,0,1
EST04942,Ingeniería Mecatrónica,7,Matutino,17,M,63.9,90.0,2,25,Sí,No,Medio tiempo,10,6.2,No,11,96.2,No,1,Bajo,0,0
EST04943,Ingeniería Electromecánica,4,Matutino,20,F,68.4,90.2,2,33,No,No,Medio tiempo,27,25.0,Sí,6,71.6,No,4,Bajo,0,0
EST04944,Ingeniería Civil,8,Matutino,23,F,65.7,72.0,3,30,No,Sí,Medio tiempo,22,0.5,Sí,1,45.7,No,3,Alto,1,1
EST04945,Ingeniería en Sistemas Computacionales,10,Matutino,20,M,76.9,89.7,0,31,No,No,No trabaja,0,10.6,Sí,4,100,No,2,Bajo,0,0
EST04946,Ingeniería Mecatrónica,1,Matutino,20,M,72.1,70.3,5,23,No,No,No trabaja,0,4.1,Sí,2,58.9,No,2,Alto,0,0
EST04947,Ingeniería Electromecánica,2,Matutino,19,M,82.3,78.1,2,29,No,Sí,No trabaja,0,16.3,Sí,8,76.5,No,3,Bajo,0,0
EST04948,Ingeniería Industrial,5,Matutino,17,F,66.0,72.2,2,26,Sí,No,Tiempo completo,36,0.5,Sí,11,58.0,No,4,Medio,0,0
EST04949,Ingeniería Electromecánica,9,Vespertino,24,M,82.8,71.9,0,20,No,Sí,Medio tiempo,19,12.1,Sí,7,89.7,No,2,Bajo,0,0
EST04950,Ingeniería Electromecánica,8,Matutino,23,M,70.9,88.1,0,29,Sí,No,No trabaja,0,3.2,Sí,5,100,Sí,1,Bajo,0,1
EST04951,Ingeniería Industrial,6,Vespertino,24,F,64.0,81.3,2,20,Sí,Sí,Medio tiempo,24,17.1,Sí,1,66.7,No,4,Medio,0,0
EST04952,Licenciatura en Administración,7,Matutino,22,F,68.8,79.0,2,32,No,No,No trabaja,0,15.7,No,4,64.1,No,5,Alto,1,1
EST04953,Ingeniería Mecatrónica,2,Vespertino,19,F,78.7,79.4,1,33,Sí,Sí,No trabaja,0,12.5,Sí,0,73.2,No,3,Bajo,0,0
EST04954,Ingeniería Industrial,3,Matutino,21,M,62.7,79.0,1,28,No,No,No trabaja,0,8.2,Sí,2,61.5,Sí,3,Medio,0,1
EST04955,Ingeniería Civil,3,Matutino,22,F,48.5,85.4,4,23,No,No,Tiempo completo,43,0.5,Sí,13,72.3,No,3,Alto,1,1
EST04956,Ingeniería Industrial,4,Matutino,22,F,67.9,79.7,0,21,Sí,No,Medio tiempo,28,12.3,Sí,1,78.3,No,4,Bajo,0,0
EST04957,Ingeniería Industrial,8,Matutino,21,M,84.6,92.5,2,21,Sí,Sí,No trabaja,0,13.9,Sí,13,80.2,No,4,Bajo,0,0
EST04958,Ingeniería en Sistemas Computacionales,3,Matutino,19,M,56.5,74.8,6,30,Sí,No,Tiempo completo,36,6.0,Sí,6,72.1,No,1,Alto,0,1
EST04959,Ingeniería en Gestión Empresarial,3,Vespertino,20,F,87.4,85.6,0,18,No,Sí,Medio tiempo,12,5.1,Sí,7,75.8,Sí,5,Bajo,0,0
EST04960,Ingeniería Mecatrónica,8,Matutino,22,F,72.8,76.2,2,30,No,Sí,No trabaja,0,15.8,Sí,0,88.3,No,2,Bajo,0,0
EST04961,Ingeniería Industrial,4,Vespertino,23,F,78.0,89.3,1,31,No,Sí,No trabaja,0,12.3,No,6,83.3,No,1,Bajo,0,0
EST04962,Ingeniería Mecatrónica,6,Matutino,22,M,76.3,94.5,4,27,No,Sí,No trabaja,0,3.1,Sí,4,84.3,No,3,Bajo,0,0
EST04963,Ingeniería Civil,5,Matutino,22,F,68.6,88.8,4,19,Sí,No,No trabaja,0,5.2,Sí,12,76.2,No,4,Medio,0,1
EST04964,Licenciatura en Administración,9,Vespertino,19,M,88.1,64.5,1,23,Sí,No,No trabaja,0,13.5,Sí,10,95.5,No,5,Bajo,0,1
EST04965,Contador Público,7,Matutino,22,M,73.1,89.8,0,28,No,Sí,Medio tiempo,23,5.9,Sí,14,57.4,No,3,Bajo,0,0
EST04966,Licenciatura en Administración,10,Matutino,23,F,75.8,75.1,0,24,Sí,No,No trabaja,0,20.7,Sí,0,88.1,No,3,Bajo,1,0
EST04967,Ingeniería Civil,7,Vespertino,23,M,76.3,84.2,0,18,No,No,Medio tiempo,21,3.0,Sí,12,79.7,No,2,Bajo,0,0
EST04968,Ingeniería Electromecánica,9,Vespertino,25,F,75.5,84.9,0,31,Sí,No,No trabaja,0,4.2,Sí,8,86.9,No,2,Bajo,0,0
EST04969,Ingeniería Mecatrónica,1,Vespertino,20,M,81.6,78.5,0,22,Sí,Sí,Tiempo completo,34,4.6,Sí,10,89.1,No,3,Bajo,0,0
EST04970,Ingeniería en Sistemas Computacionales,4,Matutino,22,F,80.1,86.7,1,33,No,No,Medio tiempo,20,7.9,Sí,9,89.6,No,5,Bajo,0,0
EST04971,Ingeniería en Sistemas Computacionales,8,Matutino,25,F,88.7,74.5,1,24,No,Sí,Medio tiempo,26,8.6,Sí,12,92.4,No,5,Bajo,1,0
EST04972,Ingeniería Mecatrónica,7,Matutino,23,M,51.5,62.4,5,21,No,No,Tiempo completo,48,19.7,Sí,8,60.2,No,3,Alto,1,1
EST04973,Contador Público,3,Vespertino,20,M,68.6,84.4,4,27,No,Sí,No trabaja,0,7.7,Sí,4,100,Sí,5,Medio,0,0
EST04974,Ingeniería Electromecánica,6,Matutino,22,M,78.9,84.0,4,20,No,No,Medio tiempo,12,12.9,Sí,6,87.5,No,4,Medio,0,0
EST04975,Ingeniería Industrial,7,Vespertino,21,M,63.7,85.3,2,34,No,Sí,No trabaja,0,8.6,No,4,99.1,Sí,1,Medio,1,0
EST04976,Ingeniería Industrial,9,Vespertino,21,M,80.8,83.6,1,20,No,Sí,No trabaja,0,23.4,Sí,0,53.3,Sí,2,Bajo,0,0
EST04977,Ingeniería Industrial,9,Matutino,23,M,68.9,86.9,0,24,Sí,No,No trabaja,0,5.9,Sí,3,87.0,No,3,Bajo,0,0
EST04978,Licenciatura en Administración,9,Vespertino,20,F,70.4,95.5,1,25,No,Sí,No trabaja,0,0.5,No,6,77.4,No,1,Bajo,0,0
EST04979,Ingeniería Mecatrónica,9,Matutino,26,F,79.8,76.2,1,23,Sí,No,Tiempo completo,40,7.0,Sí,5,52.4,No,2,Alto,1,1
EST04980,Ingeniería Electromecánica,6,Matutino,23,F,85.4,98.4,1,27,No,No,No trabaja,0,5.2,Sí,7,98.0,No,5,Bajo,0,0
EST04981,Ingeniería en Gestión Empresarial,8,Vespertino,23,F,72.8,85.2,0,28,Sí,No,No trabaja,0,6.3,Sí,0,56.5,Sí,3,Bajo,0,0
EST04982,Ingeniería Electromecánica,3,Matutino,18,F,67.0,100,0,29,No,No,No trabaja,0,1.6,Sí,8,86.7,No,2,Bajo,0,1
EST04983,Contador Público,7,Matutino,20,F,69.7,90.8,3,26,Sí,No,No trabaja,0,0.5,Sí,4,85.9,No,2,Bajo,0,1
EST04984,Ingeniería en Gestión Empresarial,3,Vespertino,21,M,82.1,76.3,4,35,No,Sí,Tiempo completo,45,8.0,Sí,8,85.9,No,2,Medio,0,0
EST04985,Ingeniería Industrial,4,Vespertino,18,M,83.8,96.4,0,26,Sí,Sí,No trabaja,0,14.7,Sí,16,90.8,No,4,Bajo,0,0
EST04986,Ingeniería en Sistemas Computacionales,1,Vespertino,18,F,63.0,74.6,2,29,Sí,No,No trabaja,0,16.1,Sí,0,38.7,Sí,2,Alto,0,1
EST04987,Ingeniería en Sistemas Computacionales,4,Vespertino,22,M,66.1,69.0,2,33,No,No,No trabaja,0,4.5,Sí,5,94.1,No,2,Bajo,0,1
EST04988,Ingeniería en Sistemas Computacionales,10,Matutino,23,M,64.3,90.3,1,24,Sí,Sí,No trabaja,0,13.3,Sí,0,64.4,No,2,Bajo,0,0
EST04989,Licenciatura en Administración,7,Vespertino,24,M,75.6,87.7,0,25,No,No,No trabaja,0,11.4,No,8,65.8,No,3,Medio,0,0
EST04990,Ingeniería Civil,1,Matutino,17,F,64.9,100,1,30,No,Sí,Medio tiempo,22,10.8,Sí,12,96.3,No,1,Bajo,0,1
EST04991,Ingeniería Mecatrónica,3,Matutino,19,M,86.0,81.0,4,28,Sí,No,No trabaja,0,11.6,Sí,7,58.0,No,5,Bajo,0,0
EST04992,Ingeniería Electromecánica,4,Matutino,21,M,80.4,80.3,0,23,No,No,No trabaja,0,15.9,Sí,11,99.5,No,2,Bajo,0,0
EST04993,Ingeniería Industrial,8,Matutino,23,M,83.8,80.6,0,18,Sí,Sí,Medio tiempo,11,1.3,Sí,12,97.6,No,3,Bajo,0,0
EST04994,Contador Público,6,Matutino,20,M,82.7,84.9,0,19,Sí,Sí,Tiempo completo,31,11.4,Sí,13,100,No,3,Bajo,0,0
EST04995,Ingeniería en Gestión Empresarial,3,Vespertino,21,F,83.6,88.6,1,28,No,Sí,Medio tiempo,26,8.8,Sí,2,42.3,No,4,Bajo,0,0
EST04996,Ingeniería en Gestión Empresarial,8,Matutino,25,F,68.2,100,2,30,Sí,Sí,Tiempo completo,30,11.2,Sí,6,82.6,No,1,Bajo,0,0
EST04997,Ingeniería Electromecánica,8,Matutino,25,M,78.5,69.8,4,21,No,No,No trabaja,0,12.8,Sí,5,77.4,Sí,5,Medio,1,1
EST04998,Ingeniería en Sistemas Computacionales,5,Vespertino,19,M,85.5,99.7,2,22,Sí,No,Tiempo completo,30,14.5,Sí,14,38.8,No,3,Bajo,0,0
EST04999,Licenciatura en Administración,4,Vespertino,24,F,73.2,95.6,5,35,No,No,Medio tiempo,26,6.0,Sí,1,85.3,No,1,Medio,1,1
EST05000,Ingeniería Industrial,10,Vespertino,22,M,50.0,100,1,23,No,Sí,No trabaja,0,7.7,Sí,10,54.3,No,2,Medio,0,0
